Unnamed: 0,medication_name,category,type_final,frequency,source_split,source_index,target,term_from_line,term,term_norm,type_norm,frequency_raw,fasttext+xgboost__score,fasttext+xgboost__auc_score,fasttext+xgboost__brier_score,fasttext+xgboost__pred_default,BioWordVec__score,BioWordVec__auc_score,BioWordVec__brier_score,BioWordVec__pred_default,SpellChecker__score,SpellChecker__auc_score,SpellChecker__brier_score,SpellChecker__pred_default,BERTDrug__score,BERTDrug__auc_score,BERTDrug__brier_score,BERTDrug__pred_default,CharBERTDrug__score,CharBERTDrug__auc_score,CharBERTDrug__brier_score,CharBERTDrug__pred_default
0,multivitamins-minerals-lutein,correct drug name,IN,low,single,0,0,multivitamins-minerals-lutein,multivitamins-minerals-lutein,multivitamins-minerals-lutein,IN,low,3.161e-05,3.161e-05,3.161e-05,0,0.44496092,0.44496092,0.44496092,1,1.0,0.0,0.0,1,0.00027,0.00027,0.00027,0,0.00042,0.00042,0.00042,0
1,Dexbromphen-Acetaminophen,not sure,IN,low,single,1,1,Dexbromphen-Acetaminophen,Dexbromphen-Acetaminophen,dexbromphen-acetaminophen,IN,low,0.9998185,0.9998185,0.9998185,1,0.70772719,0.70772719,0.70772719,1,1.0,0.0,0.0,1,0.39555,0.39555,0.39555,0,0.99985,0.99985,0.99985,1
2,pen-k,correct short drug name,IN,low,single,2,0,pen-k,pen-k,pen-k,IN,low,0.99999487,0.99999487,0.99999487,1,0.70772719,0.70772719,0.70772719,1,1.0,1.0,0.25,1,0.00431,0.00431,0.00431,0,0.00407,0.00407,0.00407,0
3,LIDOCAINE-PRILOCAINE-MYLANTA,correct drug name,"BN,IN",low,single,3,0,LIDOCAINE-PRILOCAINE-MYLANTA,LIDOCAINE-PRILOCAINE-MYLANTA,lidocaine-prilocaine-mylanta,"BN, IN",low,0.70904851,0.70904851,0.70904851,1,0.70772719,0.70772719,0.70772719,1,1.0,0.0,0.0,1,0.00427,0.00427,0.00427,0,0.00034,0.00034,0.00034,0
4,Pain-Off,correct drug name,BN,low,single,4,0,Pain-Off,Pain-Off,pain-off,BN,low,0.00118095,0.00118095,0.00118095,0,0.70772719,0.70772719,0.70772719,1,1.0,0.0,0.0,1,0.00021,0.00021,0.00021,0,0.00037,0.00037,0.00037,0
5,tessalonPerles,correct drug name,BN,low,single,5,0,tessalonPerles,tessalonPerles,tessalonperles,BN,low,0.00297541,0.00297541,0.00297541,0,0.70772719,0.70772719,0.70772719,1,1.0,0.0,0.0,1,0.00741,0.00741,0.00741,0,0.99548,0.99548,0.99548,1
6,Dicl(3%)/Gaba(5GM)/Lido(2%)/Pril(3%),correct drug name,IN,low,single,6,0,Dicl(3%)/Gaba(5GM)/Lido(2%)/Pril(3%),Dicl(3%)/Gaba(5GM)/Lido(2%)/Pril(3%),dicl(3%)/gaba(5gm)/lido(2%)/pril(3%),IN,low,0.9999541,0.9999541,0.9999541,1,0.70772719,0.70772719,0.70772719,1,1.0,0.0,0.0,1,0.99963,0.99963,0.99963,1,0.99975,0.99975,0.99975,1
7,DEXAMETHORPHAN-GUAIFENESIN,mispelled drug name,IN,low,single,7,1,DEXAMETHORPHAN-GUAIFENESIN,DEXAMETHORPHAN-GUAIFENESIN,dexamethorphan-guaifenesin,IN,low,0.99999988,0.99999988,0.99999988,1,0.70772719,0.70772719,0.70772719,1,1.0,0.0,0.0,1,0.99781,0.99781,0.99781,1,0.99974,0.99974,0.99974,1
8,lidocaine-Cortisone,mispelled drug name,IN,low,single,8,1,lidocaine-Cortisone,lidocaine-Cortisone,lidocaine-cortisone,IN,low,0.0502446,0.0502446,0.0502446,0,0.70772719,0.70772719,0.70772719,1,1.0,0.0,0.0,1,0.00902,0.00902,0.00902,0,0.00059,0.00059,0.00059,0
9,Sensicare,correct drug name,BN,low,single,9,0,Sensicare,Sensicare,sensicare,BN,low,0.00592348,0.00592348,0.00592348,0,0.30825493,0.30825493,0.30825493,0,1.0,2.0,0.5,1,0.0015,0.0015,0.0015,0,0.0005,0.0005,0.0005,0
10,Veinerect,correct drug name,BN,low,single,10,0,Veinerect,Veinerect,veinerect,BN,low,7.8e-07,7.8e-07,7.8e-07,0,0.70772719,0.70772719,0.70772719,1,1.0,0.0,0.0,1,0.99942,0.99942,0.99942,1,0.99991,0.99991,0.99991,1
11,Vibramycin/NYST/DIPHENHYDR,correct short drug name,"BN,IN",low,single,11,0,Vibramycin/NYST/DIPHENHYDR,Vibramycin/NYST/DIPHENHYDR,vibramycin/nyst/diphenhydr,"BN, IN",low,8.385e-05,8.385e-05,8.385e-05,0,0.70772719,0.70772719,0.70772719,1,1.0,0.0,0.0,1,0.99994,0.99994,0.99994,1,0.99597,0.99597,0.99597,1
12,Acigest,correct short drug name,BN,low,single,12,0,Acigest,Acigest,acigest,BN,low,0.84674269,0.84674269,0.84674269,1,0.70772719,0.70772719,0.70772719,1,1.0,2.0,0.5,1,0.99963,0.99963,0.99963,1,0.99814,0.99814,0.99814,1
13,apap/hydrocodone,correct short drug name,IN,low,single,13,0,apap/hydrocodone,apap/hydrocodone,apap/hydrocodone,IN,low,0.00350865,0.00350865,0.00350865,0,0.70772719,0.70772719,0.70772719,1,1.0,0.0,0.0,1,0.001,0.001,0.001,0,0.00026,0.00026,0.00026,0
14,auralgan/benzocaine,correct drug name,"BN,IN",low,single,14,0,auralgan/benzocaine,auralgan/benzocaine,auralgan/benzocaine,"BN, IN",low,0.86566222,0.86566222,0.86566222,1,0.70772719,0.70772719,0.70772719,1,1.0,0.0,0.0,1,0.00099,0.00099,0.00099,0,0.58006,0.58006,0.58006,1
15,zinc/nizoral/westcort,correct drug name,"BN,IN",low,single,15,0,zinc/nizoral/westcort,zinc/nizoral/westcort,zinc/nizoral/westcort,"BN, IN",low,0.29748547,0.29748547,0.29748547,1,0.70772719,0.70772719,0.70772719,1,1.0,0.0,0.0,1,0.00359,0.00359,0.00359,0,0.24561,0.24561,0.24561,0
16,KCl-Lidocaine-NaCl,correct drug name,IN,low,single,16,0,KCl-Lidocaine-NaCl,KCl-Lidocaine-NaCl,kcl-lidocaine-nacl,IN,low,4.343e-05,4.343e-05,4.343e-05,0,0.70772719,0.70772719,0.70772719,1,1.0,0.0,0.0,1,0.00238,0.00238,0.00238,0,0.00068,0.00068,0.00068,0
17,HYDROCORTISONE-DIPHENHYDRAMINE-NYSTATIN,correct drug name,IN,low,single,17,0,HYDROCORTISONE-DIPHENHYDRAMINE-NYSTATIN,HYDROCORTISONE-DIPHENHYDRAMINE-NYSTATIN,hydrocortisone-diphenhydramine-nystatin,IN,low,2.752e-05,2.752e-05,2.752e-05,0,0.70772719,0.70772719,0.70772719,1,1.0,0.0,0.0,1,0.00313,0.00313,0.00313,0,0.00178,0.00178,0.00178,0
18,Aquaphore-Maalox,correct drug name,BN,low,single,18,0,Aquaphore-Maalox,Aquaphore-Maalox,aquaphore-maalox,BN,low,0.99999952,0.99999952,0.99999952,1,0.70772719,0.70772719,0.70772719,1,1.0,0.0,0.0,1,0.01804,0.01804,0.01804,0,0.00107,0.00107,0.00107,0
19,ativan/benadryl/Haldol/Reglan,correct drug name,BN,low,single,19,0,ativan/benadryl/Haldol/Reglan,ativan/benadryl/Haldol/Reglan,ativan/benadryl/haldol/reglan,BN,low,0.99999475,0.99999475,0.99999475,1,0.70772719,0.70772719,0.70772719,1,1.0,0.0,0.0,1,0.00037,0.00037,0.00037,0,0.00506,0.00506,0.00506,0
20,ativan/haldol/benadryl,correct drug name,BN,low,single,20,0,ativan/haldol/benadryl,ativan/haldol/benadryl,ativan/haldol/benadryl,BN,low,0.99999142,0.99999142,0.99999142,1,0.70772719,0.70772719,0.70772719,1,1.0,0.0,0.0,1,0.00032,0.00032,0.00032,0,0.00903,0.00903,0.00903,0
21,Oscal-500mg,correct drug name,BN,low,single,21,0,Oscal-500mg,Oscal-500mg,oscal-500mg,BN,low,6.218e-05,6.218e-05,6.218e-05,0,0.70772719,0.70772719,0.70772719,1,1.0,0.0,0.0,1,0.00172,0.00172,0.00172,0,0.02115,0.02115,0.02115,0
22,Finapod,correct short drug name,BN,low,single,22,0,Finapod,Finapod,finapod,BN,low,1.148e-05,1.148e-05,1.148e-05,0,0.70772719,0.70772719,0.70772719,1,1.0,2.0,0.5,1,0.0007,0.0007,0.0007,0,0.9804,0.9804,0.9804,1
23,Port-Prep,not sure,IN,low,single,23,1,Port-Prep,Port-Prep,port-prep,IN,low,0.9910745,0.9910745,0.9910745,1,0.70772719,0.70772719,0.70772719,1,1.0,0.0,0.0,1,0.03406,0.03406,0.03406,0,0.00046,0.00046,0.00046,0
24,Nepro(berry),correct short drug name,BN,low,single,24,0,Nepro(berry),Nepro(berry),nepro(berry),BN,low,6.4e-06,6.4e-06,6.4e-06,0,0.70772719,0.70772719,0.70772719,1,1.0,0.0,0.0,1,0.38129,0.38129,0.38129,0,0.00128,0.00128,0.00128,0
25,lidocaine-diphenhydramine-maalox-nystatin,correct drug name,"BN,IN",low,single,25,0,lidocaine-diphenhydramine-maalox-nystatin,lidocaine-diphenhydramine-maalox-nystatin,lidocaine-diphenhydramine-maalox-nystatin,"BN, IN",low,0.13939571,0.13939571,0.13939571,0,0.70772719,0.70772719,0.70772719,1,1.0,0.0,0.0,1,0.0008,0.0008,0.0008,0,0.63903,0.63903,0.63903,1
26,DM2,correct non-drug name,,low,single,26,0,DM2,DM2,dm2,nan,low,3.87e-06,3.87e-06,3.87e-06,0,0.53886104,0.53886104,0.53886104,1,1.0,3.0,0.75,1,0.90943,0.90943,0.90943,1,0.98099,0.98099,0.98099,1
27,"nystatin,zinc,bacitracin",correct drug name,IN,low,single,27,0,"nystatin,zinc,bacitracin","nystatin,zinc,bacitracin","nystatin,zinc,bacitracin",IN,low,0.01786094,0.01786094,0.01786094,0,0.70772719,0.70772719,0.70772719,1,1.0,0.0,0.0,1,0.00039,0.00039,0.00039,0,0.00066,0.00066,0.00066,0
28,glucosamin-chrond-msm-cal-115hc,mispelled drug name,IN,low,single,28,1,glucosamin-chrond-msm-cal-115hc,glucosamin-chrond-msm-cal-115hc,glucosamin-chrond-msm-cal-115hc,IN,low,0.3658728,0.3658728,0.3658728,1,0.70772719,0.70772719,0.70772719,1,1.0,0.0,0.0,1,0.99995,0.99995,0.99995,1,0.99976,0.99976,0.99976,1
29,b-complex/zinc,correct drug name,IN,low,single,29,0,b-complex/zinc,b-complex/zinc,b-complex/zinc,IN,low,0.9942674,0.9942674,0.9942674,1,0.70772719,0.70772719,0.70772719,1,1.0,0.0,0.0,1,0.00027,0.00027,0.00027,0,0.00035,0.00035,0.00035,0
30,earwaxMD,correct drug name,BN,low,single,30,0,earwaxMD,earwaxMD,earwaxmd,BN,low,0.85147452,0.85147452,0.85147452,1,0.70772719,0.70772719,0.70772719,1,1.0,2.0,0.5,1,0.99775,0.99775,0.99775,1,0.99705,0.99705,0.99705,1
31,Hydrophor/Maalox,correct drug name,BN,low,single,31,0,Hydrophor/Maalox,Hydrophor/Maalox,hydrophor/maalox,BN,low,0.999861,0.999861,0.999861,1,0.70772719,0.70772719,0.70772719,1,1.0,0.0,0.0,1,0.00035,0.00035,0.00035,0,0.75527,0.75527,0.75527,1
32,lidocainepatch,mispelled drug name,IN,low,single,32,1,lidocainepatch,lidocainepatch,lidocainepatch,IN,low,0.05803833,0.05803833,0.05803833,0,0.70772719,0.70772719,0.70772719,1,1.0,0.0,0.0,1,0.00129,0.00129,0.00129,0,0.99933,0.99933,0.99933,1
33,beclomethasone(QVAR),correct drug name,"BN,IN",low,single,33,0,beclomethasone(QVAR),beclomethasone(QVAR),beclomethasone(qvar),"BN, IN",low,9.254e-05,9.254e-05,9.254e-05,0,0.70772719,0.70772719,0.70772719,1,1.0,0.0,0.0,1,0.00206,0.00206,0.00206,0,0.00161,0.00161,0.00161,0
34,penveek,mispelled drug name,BN,low,single,34,1,penveek,penveek,penveek,BN,low,0.01056823,0.01056823,0.01056823,0,0.70772719,0.70772719,0.70772719,1,1.0,0.0,0.0,1,0.99743,0.99743,0.99743,1,0.99942,0.99942,0.99942,1
35,calcium-magnesium--zinc,correct drug name,IN,low,single,35,0,calcium-magnesium--zinc,calcium-magnesium--zinc,calcium-magnesium--zinc,IN,low,4.586e-05,4.586e-05,4.586e-05,0,0.70772719,0.70772719,0.70772719,1,1.0,0.0,0.0,1,0.99989,0.99989,0.99989,1,0.99657,0.99657,0.99657,1
36,procardiaxl,correct drug name,BN,low,single,36,0,procardiaxl,procardiaxl,procardiaxl,BN,low,0.99876428,0.99876428,0.99876428,1,0.70772719,0.70772719,0.70772719,1,1.0,2.0,0.5,1,0.99843,0.99843,0.99843,1,0.99939,0.99939,0.99939,1
37,A-Mantle,correct drug name,BN,low,single,37,0,A-Mantle,A-Mantle,a-mantle,BN,low,7.615e-05,7.615e-05,7.615e-05,0,0.70772719,0.70772719,0.70772719,1,0.0,0.0,0.0,0,0.00054,0.00054,0.00054,0,0.00081,0.00081,0.00081,0
38,menipenin,mispelled drug name,IN,low,single,38,1,menipenin,menipenin,menipenin,IN,low,0.92151743,0.92151743,0.92151743,1,0.70772719,0.70772719,0.70772719,1,1.0,0.0,0.0,1,0.99312,0.99312,0.99312,1,0.87514,0.87514,0.87514,1
39,MG200/AL200/Simeth20/5ml,mispelled drug name,IN,low,single,39,1,MG200/AL200/Simeth20/5ml,MG200/AL200/Simeth20/5ml,mg200/al200/simeth20/5ml,IN,low,0.9925189,0.9925189,0.9925189,1,0.70772719,0.70772719,0.70772719,1,1.0,0.0,0.0,1,0.99986,0.99986,0.99986,1,0.99967,0.99967,0.99967,1
40,lido/prilo/nabam/gaba,correct short drug name,IN,low,single,40,0,lido/prilo/nabam/gaba,lido/prilo/nabam/gaba,lido/prilo/nabam/gaba,IN,low,0.99999976,0.99999976,0.99999976,1,0.70772719,0.70772719,0.70772719,1,1.0,0.0,0.0,1,0.99917,0.99917,0.99917,1,0.83607,0.83607,0.83607,1
41,Lubrasol,not sure,BN,low,single,41,1,Lubrasol,Lubrasol,lubrasol,BN,low,9.98e-06,9.98e-06,9.98e-06,0,0.70772719,0.70772719,0.70772719,1,1.0,2.0,0.5,1,0.0106,0.0106,0.0106,0,0.18429,0.18429,0.18429,0
42,ceravie,mispelled drug name,BN,low,single,42,1,ceravie,ceravie,ceravie,BN,low,0.99999309,0.99999309,0.99999309,1,0.70772719,0.70772719,0.70772719,1,1.0,1.0,0.25,1,0.99704,0.99704,0.99704,1,0.99828,0.99828,0.99828,1
43,KRO,not sure,BN,low,single,43,1,KRO,KRO,kro,BN,low,2.55e-06,2.55e-06,2.55e-06,0,0.73170084,0.73170084,0.73170084,1,1.0,3.0,0.75,1,0.99986,0.99986,0.99986,1,0.9796,0.9796,0.9796,1
44,PCN-VK,correct drug name,BN,low,single,44,0,PCN-VK,PCN-VK,pcn-vk,BN,low,7.207e-05,7.207e-05,7.207e-05,0,0.3565388,0.3565388,0.3565388,0,1.0,5.0,1.0,1,0.24092,0.24092,0.24092,0,0.01224,0.01224,0.01224,0
45,influ,not sure,BN,low,single,45,1,influ,influ,influ,BN,low,1.81e-05,1.81e-05,1.81e-05,0,0.56768084,0.56768084,0.56768084,1,1.0,1.0,0.25,1,0.00083,0.00083,0.00083,0,0.87511,0.87511,0.87511,1
46,willow,not sure,IN,low,single,46,1,willow,willow,willow,IN,low,1.927e-05,1.927e-05,1.927e-05,0,0.5327794,0.5327794,0.5327794,1,0.0,0.0,0.0,0,0.00084,0.00084,0.00084,0,0.00027,0.00027,0.00027,0
47,coum,not sure,BN,low,single,47,1,coum,coum,coum,BN,low,0.99996674,0.99996674,0.99996674,1,0.44724625,0.44724625,0.44724625,1,1.0,1.0,0.25,1,0.99967,0.99967,0.99967,1,0.69559,0.69559,0.69559,1
48,MPP,not sure,BN,low,single,48,1,MPP,MPP,mpp,BN,low,2.92e-06,2.92e-06,2.92e-06,0,0.56512201,0.56512201,0.56512201,1,1.0,3.0,0.75,1,0.97464,0.97464,0.97464,1,0.00244,0.00244,0.00244,0
49,0.009,not sure,IN,low,single,49,1,0.009,0.009,0.009,IN,low,6.96e-06,6.96e-06,6.96e-06,0,0.70762378,0.70762378,0.70762378,1,1.0,0.0,0.0,1,0.91246,0.91246,0.91246,1,0.96515,0.96515,0.96515,1
50,veetid,mispelled drug name,BN,low,single,50,1,veetid,veetid,veetid,BN,low,0.99999738,0.99999738,0.99999738,1,0.70772719,0.70772719,0.70772719,1,1.0,2.0,0.5,1,0.99969,0.99969,0.99969,1,0.9998,0.9998,0.9998,1
51,Besiavance,mispelled drug name,BN,low,single,51,1,Besiavance,Besiavance,besiavance,BN,low,1.95e-06,1.95e-06,1.95e-06,0,0.70772719,0.70772719,0.70772719,1,1.0,2.0,0.5,1,0.99873,0.99873,0.99873,1,0.99942,0.99942,0.99942,1
52,albuteral-ipratropium,mispelled drug name,IN,low,single,52,1,albuteral-ipratropium,albuteral-ipratropium,albuteral-ipratropium,IN,low,0.0009413,0.0009413,0.0009413,0,0.35301363,0.35301363,0.35301363,0,1.0,1.0,0.25,1,0.0027,0.0027,0.0027,0,0.34457,0.34457,0.34457,0
53,imprims,mispelled drug name,BN,low,single,53,1,imprims,imprims,imprims,BN,low,1.364e-05,1.364e-05,1.364e-05,0,0.70772719,0.70772719,0.70772719,1,1.0,1.0,0.25,1,0.99273,0.99273,0.99273,1,0.99987,0.99987,0.99987,1
54,compressor/nebulizer,correct drug name,IN,low,single,54,0,compressor/nebulizer,compressor/nebulizer,compressor/nebulizer,IN,low,0.00167874,0.00167874,0.00167874,0,0.39533436,0.39533436,0.39533436,1,1.0,0.0,0.0,1,0.00041,0.00041,0.00041,0,0.00056,0.00056,0.00056,0
55,Sheri-B-12,correct drug name,BN,low,single,55,0,Sheri-B-12,Sheri-B-12,sheri-b-12,BN,low,0.93254584,0.93254584,0.93254584,1,0.70772719,0.70772719,0.70772719,1,0.0,0.0,0.0,0,0.99948,0.99948,0.99948,1,0.99974,0.99974,0.99974,1
56,tamsulosin0.4mg,mispelled drug name,IN,low,single,56,1,tamsulosin0.4mg,tamsulosin0.4mg,tamsulosin0.4mg,IN,low,0.99998641,0.99998641,0.99998641,1,0.70772719,0.70772719,0.70772719,1,1.0,0.0,0.0,1,0.99979,0.99979,0.99979,1,0.9999,0.9999,0.9999,1
57,"epogen20,000units/ml",mispelled drug name,BN,low,single,57,1,"epogen20,000units/ml","epogen20,000units/ml","epogen20,000units/ml",BN,low,0.99999952,0.99999952,0.99999952,1,0.70772719,0.70772719,0.70772719,1,1.0,0.0,0.0,1,0.00451,0.00451,0.00451,0,0.99959,0.99959,0.99959,1
58,AFC,correct non-drug name,,low,single,58,0,AFC,AFC,afc,nan,low,6.88e-06,6.88e-06,6.88e-06,0,0.57306385,0.57306385,0.57306385,1,1.0,3.0,0.75,1,0.96077,0.96077,0.96077,1,0.99766,0.99766,0.99766,1
59,Polymatrix,correct drug name,BN,low,single,59,0,Polymatrix,Polymatrix,polymatrix,BN,low,8.57e-06,8.57e-06,8.57e-06,0,0.36845696,0.36845696,0.36845696,0,1.0,3.0,0.75,1,0.00196,0.00196,0.00196,0,0.97075,0.97075,0.97075,1
60,Cryofood,correct non-drug name,,low,single,60,0,Cryofood,Cryofood,cryofood,nan,low,0.99999881,0.99999881,0.99999881,1,0.70772719,0.70772719,0.70772719,1,1.0,0.0,0.0,1,0.99982,0.99982,0.99982,1,0.09901,0.09901,0.09901,0
61,Aunsol-HC,mispelled drug name,BN,low,single,61,1,Aunsol-HC,Aunsol-HC,aunsol-hc,BN,low,1.45e-06,1.45e-06,1.45e-06,0,0.70772719,0.70772719,0.70772719,1,1.0,5.0,1.0,1,0.99993,0.99993,0.99993,1,0.99982,0.99982,0.99982,1
62,unazinc,mispelled drug name,BN,low,single,62,1,unazinc,unazinc,unazinc,BN,low,0.99999595,0.99999595,0.99999595,1,0.70772719,0.70772719,0.70772719,1,1.0,2.0,0.5,1,0.99988,0.99988,0.99988,1,0.98466,0.98466,0.98466,1
63,DicloPR,correct drug name,BN,low,single,63,0,DicloPR,DicloPR,diclopr,BN,low,0.92498881,0.92498881,0.92498881,1,0.70772719,0.70772719,0.70772719,1,1.0,3.0,0.75,1,0.99991,0.99991,0.99991,1,0.99635,0.99635,0.99635,1
64,capflow,mispelled drug name,BN,low,single,64,1,capflow,capflow,capflow,BN,low,0.99692911,0.99692911,0.99692911,1,0.70772719,0.70772719,0.70772719,1,1.0,2.0,0.5,1,0.98804,0.98804,0.98804,1,0.99906,0.99906,0.99906,1
65,multivit-min-Fa-lycopen-luten,mispelled drug name,IN,low,single,65,1,multivit-min-Fa-lycopen-luten,multivit-min-Fa-lycopen-luten,multivit-min-fa-lycopen-luten,IN,low,0.64701849,0.64701849,0.64701849,1,0.70772719,0.70772719,0.70772719,1,1.0,0.0,0.0,1,0.72217,0.72217,0.72217,1,0.98248,0.98248,0.98248,1
66,Galaxtra,correct drug name,BN,low,single,66,0,Galaxtra,Galaxtra,galaxtra,BN,low,0.99999952,0.99999952,0.99999952,1,0.70772719,0.70772719,0.70772719,1,1.0,3.0,0.75,1,0.00336,0.00336,0.00336,0,0.86979,0.86979,0.86979,1
67,kayexalate/sps,correct drug name,BN,low,single,67,0,kayexalate/sps,kayexalate/sps,kayexalate/sps,BN,low,0.99989557,0.99989557,0.99989557,1,0.70772719,0.70772719,0.70772719,1,1.0,0.0,0.0,1,0.99977,0.99977,0.99977,1,0.97806,0.97806,0.97806,1
68,cyclopenzaprine,mispelled drug name,IN,low,single,68,1,cyclopenzaprine,cyclopenzaprine,cyclopenzaprine,IN,low,1.288e-05,1.288e-05,1.288e-05,0,0.072795,0.072795,0.072795,0,1.0,1.0,0.25,1,0.99563,0.99563,0.99563,1,0.99498,0.99498,0.99498,1
69,fluvax,correct drug name,BN,low,single,69,0,fluvax,fluvax,fluvax,BN,low,1.151e-05,1.151e-05,1.151e-05,0,0.2329735,0.2329735,0.2329735,0,1.0,2.0,0.5,1,0.00121,0.00121,0.00121,0,0.99945,0.99945,0.99945,1
70,acetylcyst-mecobal-L-mefolate,correct drug name,IN,low,single,70,0,acetylcyst-mecobal-L-mefolate,acetylcyst-mecobal-L-mefolate,acetylcyst-mecobal-l-mefolate,IN,low,0.95723355,0.95723355,0.95723355,1,0.70772719,0.70772719,0.70772719,1,1.0,0.0,0.0,1,0.99931,0.99931,0.99931,1,0.99147,0.99147,0.99147,1
71,levison,mispelled drug name,BN,low,single,71,1,levison,levison,levison,BN,low,0.95464206,0.95464206,0.95464206,1,0.52561486,0.52561486,0.52561486,1,1.0,2.0,0.5,1,0.0093,0.0093,0.0093,0,0.9952,0.9952,0.9952,1
72,albuterol-Ipratrolium,mispelled drug name,IN,low,single,72,1,albuterol-Ipratrolium,albuterol-Ipratrolium,albuterol-ipratrolium,IN,low,0.00041841,0.00041841,0.00041841,0,0.70772719,0.70772719,0.70772719,1,1.0,2.0,0.5,1,0.99982,0.99982,0.99982,1,0.00027,0.00027,0.00027,0
73,cynanocobalamin,mispelled drug name,IN,low,single,73,1,cynanocobalamin,cynanocobalamin,cynanocobalamin,IN,low,0.00605394,0.00605394,0.00605394,0,0.70772719,0.70772719,0.70772719,1,1.0,1.0,0.25,1,0.99986,0.99986,0.99986,1,0.03104,0.03104,0.03104,0
74,Hydrocodone7.5?325,mispelled drug name,IN,low,single,74,1,Hydrocodone7.5?325,Hydrocodone7.5?325,hydrocodone7.5?325,IN,low,0.02164559,0.02164559,0.02164559,0,0.70772719,0.70772719,0.70772719,1,1.0,0.0,0.0,1,0.99989,0.99989,0.99989,1,0.9999,0.9999,0.9999,1
75,cetirizine/loratadine,correct drug name,IN,low,single,75,0,cetirizine/loratadine,cetirizine/loratadine,cetirizine/loratadine,IN,low,0.61147231,0.61147231,0.61147231,1,0.70772719,0.70772719,0.70772719,1,1.0,0.0,0.0,1,0.0005,0.0005,0.0005,0,0.00025,0.00025,0.00025,0
76,Zenoptiq,correct drug name,BN,low,single,76,0,Zenoptiq,Zenoptiq,zenoptiq,BN,low,0.71006513,0.71006513,0.71006513,1,0.70772719,0.70772719,0.70772719,1,1.0,2.0,0.5,1,0.99957,0.99957,0.99957,1,0.99087,0.99087,0.99087,1
77,cylate,correct drug name,BN,low,single,77,0,cylate,cylate,cylate,BN,low,0.97460324,0.97460324,0.97460324,1,0.70772719,0.70772719,0.70772719,1,0.0,0.0,0.0,0,0.00864,0.00864,0.00864,0,0.99984,0.99984,0.99984,1
78,CBDoil,mispelled drug name,IN,low,single,78,1,CBDoil,CBDoil,cbdoil,IN,low,0.81892955,0.81892955,0.81892955,1,0.70772719,0.70772719,0.70772719,1,1.0,3.0,0.75,1,0.99997,0.99997,0.99997,1,0.99968,0.99968,0.99968,1
79,Bromi-Lotion,correct drug name,BN,low,single,79,0,Bromi-Lotion,Bromi-Lotion,bromi-lotion,BN,low,1.002e-05,1.002e-05,1.002e-05,0,0.70772719,0.70772719,0.70772719,1,1.0,0.0,0.0,1,0.08177,0.08177,0.08177,0,0.01602,0.01602,0.01602,0
80,CONFIANZA,correct non-drug name,,low,single,80,0,CONFIANZA,CONFIANZA,confianza,nan,low,0.35282007,0.35282007,0.35282007,1,0.32574329,0.32574329,0.32574329,0,1.0,0.0,0.0,1,0.00239,0.00239,0.00239,0,0.00216,0.00216,0.00216,0
81,Tranzarel,correct drug name,BN,low,single,81,0,Tranzarel,Tranzarel,tranzarel,BN,low,0.83480912,0.83480912,0.83480912,1,0.70772719,0.70772719,0.70772719,1,0.0,0.0,0.0,0,0.00396,0.00396,0.00396,0,0.00031,0.00031,0.00031,0
82,colchlys,mispelled drug name,BN,low,single,82,1,colchlys,colchlys,colchlys,BN,low,0.51030153,0.51030153,0.51030153,1,0.70772719,0.70772719,0.70772719,1,1.0,2.0,0.5,1,0.08573,0.08573,0.08573,0,0.85932,0.85932,0.85932,1
83,multivatmin,mispelled drug name,IN,low,single,83,1,multivatmin,multivatmin,multivatmin,IN,low,0.67310363,0.67310363,0.67310363,1,0.40401512,0.40401512,0.40401512,1,1.0,2.0,0.5,1,0.99975,0.99975,0.99975,1,0.98648,0.98648,0.98648,1
84,Lithlum,mispelled drug name,IN,low,single,84,1,Lithlum,Lithlum,lithlum,IN,low,0.99999261,0.99999261,0.99999261,1,0.70772719,0.70772719,0.70772719,1,1.0,2.0,0.5,1,0.9995,0.9995,0.9995,1,0.99991,0.99991,0.99991,1
85,Chlophedianol-guaiFENesin,correct drug name,IN,low,single,85,0,Chlophedianol-guaiFENesin,Chlophedianol-guaiFENesin,chlophedianol-guaifenesin,IN,low,0.99787784,0.99787784,0.99787784,1,0.70772719,0.70772719,0.70772719,1,1.0,0.0,0.0,1,0.00173,0.00173,0.00173,0,0.04476,0.04476,0.04476,0
86,pyridoxime,mispelled drug name,IN,low,single,86,1,pyridoxime,pyridoxime,pyridoxime,IN,low,5.307e-05,5.307e-05,5.307e-05,0,0.20148146,0.20148146,0.20148146,0,1.0,1.0,0.25,1,0.00048,0.00048,0.00048,0,0.99886,0.99886,0.99886,1
87,hydrochloraquine,mispelled drug name,IN,low,single,87,1,hydrochloraquine,hydrochloraquine,hydrochloraquine,IN,low,5.407e-05,5.407e-05,5.407e-05,0,0.09565084,0.09565084,0.09565084,0,1.0,0.0,0.0,1,0.00218,0.00218,0.00218,0,0.9985,0.9985,0.9985,1
88,hydrdalazine,mispelled drug name,IN,low,single,88,1,hydrdalazine,hydrdalazine,hydrdalazine,IN,low,0.302479,0.302479,0.302479,1,0.17822412,0.17822412,0.17822412,0,1.0,1.0,0.25,1,0.99991,0.99991,0.99991,1,0.99987,0.99987,0.99987,1
89,clobestasol,mispelled drug name,BN,low,single,89,1,clobestasol,clobestasol,clobestasol,BN,low,9.56e-06,9.56e-06,9.56e-06,0,0.17906021,0.17906021,0.17906021,0,1.0,1.0,0.25,1,0.00703,0.00703,0.00703,0,0.99934,0.99934,0.99934,1
90,trodjouta,mispelled drug name,BN,low,single,90,1,trodjouta,trodjouta,trodjouta,BN,low,0.99995625,0.99995625,0.99995625,1,0.70772719,0.70772719,0.70772719,1,1.0,0.0,0.0,1,0.99981,0.99981,0.99981,1,0.99868,0.99868,0.99868,1
91,KelaRx,correct drug name,BN,low,single,91,0,KelaRx,KelaRx,kelarx,BN,low,0.00014474,0.00014474,0.00014474,0,0.70772719,0.70772719,0.70772719,1,1.0,2.0,0.5,1,0.01926,0.01926,0.01926,0,0.99981,0.99981,0.99981,1
92,saxagiliptin,mispelled drug name,IN,low,single,92,1,saxagiliptin,saxagiliptin,saxagiliptin,IN,low,0.00030603,0.00030603,0.00030603,0,0.70772719,0.70772719,0.70772719,1,1.0,1.0,0.25,1,0.01295,0.01295,0.01295,0,0.99466,0.99466,0.99466,1
93,UTA,correct drug name,BN,low,single,93,0,UTA,UTA,uta,BN,low,2.61e-06,2.61e-06,2.61e-06,0,0.70412636,0.70412636,0.70412636,1,0.0,0.0,0.0,0,0.98911,0.98911,0.98911,1,0.99843,0.99843,0.99843,1
94,clopogrel,mispelled drug name,IN,low,single,94,1,clopogrel,clopogrel,clopogrel,IN,low,0.68541849,0.68541849,0.68541849,1,0.70772719,0.70772719,0.70772719,1,1.0,2.0,0.5,1,0.02735,0.02735,0.02735,0,0.99138,0.99138,0.99138,1
95,Omelsartan,mispelled drug name,IN,low,single,95,1,Omelsartan,Omelsartan,omelsartan,IN,low,4.917e-05,4.917e-05,4.917e-05,0,0.70772719,0.70772719,0.70772719,1,1.0,3.0,0.75,1,0.99741,0.99741,0.99741,1,0.997,0.997,0.997,1
96,tenoretic,correct drug name,BN,low,single,96,0,tenoretic,tenoretic,tenoretic,BN,low,5.95e-06,5.95e-06,5.95e-06,0,0.2141818,0.2141818,0.2141818,0,0.0,0.0,0.0,0,0.00034,0.00034,0.00034,0,0.00108,0.00108,0.00108,0
97,peri-colace/senekot-s,mispelled drug name,BN,low,single,97,1,peri-colace/senekot-s,peri-colace/senekot-s,peri-colace/senekot-s,BN,low,0.85493022,0.85493022,0.85493022,1,0.70772719,0.70772719,0.70772719,1,1.0,0.0,0.0,1,0.99955,0.99955,0.99955,1,0.00092,0.00092,0.00092,0
98,passionflower,correct drug name,BN,low,single,98,0,passionflower,passionflower,passionflower,BN,low,0.99517173,0.99517173,0.99517173,1,0.45105222,0.45105222,0.45105222,1,0.0,0.0,0.0,0,0.00059,0.00059,0.00059,0,0.99986,0.99986,0.99986,1
99,clartin,mispelled drug name,BN,low,single,99,1,clartin,clartin,clartin,BN,low,3.52e-06,3.52e-06,3.52e-06,0,0.70772719,0.70772719,0.70772719,1,1.0,1.0,0.25,1,0.99969,0.99969,0.99969,1,0.9989,0.9989,0.9989,1
100,chochicine,mispelled drug name,IN,low,single,100,1,chochicine,chochicine,chochicine,IN,low,7.44e-06,7.44e-06,7.44e-06,0,0.31152579,0.31152579,0.31152579,0,1.0,2.0,0.5,1,0.05348,0.05348,0.05348,0,0.99953,0.99953,0.99953,1
101,Malnupirvir,mispelled drug name,IN,low,single,101,1,Malnupirvir,Malnupirvir,malnupirvir,IN,low,0.99673587,0.99673587,0.99673587,1,0.70772719,0.70772719,0.70772719,1,1.0,3.0,0.75,1,0.99986,0.99986,0.99986,1,0.99674,0.99674,0.99674,1
102,bractroban,mispelled drug name,BN,low,single,102,1,bractroban,bractroban,bractroban,BN,low,2.05e-06,2.05e-06,2.05e-06,0,0.24460411,0.24460411,0.24460411,0,1.0,0.0,0.0,1,0.00093,0.00093,0.00093,0,0.00363,0.00363,0.00363,0
103,Z=Pack,mispelled drug name,BN,low,single,103,1,Z=Pack,Z=Pack,z=pack,BN,low,0.99999988,0.99999988,0.99999988,1,0.70772719,0.70772719,0.70772719,1,1.0,3.0,0.75,1,0.38139,0.38139,0.38139,0,0.99778,0.99778,0.99778,1
104,toradex,mispelled drug name,BN,low,single,104,1,toradex,toradex,toradex,BN,low,1.368e-05,1.368e-05,1.368e-05,0,0.70772719,0.70772719,0.70772719,1,1.0,1.0,0.25,1,0.01046,0.01046,0.01046,0,0.00051,0.00051,0.00051,0
105,reversetrol,mispelled drug name,IN,low,single,105,1,reversetrol,reversetrol,reversetrol,IN,low,0.45798555,0.45798555,0.45798555,1,0.70772719,0.70772719,0.70772719,1,1.0,0.0,0.0,1,0.99909,0.99909,0.99909,1,0.99937,0.99937,0.99937,1
106,Leusin,mispelled drug name,BN,low,single,106,1,Leusin,Leusin,leusin,BN,low,0.99999905,0.99999905,0.99999905,1,0.70772719,0.70772719,0.70772719,1,1.0,2.0,0.5,1,0.99956,0.99956,0.99956,1,0.01306,0.01306,0.01306,0
107,salmeterol,correct drug name,IN,low,single,107,0,salmeterol,salmeterol,salmeterol,IN,low,6.28e-06,6.28e-06,6.28e-06,0,0.39984435,0.39984435,0.39984435,1,0.0,0.0,0.0,0,0.00074,0.00074,0.00074,0,0.00066,0.00066,0.00066,0
108,ketocanozole,mispelled drug name,IN,low,single,108,1,ketocanozole,ketocanozole,ketocanozole,IN,low,2.918e-05,2.918e-05,2.918e-05,0,0.09920545,0.09920545,0.09920545,0,1.0,2.0,0.5,1,0.99965,0.99965,0.99965,1,0.92431,0.92431,0.92431,1
109,unistat,mispelled drug name,BN,low,single,109,1,unistat,unistat,unistat,BN,low,2.647e-05,2.647e-05,2.647e-05,0,0.08544354,0.08544354,0.08544354,0,1.0,1.0,0.25,1,0.00052,0.00052,0.00052,0,0.01025,0.01025,0.01025,0
110,odansterion,mispelled drug name,IN,low,single,110,1,odansterion,odansterion,odansterion,IN,low,0.99387735,0.99387735,0.99387735,1,0.70772719,0.70772719,0.70772719,1,1.0,0.0,0.0,1,0.99841,0.99841,0.99841,1,0.9784,0.9784,0.9784,1
111,ducolox,mispelled drug name,BN,low,single,111,1,ducolox,ducolox,ducolox,BN,low,0.8914085,0.8914085,0.8914085,1,0.27064726,0.27064726,0.27064726,0,1.0,2.0,0.5,1,0.98841,0.98841,0.98841,1,0.00139,0.00139,0.00139,0
112,Questral,mispelled drug name,BN,low,single,112,1,Questral,Questral,questral,BN,low,0.99999952,0.99999952,0.99999952,1,0.70772719,0.70772719,0.70772719,1,1.0,2.0,0.5,1,0.78943,0.78943,0.78943,1,0.03202,0.03202,0.03202,0
113,Fenofibrate-54mg-tabs,correct drug name,"BN,IN",low,single,113,0,Fenofibrate-54mg-tabs,Fenofibrate-54mg-tabs,fenofibrate-54mg-tabs,"BN, IN",low,0.9895578,0.9895578,0.9895578,1,0.70772719,0.70772719,0.70772719,1,1.0,0.0,0.0,1,0.98224,0.98224,0.98224,1,0.06967,0.06967,0.06967,0
114,Megared,correct drug name,BN,low,single,114,0,Megared,Megared,megared,BN,low,0.00330239,0.00330239,0.00330239,0,0.49602088,0.49602088,0.49602088,1,0.0,0.0,0.0,0,0.0022,0.0022,0.0022,0,0.00104,0.00104,0.00104,0
115,Amturnide,correct drug name,BN,low,single,115,0,Amturnide,Amturnide,amturnide,BN,low,1.326e-05,1.326e-05,1.326e-05,0,0.21811461,0.21811461,0.21811461,0,0.0,0.0,0.0,0,0.00837,0.00837,0.00837,0,0.00422,0.00422,0.00422,0
116,Optimoist,correct drug name,BN,low,single,116,0,Optimoist,Optimoist,optimoist,BN,low,3.9e-06,3.9e-06,3.9e-06,0,0.17727338,0.17727338,0.17727338,0,0.0,0.0,0.0,0,0.00047,0.00047,0.00047,0,0.0009,0.0009,0.0009,0
117,Fenovas,correct drug name,BN,low,single,117,0,Fenovas,Fenovas,fenovas,BN,low,5.686e-05,5.686e-05,5.686e-05,0,0.70772719,0.70772719,0.70772719,1,1.0,3.0,0.75,1,0.52681,0.52681,0.52681,1,0.99954,0.99954,0.99954,1
118,miacid,mispelled drug name,BN,low,single,118,1,miacid,miacid,miacid,BN,low,0.99659985,0.99659985,0.99659985,1,0.25614259,0.25614259,0.25614259,0,1.0,1.0,0.25,1,0.99854,0.99854,0.99854,1,0.99987,0.99987,0.99987,1
119,Codal-DM,correct drug name,BN,low,single,119,0,Codal-DM,Codal-DM,codal-dm,BN,low,7.309e-05,7.309e-05,7.309e-05,0,0.70772719,0.70772719,0.70772719,1,0.0,0.0,0.0,0,0.00071,0.00071,0.00071,0,0.00253,0.00253,0.00253,0
120,acidolphilus,mispelled drug name,IN,low,single,120,1,acidolphilus,acidolphilus,acidolphilus,IN,low,7.39e-06,7.39e-06,7.39e-06,0,0.5032919,0.5032919,0.5032919,1,1.0,1.0,0.25,1,0.99822,0.99822,0.99822,1,0.99848,0.99848,0.99848,1
121,cloraseptic,mispelled drug name,BN,low,single,121,1,cloraseptic,cloraseptic,cloraseptic,BN,low,3.009e-05,3.009e-05,3.009e-05,0,0.32402268,0.32402268,0.32402268,0,1.0,1.0,0.25,1,0.99923,0.99923,0.99923,1,0.97063,0.97063,0.97063,1
122,Steri-Strips,correct non-drug name,BN,low,single,122,0,Steri-Strips,Steri-Strips,steri-strips,BN,low,0.14010054,0.14010054,0.14010054,0,0.3201265,0.3201265,0.3201265,0,1.0,0.0,0.0,1,0.0002,0.0002,0.0002,0,0.00035,0.00035,0.00035,0
123,Lopramidine,mispelled drug name,IN,low,single,123,1,Lopramidine,Lopramidine,lopramidine,IN,low,3.64e-06,3.64e-06,3.64e-06,0,0.70772719,0.70772719,0.70772719,1,1.0,0.0,0.0,1,0.01914,0.01914,0.01914,0,0.21031,0.21031,0.21031,0
124,MV-FA-biotin,correct drug name,"BN,IN",low,single,124,0,MV-FA-biotin,MV-FA-biotin,mv-fa-biotin,"BN, IN",low,0.988612,0.988612,0.988612,1,0.70772719,0.70772719,0.70772719,1,1.0,0.0,0.0,1,0.44697,0.44697,0.44697,0,0.65041,0.65041,0.65041,1
125,Mycology,correct non-drug name,,low,single,125,0,Mycology,Mycology,mycology,nan,low,0.99999905,0.99999905,0.99999905,1,0.36827496,0.36827496,0.36827496,0,0.0,0.0,0.0,0,0.0038,0.0038,0.0038,0,0.00086,0.00086,0.00086,0
126,methyprednisone,mispelled drug name,IN,low,single,126,1,methyprednisone,methyprednisone,methyprednisone,IN,low,0.99997628,0.99997628,0.99997628,1,0.27176505,0.27176505,0.27176505,0,1.0,1.0,0.25,1,0.99782,0.99782,0.99782,1,0.00087,0.00087,0.00087,0
127,Multi-Vit-Flor,correct drug name,BN,low,single,127,0,Multi-Vit-Flor,Multi-Vit-Flor,multi-vit-flor,BN,low,0.00071716,0.00071716,0.00071716,0,0.70772719,0.70772719,0.70772719,1,0.0,0.0,0.0,0,0.99749,0.99749,0.99749,1,0.00983,0.00983,0.00983,0
128,Estropripate,mispelled drug name,IN,low,single,128,1,Estropripate,Estropripate,estropripate,IN,low,0.99999988,0.99999988,0.99999988,1,0.70772719,0.70772719,0.70772719,1,1.0,2.0,0.5,1,0.99749,0.99749,0.99749,1,0.90455,0.90455,0.90455,1
129,Hydrocortisone-lidocaine,correct drug name,BN,low,single,129,0,Hydrocortisone-lidocaine,Hydrocortisone-lidocaine,hydrocortisone-lidocaine,BN,low,0.99239928,0.99239928,0.99239928,1,0.23512049,0.23512049,0.23512049,0,0.0,0.0,0.0,0,0.0045,0.0045,0.0045,0,0.00455,0.00455,0.00455,0
130,soapsuds,correct short drug name,IN,low,single,130,0,soapsuds,soapsuds,soapsuds,IN,low,0.99999917,0.99999917,0.99999917,1,0.36681676,0.36681676,0.36681676,0,0.0,0.0,0.0,0,0.99977,0.99977,0.99977,1,0.95524,0.95524,0.95524,1
131,FLAGGYL,mispelled drug name,BN,low,single,131,1,FLAGGYL,FLAGGYL,flaggyl,BN,low,4.06e-06,4.06e-06,4.06e-06,0,0.35140061,0.35140061,0.35140061,0,1.0,7.0,1.0,1,0.99974,0.99974,0.99974,1,0.9572,0.9572,0.9572,1
132,lactobicillus,mispelled drug name,IN,low,single,132,1,lactobicillus,lactobicillus,lactobicillus,IN,low,0.00026541,0.00026541,0.00026541,0,0.70772719,0.70772719,0.70772719,1,1.0,1.0,0.25,1,0.98926,0.98926,0.98926,1,0.95679,0.95679,0.95679,1
133,Appe-Curb,correct drug name,BN,low,single,133,0,Appe-Curb,Appe-Curb,appe-curb,BN,low,0.9999994,0.9999994,0.9999994,1,0.70772719,0.70772719,0.70772719,1,0.0,0.0,0.0,0,0.00071,0.00071,0.00071,0,0.00065,0.00065,0.00065,0
134,Foradil,correct drug name,BN,low,single,134,0,Foradil,Foradil,foradil,BN,low,8.85e-06,8.85e-06,8.85e-06,0,0.14559031,0.14559031,0.14559031,0,0.0,0.0,0.0,0,0.00029,0.00029,0.00029,0,0.00381,0.00381,0.00381,0
135,coreq12.5mg,mispelled drug name,BN,low,single,135,1,coreq12.5mg,coreq12.5mg,coreq12.5mg,BN,low,0.99997628,0.99997628,0.99997628,1,0.70772719,0.70772719,0.70772719,1,1.0,0.0,0.0,1,0.96109,0.96109,0.96109,1,0.99982,0.99982,0.99982,1
136,PhytoFusion,correct drug name,BN,low,single,136,0,PhytoFusion,PhytoFusion,phytofusion,BN,low,0.40908983,0.40908983,0.40908983,1,0.70772719,0.70772719,0.70772719,1,1.0,0.0,0.0,1,0.09495,0.09495,0.09495,0,0.99896,0.99896,0.99896,1
137,mylanta/lidocaine,not sure,"BN,IN",low,single,137,1,mylanta/lidocaine,mylanta/lidocaine,mylanta/lidocaine,"BN, IN",low,0.75270504,0.75270504,0.75270504,1,0.18701023,0.18701023,0.18701023,0,1.0,0.0,0.0,1,0.00058,0.00058,0.00058,0,0.00042,0.00042,0.00042,0
138,Dacogen,correct drug name,BN,low,single,138,0,Dacogen,Dacogen,dacogen,BN,low,1.612e-05,1.612e-05,1.612e-05,0,0.29407305,0.29407305,0.29407305,0,0.0,0.0,0.0,0,0.00054,0.00054,0.00054,0,0.00104,0.00104,0.00104,0
139,solucortif,mispelled drug name,BN,low,single,139,1,solucortif,solucortif,solucortif,BN,low,0.99999976,0.99999976,0.99999976,1,0.70772719,0.70772719,0.70772719,1,1.0,2.0,0.5,1,0.99954,0.99954,0.99954,1,0.99194,0.99194,0.99194,1
140,Cyklokapron,correct drug name,BN,low,single,140,0,Cyklokapron,Cyklokapron,cyklokapron,BN,low,0.9999994,0.9999994,0.9999994,1,0.10014031,0.10014031,0.10014031,0,1.0,0.0,0.0,1,0.99997,0.99997,0.99997,1,0.99892,0.99892,0.99892,1
141,Zirthromax,mispelled drug name,BN,low,single,141,1,Zirthromax,Zirthromax,zirthromax,BN,low,0.99999857,0.99999857,0.99999857,1,0.70772719,0.70772719,0.70772719,1,1.0,2.0,0.5,1,0.98977,0.98977,0.98977,1,0.99544,0.99544,0.99544,1
142,Larissia,correct drug name,BN,low,single,142,0,Larissia,Larissia,larissia,BN,low,0.38980818,0.38980818,0.38980818,1,0.70772719,0.70772719,0.70772719,1,1.0,2.0,0.5,1,0.00698,0.00698,0.00698,0,0.99798,0.99798,0.99798,1
143,multivitamins/minerals,correct drug name,IN,low,single,143,0,multivitamins/minerals,multivitamins/minerals,multivitamins/minerals,IN,low,0.29976115,0.29976115,0.29976115,1,0.59295326,0.59295326,0.59295326,1,1.0,2.0,0.5,1,0.00019,0.00019,0.00019,0,0.00034,0.00034,0.00034,0
144,lorstatin,mispelled drug name,IN,low,single,144,1,lorstatin,lorstatin,lorstatin,IN,low,1.006e-05,1.006e-05,1.006e-05,0,0.70772719,0.70772719,0.70772719,1,1.0,2.0,0.5,1,0.99986,0.99986,0.99986,1,0.99976,0.99976,0.99976,1
145,Phytonadeeionde,mispelled drug name,IN,low,single,145,1,Phytonadeeionde,Phytonadeeionde,phytonadeeionde,IN,low,0.99999952,0.99999952,0.99999952,1,0.70772719,0.70772719,0.70772719,1,1.0,0.0,0.0,1,0.99996,0.99996,0.99996,1,0.99754,0.99754,0.99754,1
146,keto-nootropic,correct drug name,BN,low,single,146,0,keto-nootropic,keto-nootropic,keto-nootropic,BN,low,0.99999976,0.99999976,0.99999976,1,0.70772719,0.70772719,0.70772719,1,1.0,0.0,0.0,1,0.99993,0.99993,0.99993,1,0.99945,0.99945,0.99945,1
147,moxifloxacin-prednisolone,correct drug name,BN,low,single,147,0,moxifloxacin-prednisolone,moxifloxacin-prednisolone,moxifloxacin-prednisolone,BN,low,2.571e-05,2.571e-05,2.571e-05,0,0.70772719,0.70772719,0.70772719,1,0.0,0.0,0.0,0,0.00162,0.00162,0.00162,0,0.00029,0.00029,0.00029,0
148,lupron,correct drug name,BN,low,single,148,0,lupron,lupron,lupron,BN,low,8.53e-06,8.53e-06,8.53e-06,0,0.29721066,0.29721066,0.29721066,0,0.0,0.0,0.0,0,0.00124,0.00124,0.00124,0,0.00274,0.00274,0.00274,0
149,Adrenaclick,correct non-drug name,BN,low,single,149,0,Adrenaclick,Adrenaclick,adrenaclick,BN,low,1.58e-06,1.58e-06,1.58e-06,0,0.22084187,0.22084187,0.22084187,0,0.0,0.0,0.0,0,0.03368,0.03368,0.03368,0,0.00218,0.00218,0.00218,0
150,Florinal,mispelled drug name,BN,low,single,150,1,Florinal,Florinal,florinal,BN,low,2.55e-06,2.55e-06,2.55e-06,0,0.42756629,0.42756629,0.42756629,1,1.0,2.0,0.5,1,0.00114,0.00114,0.00114,0,0.99533,0.99533,0.99533,1
151,halobetasol,correct drug name,IN,low,single,151,0,halobetasol,halobetasol,halobetasol,IN,low,2.456e-05,2.456e-05,2.456e-05,0,0.32274318,0.32274318,0.32274318,0,0.0,0.0,0.0,0,0.00059,0.00059,0.00059,0,0.01085,0.01085,0.01085,0
152,amiodpipine,mispelled drug name,IN,low,single,152,1,amiodpipine,amiodpipine,amiodpipine,IN,low,0.99999988,0.99999988,0.99999988,1,0.70772719,0.70772719,0.70772719,1,1.0,2.0,0.5,1,0.99995,0.99995,0.99995,1,0.95635,0.95635,0.95635,1
153,Oxycontin10mg,mispelled drug name,IN,low,single,153,1,Oxycontin10mg,Oxycontin10mg,oxycontin10mg,IN,low,0.99999988,0.99999988,0.99999988,1,0.22609749,0.22609749,0.22609749,0,1.0,0.0,0.0,1,0.29536,0.29536,0.29536,0,0.99987,0.99987,0.99987,1
154,BreatheRite,correct non-drug name,BN,low,single,154,0,BreatheRite,BreatheRite,breatherite,BN,low,0.00010073,0.00010073,0.00010073,0,0.52336246,0.52336246,0.52336246,1,1.0,0.0,0.0,1,0.0004,0.0004,0.0004,0,0.84186,0.84186,0.84186,1
155,forasrtor,mispelled drug name,BN,low,single,155,1,forasrtor,forasrtor,forasrtor,BN,low,0.9999975,0.9999975,0.9999975,1,0.70772719,0.70772719,0.70772719,1,1.0,2.0,0.5,1,0.99994,0.99994,0.99994,1,0.99989,0.99989,0.99989,1
156,Acetamin/Hydrocodone,correct short drug name,IN,low,single,156,0,Acetamin/Hydrocodone,Acetamin/Hydrocodone,acetamin/hydrocodone,IN,low,0.99999964,0.99999964,0.99999964,1,0.70772719,0.70772719,0.70772719,1,1.0,0.0,0.0,1,0.99685,0.99685,0.99685,1,0.9999,0.9999,0.9999,1
157,ziclovir,correct drug name,BN,low,single,157,0,ziclovir,ziclovir,ziclovir,BN,low,7.064e-05,7.064e-05,7.064e-05,0,0.70772719,0.70772719,0.70772719,1,1.0,2.0,0.5,1,0.00081,0.00081,0.00081,0,0.99446,0.99446,0.99446,1
158,decandron,mispelled drug name,BN,low,single,158,1,decandron,decandron,decandron,BN,low,3.42e-06,3.42e-06,3.42e-06,0,0.70772719,0.70772719,0.70772719,1,1.0,1.0,0.25,1,0.00579,0.00579,0.00579,0,0.9991,0.9991,0.9991,1
159,Deltanol,correct drug name,BN,low,single,159,0,Deltanol,Deltanol,deltanol,BN,low,0.04092917,0.04092917,0.04092917,0,0.26827538,0.26827538,0.26827538,0,1.0,3.0,0.75,1,0.99037,0.99037,0.99037,1,0.06579,0.06579,0.06579,0
160,lasoprazole,mispelled drug name,IN,low,single,160,1,lasoprazole,lasoprazole,lasoprazole,IN,low,0.0011405,0.0011405,0.0011405,0,0.21096474,0.21096474,0.21096474,0,1.0,1.0,0.25,1,0.02633,0.02633,0.02633,0,0.99096,0.99096,0.99096,1
161,flucona-ibuprof-itracon-terbin,correct short drug name,IN,low,single,161,0,flucona-ibuprof-itracon-terbin,flucona-ibuprof-itracon-terbin,flucona-ibuprof-itracon-terbin,IN,low,0.99998045,0.99998045,0.99998045,1,0.70772719,0.70772719,0.70772719,1,1.0,0.0,0.0,1,0.99552,0.99552,0.99552,1,0.9981,0.9981,0.9981,1
162,Turm-ging-bos-yuc-wil-cham-hor,correct short drug name,IN,low,single,162,0,Turm-ging-bos-yuc-wil-cham-hor,Turm-ging-bos-yuc-wil-cham-hor,turm-ging-bos-yuc-wil-cham-hor,IN,low,0.99999988,0.99999988,0.99999988,1,0.70772719,0.70772719,0.70772719,1,1.0,0.0,0.0,1,0.9788,0.9788,0.9788,1,0.9999,0.9999,0.9999,1
163,perdiex,correct drug name,BN,low,single,163,0,perdiex,perdiex,perdiex,BN,low,0.99999928,0.99999928,0.99999928,1,0.70772719,0.70772719,0.70772719,1,1.0,1.0,0.25,1,0.99863,0.99863,0.99863,1,0.99988,0.99988,0.99988,1
164,BEN/MAA/LIDO(1:1:1),not sure,BN,low,single,164,1,BEN/MAA/LIDO(1:1:1),BEN/MAA/LIDO(1:1:1),ben/maa/lido(1:1:1),BN,low,0.99999988,0.99999988,0.99999988,1,0.70772719,0.70772719,0.70772719,1,1.0,0.0,0.0,1,0.99985,0.99985,0.99985,1,0.99213,0.99213,0.99213,1
165,Selan+,correct drug name,BN,low,single,165,0,Selan+,Selan+,selan+,BN,low,0.00090992,0.00090992,0.00090992,0,0.70772719,0.70772719,0.70772719,1,1.0,3.0,0.75,1,0.99982,0.99982,0.99982,1,0.99258,0.99258,0.99258,1
166,lidocaine-diphenhyd-al-mag-simeth,correct short drug name,IN,low,single,166,0,lidocaine-diphenhyd-al-mag-simeth,lidocaine-diphenhyd-al-mag-simeth,lidocaine-diphenhyd-al-mag-simeth,IN,low,0.99926668,0.99926668,0.99926668,1,0.70772719,0.70772719,0.70772719,1,1.0,0.0,0.0,1,0.99994,0.99994,0.99994,1,0.08772,0.08772,0.08772,0
167,ceftririzine,mispelled drug name,IN,low,single,167,1,ceftririzine,ceftririzine,ceftririzine,IN,low,0.18223135,0.18223135,0.18223135,1,0.70772719,0.70772719,0.70772719,1,1.0,2.0,0.5,1,0.96355,0.96355,0.96355,1,0.7483,0.7483,0.7483,1
168,bandaid,mispelled non-drug name,IN,low,single,168,1,bandaid,bandaid,bandaid,IN,low,3.34e-06,3.34e-06,3.34e-06,0,0.43299827,0.43299827,0.43299827,1,0.0,0.0,0.0,0,0.99461,0.99461,0.99461,1,0.01047,0.01047,0.01047,0
169,Resorcinol-Sulfur,correct drug name,IN,low,single,169,0,Resorcinol-Sulfur,Resorcinol-Sulfur,resorcinol-sulfur,IN,low,0.99998689,0.99998689,0.99998689,1,0.70772719,0.70772719,0.70772719,1,1.0,0.0,0.0,1,0.00264,0.00264,0.00264,0,0.0003,0.0003,0.0003,0
170,Adcetris,correct drug name,BN,low,single,170,0,Adcetris,Adcetris,adcetris,BN,low,0.9999994,0.9999994,0.9999994,1,0.22385208,0.22385208,0.22385208,0,0.0,0.0,0.0,0,0.88196,0.88196,0.88196,1,0.99962,0.99962,0.99962,1
171,VitalOils1000,correct drug name,BN,low,single,171,0,VitalOils1000,VitalOils1000,vitaloils1000,BN,low,1.049e-05,1.049e-05,1.049e-05,0,0.70772719,0.70772719,0.70772719,1,1.0,0.0,0.0,1,0.99989,0.99989,0.99989,1,0.99973,0.99973,0.99973,1
172,acid-ease,correct drug name,BN,low,single,172,0,acid-ease,acid-ease,acid-ease,BN,low,0.99999166,0.99999166,0.99999166,1,0.70772719,0.70772719,0.70772719,1,1.0,0.0,0.0,1,0.00064,0.00064,0.00064,0,0.00036,0.00036,0.00036,0
173,Cloves,correct drug name,IN,low,single,173,0,Cloves,Cloves,cloves,IN,low,3.32e-06,3.32e-06,3.32e-06,0,0.3366012,0.3366012,0.3366012,0,0.0,0.0,0.0,0,0.00053,0.00053,0.00053,0,0.00046,0.00046,0.00046,0
174,antaccid/smithicone,mispelled drug name,BN,low,single,174,1,antaccid/smithicone,antaccid/smithicone,antaccid/smithicone,BN,low,1.0,1.0,1.0,1,0.70772719,0.70772719,0.70772719,1,1.0,0.0,0.0,1,0.99923,0.99923,0.99923,1,0.99845,0.99845,0.99845,1
175,glucasamine,mispelled drug name,IN,low,single,175,1,glucasamine,glucasamine,glucasamine,IN,low,2.8e-06,2.8e-06,2.8e-06,0,0.70772719,0.70772719,0.70772719,1,1.0,1.0,0.25,1,0.97407,0.97407,0.97407,1,0.00548,0.00548,0.00548,0
176,fluticasone/umeclidinium/vilanterol,correct drug name,IN,low,single,176,0,fluticasone/umeclidinium/vilanterol,fluticasone/umeclidinium/vilanterol,fluticasone/umeclidinium/vilanterol,IN,low,0.00026819,0.00026819,0.00026819,0,0.70772719,0.70772719,0.70772719,1,1.0,0.0,0.0,1,0.00172,0.00172,0.00172,0,0.01632,0.01632,0.01632,0
177,cholcacalciferoll,mispelled drug name,IN,low,single,177,1,cholcacalciferoll,cholcacalciferoll,cholcacalciferoll,IN,low,0.9995603,0.9995603,0.9995603,1,0.70772719,0.70772719,0.70772719,1,1.0,0.0,0.0,1,0.99995,0.99995,0.99995,1,0.99,0.99,0.99,1
178,morphine(Roxanol)20mg/ml,correct drug name,"BN,IN",low,single,178,0,morphine(Roxanol)20mg/ml,morphine(Roxanol)20mg/ml,morphine(roxanol)20mg/ml,"BN, IN",low,0.93928796,0.93928796,0.93928796,1,0.70772719,0.70772719,0.70772719,1,1.0,0.0,0.0,1,0.0037,0.0037,0.0037,0,0.99869,0.99869,0.99869,1
179,CardioTea,correct drug name,BN,low,single,179,0,CardioTea,CardioTea,cardiotea,BN,low,0.99999964,0.99999964,0.99999964,1,0.70772719,0.70772719,0.70772719,1,1.0,3.0,0.75,1,0.99761,0.99761,0.99761,1,0.99718,0.99718,0.99718,1
180,chondroitin/glucosamine,correct drug name,IN,low,single,180,0,chondroitin/glucosamine,chondroitin/glucosamine,chondroitin/glucosamine,IN,low,0.00084062,0.00084062,0.00084062,0,0.35555044,0.35555044,0.35555044,0,1.0,1.0,0.25,1,0.0011,0.0011,0.0011,0,0.00052,0.00052,0.00052,0
181,odansetran,mispelled drug name,IN,low,single,181,1,odansetran,odansetran,odansetran,IN,low,0.99999964,0.99999964,0.99999964,1,0.15678725,0.15678725,0.15678725,0,1.0,2.0,0.5,1,0.00696,0.00696,0.00696,0,0.72884,0.72884,0.72884,1
182,Diphenhydramin/HC/Nystatin,not sure,IN,low,single,182,1,Diphenhydramin/HC/Nystatin,Diphenhydramin/HC/Nystatin,diphenhydramin/hc/nystatin,IN,low,0.93680698,0.93680698,0.93680698,1,0.70772719,0.70772719,0.70772719,1,1.0,0.0,0.0,1,0.47042,0.47042,0.47042,0,0.06237,0.06237,0.06237,0
183,maylanta,mispelled drug name,BN,low,single,183,1,maylanta,maylanta,maylanta,BN,low,0.99999905,0.99999905,0.99999905,1,0.70772719,0.70772719,0.70772719,1,1.0,1.0,0.25,1,0.99967,0.99967,0.99967,1,0.99397,0.99397,0.99397,1
184,nystat/bactrob/desit,not sure,BN,low,single,184,1,nystat/bactrob/desit,nystat/bactrob/desit,nystat/bactrob/desit,BN,low,0.99999952,0.99999952,0.99999952,1,0.70772719,0.70772719,0.70772719,1,1.0,0.0,0.0,1,0.99984,0.99984,0.99984,1,0.9457,0.9457,0.9457,1
185,olenoate,correct drug name,IN,low,single,185,0,olenoate,olenoate,olenoate,IN,low,0.0004794,0.0004794,0.0004794,0,0.70772719,0.70772719,0.70772719,1,1.0,2.0,0.5,1,0.99971,0.99971,0.99971,1,0.99561,0.99561,0.99561,1
186,Lido-EPINEPHrine-Tetracaine,correct short drug name,IN,low,single,186,0,Lido-EPINEPHrine-Tetracaine,Lido-EPINEPHrine-Tetracaine,lido-epinephrine-tetracaine,IN,low,0.00120776,0.00120776,0.00120776,0,0.70772719,0.70772719,0.70772719,1,1.0,0.0,0.0,1,0.0007,0.0007,0.0007,0,0.00061,0.00061,0.00061,0
187,hydrazlazine,mispelled drug name,IN,low,single,187,1,hydrazlazine,hydrazlazine,hydrazlazine,IN,low,1.313e-05,1.313e-05,1.313e-05,0,0.16916557,0.16916557,0.16916557,0,1.0,1.0,0.25,1,0.99995,0.99995,0.99995,1,0.99989,0.99989,0.99989,1
188,glucosamine-chondroit,correct short drug name,IN,low,single,188,0,glucosamine-chondroit,glucosamine-chondroit,glucosamine-chondroit,IN,low,0.33160451,0.33160451,0.33160451,1,0.70772719,0.70772719,0.70772719,1,1.0,2.0,0.5,1,0.99966,0.99966,0.99966,1,0.99953,0.99953,0.99953,1
189,ampxocollin-clavulanate,mispelled drug name,IN,low,single,189,1,ampxocollin-clavulanate,ampxocollin-clavulanate,ampxocollin-clavulanate,IN,low,0.99999988,0.99999988,0.99999988,1,0.70772719,0.70772719,0.70772719,1,1.0,0.0,0.0,1,0.99998,0.99998,0.99998,1,0.9999,0.9999,0.9999,1
190,Ceftin.,mispelled drug name,BN,low,single,190,1,Ceftin.,Ceftin.,ceftin.,BN,low,0.99998713,0.99998713,0.99998713,1,0.70772719,0.70772719,0.70772719,1,1.0,2.0,0.5,1,0.93011,0.93011,0.93011,1,0.84091,0.84091,0.84091,1
191,lutigold,correct drug name,BN,low,single,191,0,lutigold,lutigold,lutigold,BN,low,0.00010501,0.00010501,0.00010501,0,0.70772719,0.70772719,0.70772719,1,1.0,0.0,0.0,1,0.99944,0.99944,0.99944,1,0.99974,0.99974,0.99974,1
192,hydrocod-apap,not sure,BN,low,single,192,1,hydrocod-apap,hydrocod-apap,hydrocod-apap,BN,low,0.00114176,0.00114176,0.00114176,0,0.70772719,0.70772719,0.70772719,1,1.0,0.0,0.0,1,0.00121,0.00121,0.00121,0,0.04214,0.04214,0.04214,0
193,digestymes,mispelled drug name,BN,low,single,193,1,digestymes,digestymes,digestymes,BN,low,0.00010054,0.00010054,0.00010054,0,0.70772719,0.70772719,0.70772719,1,1.0,2.0,0.5,1,0.99969,0.99969,0.99969,1,0.99953,0.99953,0.99953,1
194,acterma,mispelled drug name,BN,low,single,194,1,acterma,acterma,acterma,BN,low,0.99546766,0.99546766,0.99546766,1,0.70772719,0.70772719,0.70772719,1,1.0,2.0,0.5,1,0.67126,0.67126,0.67126,1,0.99981,0.99981,0.99981,1
195,losartan100mg,mispelled drug name,IN,low,single,195,1,losartan100mg,losartan100mg,losartan100mg,IN,low,1.105e-05,1.105e-05,1.105e-05,0,0.70772719,0.70772719,0.70772719,1,1.0,0.0,0.0,1,0.00095,0.00095,0.00095,0,0.99973,0.99973,0.99973,1
196,paxlouid,mispelled drug name,BN,low,single,196,1,paxlouid,paxlouid,paxlouid,BN,low,0.99999774,0.99999774,0.99999774,1,0.70772719,0.70772719,0.70772719,1,1.0,2.0,0.5,1,0.99989,0.99989,0.99989,1,0.99861,0.99861,0.99861,1
197,carboxymethyicell-hypromellose,mispelled drug name,IN,low,single,197,1,carboxymethyicell-hypromellose,carboxymethyicell-hypromellose,carboxymethyicell-hypromellose,IN,low,0.99999988,0.99999988,0.99999988,1,0.70772719,0.70772719,0.70772719,1,1.0,0.0,0.0,1,0.99972,0.99972,0.99972,1,0.98765,0.98765,0.98765,1
198,xaltori,mispelled drug name,BN,low,single,198,1,xaltori,xaltori,xaltori,BN,low,0.99999952,0.99999952,0.99999952,1,0.70772719,0.70772719,0.70772719,1,1.0,1.0,0.25,1,0.9985,0.9985,0.9985,1,0.99846,0.99846,0.99846,1
199,Neuac,correct drug name,BN,low,single,199,0,Neuac,Neuac,neuac,BN,low,0.99999952,0.99999952,0.99999952,1,0.15811373,0.15811373,0.15811373,0,0.0,0.0,0.0,0,0.99992,0.99992,0.99992,1,0.99986,0.99986,0.99986,1
200,OxyRub,correct drug name,BN,low,single,200,0,OxyRub,OxyRub,oxyrub,BN,low,1.661e-05,1.661e-05,1.661e-05,0,0.2918441,0.2918441,0.2918441,0,0.0,0.0,0.0,0,0.03901,0.03901,0.03901,0,0.04398,0.04398,0.04398,0
201,"carbidopa-levidopa,disintegrating(parcopa)25-100mg.",mispelled drug name,IN,low,single,201,1,"carbidopa-levidopa,disintegrating(parcopa)25-100mg.","carbidopa-levidopa,disintegrating(parcopa)25-100mg.","carbidopa-levidopa,disintegrating(parcopa)25-100mg.",IN,low,3.74e-06,3.74e-06,3.74e-06,0,0.70772719,0.70772719,0.70772719,1,1.0,0.0,0.0,1,0.83388,0.83388,0.83388,1,0.03542,0.03542,0.03542,0
202,turmeric/curcumin,correct drug name,IN,low,single,202,0,turmeric/curcumin,turmeric/curcumin,turmeric/curcumin,IN,low,0.00092623,0.00092623,0.00092623,0,0.19377686,0.19377686,0.19377686,0,1.0,0.0,0.0,1,0.00047,0.00047,0.00047,0,0.00029,0.00029,0.00029,0
203,Benicar/HCTZ,mispelled drug name,BN,low,single,203,1,Benicar/HCTZ,Benicar/HCTZ,benicar/hctz,BN,low,2.08e-06,2.08e-06,2.08e-06,0,0.20209531,0.20209531,0.20209531,0,1.0,0.0,0.0,1,0.98244,0.98244,0.98244,1,0.00143,0.00143,0.00143,0
204,L-Taurine,correct drug name,IN,low,single,204,0,L-Taurine,L-Taurine,l-taurine,IN,low,2.8e-06,2.8e-06,2.8e-06,0,0.26218536,0.26218536,0.26218536,0,1.0,3.0,0.75,1,0.00033,0.00033,0.00033,0,0.00041,0.00041,0.00041,0
205,marolax,mispelled drug name,BN,low,single,205,1,marolax,marolax,marolax,BN,low,0.79627603,0.79627603,0.79627603,1,0.70772719,0.70772719,0.70772719,1,1.0,2.0,0.5,1,0.99225,0.99225,0.99225,1,0.1628,0.1628,0.1628,0
206,ceptopril,mispelled drug name,IN,low,single,206,1,ceptopril,ceptopril,ceptopril,IN,low,3.44e-06,3.44e-06,3.44e-06,0,0.70772719,0.70772719,0.70772719,1,1.0,1.0,0.25,1,0.00711,0.00711,0.00711,0,0.00028,0.00028,0.00028,0
207,valporic,mispelled drug name,IN,low,single,207,1,valporic,valporic,valporic,IN,low,0.43589982,0.43589982,0.43589982,1,0.41076195,0.41076195,0.41076195,1,1.0,2.0,0.5,1,0.99927,0.99927,0.99927,1,0.99429,0.99429,0.99429,1
208,scopace,correct drug name,BN,low,single,208,0,scopace,scopace,scopace,BN,low,0.00015198,0.00015198,0.00015198,0,0.70772719,0.70772719,0.70772719,1,0.0,0.0,0.0,0,0.00219,0.00219,0.00219,0,0.01493,0.01493,0.01493,0
209,Zoroxolyn,mispelled drug name,BN,low,single,209,1,Zoroxolyn,Zoroxolyn,zoroxolyn,BN,low,0.99553031,0.99553031,0.99553031,1,0.17489222,0.17489222,0.17489222,0,1.0,2.0,0.5,1,0.09529,0.09529,0.09529,0,0.99968,0.99968,0.99968,1
210,hebiclens,mispelled drug name,BN,low,single,210,1,hebiclens,hebiclens,hebiclens,BN,low,0.71492654,0.71492654,0.71492654,1,0.29804856,0.29804856,0.29804856,0,1.0,1.0,0.25,1,0.99821,0.99821,0.99821,1,0.11863,0.11863,0.11863,0
211,hempvana,correct drug name,BN,low,single,211,0,hempvana,hempvana,hempvana,BN,low,0.51910347,0.51910347,0.51910347,1,0.70772719,0.70772719,0.70772719,1,1.0,0.0,0.0,1,0.99983,0.99983,0.99983,1,0.99957,0.99957,0.99957,1
212,Ecoza,correct drug name,BN,low,single,212,0,Ecoza,Ecoza,ecoza,BN,low,9.44e-06,9.44e-06,9.44e-06,0,0.70772719,0.70772719,0.70772719,1,0.0,0.0,0.0,0,0.01211,0.01211,0.01211,0,0.01985,0.01985,0.01985,0
213,Cipralex,correct drug name,BN,low,single,213,0,Cipralex,Cipralex,cipralex,BN,low,0.6603508,0.6603508,0.6603508,1,0.06125333,0.06125333,0.06125333,0,1.0,3.0,0.75,1,0.9859,0.9859,0.9859,1,0.04295,0.04295,0.04295,0
214,Cranberry-cholicalciferol,mispelled drug name,IN,low,single,214,1,Cranberry-cholicalciferol,Cranberry-cholicalciferol,cranberry-cholicalciferol,IN,low,1.464e-05,1.464e-05,1.464e-05,0,0.70772719,0.70772719,0.70772719,1,1.0,0.0,0.0,1,0.99391,0.99391,0.99391,1,0.99972,0.99972,0.99972,1
215,dounebs,mispelled drug name,BN,low,single,215,1,dounebs,dounebs,dounebs,BN,low,0.9999994,0.9999994,0.9999994,1,0.19880852,0.19880852,0.19880852,0,1.0,2.0,0.5,1,0.99966,0.99966,0.99966,1,0.99796,0.99796,0.99796,1
216,HyperTET,correct drug name,BN,low,single,216,0,HyperTET,HyperTET,hypertet,BN,low,0.71976852,0.71976852,0.71976852,1,0.37803286,0.37803286,0.37803286,0,0.0,0.0,0.0,0,0.00162,0.00162,0.00162,0,0.00197,0.00197,0.00197,0
217,trimebutine,correct drug name,IN,low,single,217,0,trimebutine,trimebutine,trimebutine,IN,low,2.034e-05,2.034e-05,2.034e-05,0,0.06823737,0.06823737,0.06823737,0,0.0,0.0,0.0,0,0.00142,0.00142,0.00142,0,0.03528,0.03528,0.03528,0
218,acidophilus/lactobac,correct short drug name,IN,low,single,218,0,acidophilus/lactobac,acidophilus/lactobac,acidophilus/lactobac,IN,low,0.00028967,0.00028967,0.00028967,0,0.70772719,0.70772719,0.70772719,1,1.0,0.0,0.0,1,0.00075,0.00075,0.00075,0,0.99955,0.99955,0.99955,1
219,VP-PNV-DHA,correct drug name,BN,low,single,219,0,VP-PNV-DHA,VP-PNV-DHA,vp-pnv-dha,BN,low,2.347e-05,2.347e-05,2.347e-05,0,0.70772719,0.70772719,0.70772719,1,0.0,0.0,0.0,0,0.0013,0.0013,0.0013,0,0.00091,0.00091,0.00091,0
220,perogard,mispelled drug name,BN,low,single,220,1,perogard,perogard,perogard,BN,low,0.00014385,0.00014385,0.00014385,0,0.70772719,0.70772719,0.70772719,1,1.0,1.0,0.25,1,0.99869,0.99869,0.99869,1,0.99979,0.99979,0.99979,1
221,Amelog,mispelled drug name,BN,low,single,221,1,Amelog,Amelog,amelog,BN,low,1.15e-06,1.15e-06,1.15e-06,0,0.70772719,0.70772719,0.70772719,1,1.0,2.0,0.5,1,0.31082,0.31082,0.31082,0,0.99743,0.99743,0.99743,1
222,Sinethicone,mispelled drug name,IN,low,single,222,1,Sinethicone,Sinethicone,sinethicone,IN,low,0.99774098,0.99774098,0.99774098,1,0.70772719,0.70772719,0.70772719,1,1.0,2.0,0.5,1,0.30824,0.30824,0.30824,0,0.98492,0.98492,0.98492,1
223,ZZ-PAK,mispelled drug name,BN,low,single,223,1,ZZ-PAK,ZZ-PAK,zz-pak,BN,low,0.89955705,0.89955705,0.89955705,1,0.70772719,0.70772719,0.70772719,1,1.0,5.0,1.0,1,0.83436,0.83436,0.83436,1,0.83529,0.83529,0.83529,1
224,hyaluronic,correct non-drug name,IN,low,single,224,0,hyaluronic,hyaluronic,hyaluronic,IN,low,2.387e-05,2.387e-05,2.387e-05,0,0.47929534,0.47929534,0.47929534,1,0.0,0.0,0.0,0,0.00131,0.00131,0.00131,0,0.00067,0.00067,0.00067,0
225,levsinex,correct drug name,BN,low,single,225,0,levsinex,levsinex,levsinex,BN,low,5.26e-06,5.26e-06,5.26e-06,0,0.70772719,0.70772719,0.70772719,1,0.0,0.0,0.0,0,0.00047,0.00047,0.00047,0,0.00359,0.00359,0.00359,0
226,dutaseride,mispelled drug name,IN,low,single,226,1,dutaseride,dutaseride,dutaseride,IN,low,0.0005071,0.0005071,0.0005071,0,0.70772719,0.70772719,0.70772719,1,1.0,1.0,0.25,1,0.9991,0.9991,0.9991,1,0.99699,0.99699,0.99699,1
227,xatelto,mispelled drug name,BN,low,single,227,1,xatelto,xatelto,xatelto,BN,low,0.99999964,0.99999964,0.99999964,1,0.70772719,0.70772719,0.70772719,1,1.0,1.0,0.25,1,0.97915,0.97915,0.97915,1,0.98899,0.98899,0.98899,1
228,Reid,correct non-drug name,,low,single,228,0,Reid,Reid,reid,nan,low,0.99999797,0.99999797,0.99999797,1,0.63312483,0.63312483,0.63312483,1,0.0,0.0,0.0,0,0.65436,0.65436,0.65436,1,0.99961,0.99961,0.99961,1
229,melatomin,mispelled drug name,IN,low,single,229,1,melatomin,melatomin,melatomin,IN,low,0.99999976,0.99999976,0.99999976,1,0.34754604,0.34754604,0.34754604,0,1.0,1.0,0.25,1,0.98504,0.98504,0.98504,1,0.02521,0.02521,0.02521,0
230,Correct,correct non-drug name,BN,low,single,230,0,Correct,Correct,correct,BN,low,4.07e-06,4.07e-06,4.07e-06,0,0.53628165,0.53628165,0.53628165,1,0.0,0.0,0.0,0,0.00151,0.00151,0.00151,0,0.00075,0.00075,0.00075,0
231,Bisco-Lax,correct drug name,BN,low,single,231,0,Bisco-Lax,Bisco-Lax,bisco-lax,BN,low,1.576e-05,1.576e-05,1.576e-05,0,0.70772719,0.70772719,0.70772719,1,0.0,0.0,0.0,0,0.00057,0.00057,0.00057,0,0.55158,0.55158,0.55158,1
232,Delestrogen,correct drug name,BN,low,single,232,0,Delestrogen,Delestrogen,delestrogen,BN,low,2.294e-05,2.294e-05,2.294e-05,0,0.29227135,0.29227135,0.29227135,0,0.0,0.0,0.0,0,0.00494,0.00494,0.00494,0,0.00071,0.00071,0.00071,0
233,naldol,mispelled drug name,IN,low,single,233,1,naldol,naldol,naldol,IN,low,4.383e-05,4.383e-05,4.383e-05,0,0.30430293,0.30430293,0.30430293,0,1.0,1.0,0.25,1,0.98411,0.98411,0.98411,1,0.99381,0.99381,0.99381,1
234,immunogloubin,mispelled drug name,IN,low,single,234,1,immunogloubin,immunogloubin,immunogloubin,IN,low,0.9999882,0.9999882,0.9999882,1,0.33150446,0.33150446,0.33150446,0,1.0,2.0,0.5,1,0.99993,0.99993,0.99993,1,0.99904,0.99904,0.99904,1
235,Stalevo,correct drug name,BN,low,single,235,0,Stalevo,Stalevo,stalevo,BN,low,6.08e-06,6.08e-06,6.08e-06,0,0.22466105,0.22466105,0.22466105,0,0.0,0.0,0.0,0,0.00036,0.00036,0.00036,0,0.0004,0.0004,0.0004,0
236,ipratroplum,mispelled drug name,IN,low,single,236,1,ipratroplum,ipratroplum,ipratroplum,IN,low,0.99998546,0.99998546,0.99998546,1,0.70772719,0.70772719,0.70772719,1,1.0,1.0,0.25,1,0.99987,0.99987,0.99987,1,0.99978,0.99978,0.99978,1
237,occuvite-ivite,mispelled drug name,BN,low,single,237,1,occuvite-ivite,occuvite-ivite,occuvite-ivite,BN,low,0.98844725,0.98844725,0.98844725,1,0.70772719,0.70772719,0.70772719,1,1.0,0.0,0.0,1,0.99979,0.99979,0.99979,1,0.99989,0.99989,0.99989,1
238,Linzees,mispelled drug name,BN,low,single,238,1,Linzees,Linzees,linzees,BN,low,0.99999964,0.99999964,0.99999964,1,0.70772719,0.70772719,0.70772719,1,1.0,2.0,0.5,1,0.99996,0.99996,0.99996,1,0.98749,0.98749,0.98749,1
239,Circu-live,correct drug name,BN,low,single,239,0,Circu-live,Circu-live,circu-live,BN,low,0.00014179,0.00014179,0.00014179,0,0.70772719,0.70772719,0.70772719,1,1.0,0.0,0.0,1,0.99975,0.99975,0.99975,1,0.99975,0.99975,0.99975,1
240,sacubritil-valsartan,mispelled drug name,IN,low,single,240,1,sacubritil-valsartan,sacubritil-valsartan,sacubritil-valsartan,IN,low,0.91492671,0.91492671,0.91492671,1,0.70772719,0.70772719,0.70772719,1,1.0,0.0,0.0,1,0.99946,0.99946,0.99946,1,0.99886,0.99886,0.99886,1
241,movintik,mispelled drug name,BN,low,single,241,1,movintik,movintik,movintik,BN,low,0.00344065,0.00344065,0.00344065,0,0.70772719,0.70772719,0.70772719,1,1.0,1.0,0.25,1,0.99979,0.99979,0.99979,1,0.01903,0.01903,0.01903,0
242,motillium,mispelled drug name,BN,low,single,242,1,motillium,motillium,motillium,BN,low,4.606e-05,4.606e-05,4.606e-05,0,0.63419271,0.63419271,0.63419271,1,1.0,0.0,0.0,1,0.97367,0.97367,0.97367,1,0.99757,0.99757,0.99757,1
243,nitrogylycerin,mispelled drug name,IN,low,single,243,1,nitrogylycerin,nitrogylycerin,nitrogylycerin,IN,low,0.99999535,0.99999535,0.99999535,1,0.36297753,0.36297753,0.36297753,0,1.0,1.0,0.25,1,0.99987,0.99987,0.99987,1,0.99654,0.99654,0.99654,1
244,ambrotose,correct non-drug name,,low,single,244,0,ambrotose,ambrotose,ambrotose,nan,low,1.39e-05,1.39e-05,1.39e-05,0,0.28033698,0.28033698,0.28033698,0,1.0,2.0,0.5,1,0.00096,0.00096,0.00096,0,0.95707,0.95707,0.95707,1
245,futicasone,mispelled drug name,IN,low,single,245,1,futicasone,futicasone,futicasone,IN,low,0.99999988,0.99999988,0.99999988,1,0.29119903,0.29119903,0.29119903,0,1.0,1.0,0.25,1,0.00066,0.00066,0.00066,0,0.99909,0.99909,0.99909,1
246,praxazosyn,mispelled drug name,IN,low,single,246,1,praxazosyn,praxazosyn,praxazosyn,IN,low,8.06e-06,8.06e-06,8.06e-06,0,0.70772719,0.70772719,0.70772719,1,1.0,0.0,0.0,1,0.9617,0.9617,0.9617,1,0.99948,0.99948,0.99948,1
247,Co-Gesic,correct drug name,BN,low,single,247,0,Co-Gesic,Co-Gesic,co-gesic,BN,low,2.57e-05,2.57e-05,2.57e-05,0,0.25502688,0.25502688,0.25502688,0,0.0,0.0,0.0,0,0.02853,0.02853,0.02853,0,0.98631,0.98631,0.98631,1
248,Macrostatin,mispelled drug name,BN,low,single,248,1,Macrostatin,Macrostatin,macrostatin,BN,low,0.14876305,0.14876305,0.14876305,0,0.21859609,0.21859609,0.21859609,0,1.0,3.0,0.75,1,0.00157,0.00157,0.00157,0,0.99248,0.99248,0.99248,1
249,annusol,mispelled drug name,BN,low,single,249,1,annusol,annusol,annusol,BN,low,0.99999845,0.99999845,0.99999845,1,0.20390829,0.20390829,0.20390829,0,1.0,1.0,0.25,1,0.09174,0.09174,0.09174,0,0.80766,0.80766,0.80766,1
250,CBC,correct non-drug name,,low,single,250,0,CBC,CBC,cbc,nan,low,4.96e-06,4.96e-06,4.96e-06,0,0.33788928,0.33788928,0.33788928,0,1.0,3.0,0.75,1,0.63216,0.63216,0.63216,1,0.86853,0.86853,0.86853,1
251,Ceclor,correct drug name,BN,low,single,251,0,Ceclor,Ceclor,ceclor,BN,low,3.05e-06,3.05e-06,3.05e-06,0,0.12862577,0.12862577,0.12862577,0,0.0,0.0,0.0,0,0.0016,0.0016,0.0016,0,0.00056,0.00056,0.00056,0
252,floraster,mispelled drug name,BN,low,single,252,1,floraster,floraster,floraster,BN,low,2.71e-06,2.71e-06,2.71e-06,0,0.70772719,0.70772719,0.70772719,1,1.0,1.0,0.25,1,0.00295,0.00295,0.00295,0,0.00048,0.00048,0.00048,0
253,glucosamine-d3-Boswelliaserr,mispelled drug name,IN,low,single,253,1,glucosamine-d3-Boswelliaserr,glucosamine-d3-Boswelliaserr,glucosamine-d3-boswelliaserr,IN,low,0.99993992,0.99993992,0.99993992,1,0.70772719,0.70772719,0.70772719,1,1.0,0.0,0.0,1,0.99995,0.99995,0.99995,1,0.99983,0.99983,0.99983,1
254,Acidphex,mispelled drug name,BN,low,single,254,1,Acidphex,Acidphex,acidphex,BN,low,0.99999988,0.99999988,0.99999988,1,0.70772719,0.70772719,0.70772719,1,1.0,2.0,0.5,1,0.9886,0.9886,0.9886,1,0.9938,0.9938,0.9938,1
255,Decubitus-vite,mispelled drug name,BN,low,single,255,1,Decubitus-vite,Decubitus-vite,decubitus-vite,BN,low,0.07388876,0.07388876,0.07388876,0,0.70772719,0.70772719,0.70772719,1,1.0,0.0,0.0,1,0.00079,0.00079,0.00079,0,0.00038,0.00038,0.00038,0
256,zyflamed,mispelled drug name,BN,low,single,256,1,zyflamed,zyflamed,zyflamed,BN,low,0.36201546,0.36201546,0.36201546,1,0.70772719,0.70772719,0.70772719,1,1.0,2.0,0.5,1,0.011,0.011,0.011,0,0.80171,0.80171,0.80171,1
257,Glyburid-metformin,mispelled drug name,IN,low,single,257,1,Glyburid-metformin,Glyburid-metformin,glyburid-metformin,IN,low,0.99812669,0.99812669,0.99812669,1,0.70772719,0.70772719,0.70772719,1,1.0,2.0,0.5,1,0.9996,0.9996,0.9996,1,0.99983,0.99983,0.99983,1
258,ugmentin,mispelled drug name,BN,low,single,258,1,ugmentin,ugmentin,ugmentin,BN,low,0.99997699,0.99997699,0.99997699,1,0.70772719,0.70772719,0.70772719,1,1.0,1.0,0.25,1,0.99996,0.99996,0.99996,1,0.92182,0.92182,0.92182,1
259,avapro/irbesartan,correct drug name,BN,low,single,259,0,avapro/irbesartan,avapro/irbesartan,avapro/irbesartan,BN,low,0.01767064,0.01767064,0.01767064,0,0.70772719,0.70772719,0.70772719,1,1.0,0.0,0.0,1,0.00034,0.00034,0.00034,0,0.00155,0.00155,0.00155,0
260,cpm-pseudoephed-hydrocodone,correct short drug name,IN,low,single,260,0,cpm-pseudoephed-hydrocodone,cpm-pseudoephed-hydrocodone,cpm-pseudoephed-hydrocodone,IN,low,0.5205816,0.5205816,0.5205816,1,0.70772719,0.70772719,0.70772719,1,1.0,0.0,0.0,1,0.10509,0.10509,0.10509,0,0.92779,0.92779,0.92779,1
261,albueterol-ipratropium,mispelled drug name,IN,low,single,261,1,albueterol-ipratropium,albueterol-ipratropium,albueterol-ipratropium,IN,low,0.99992239,0.99992239,0.99992239,1,0.70772719,0.70772719,0.70772719,1,1.0,1.0,0.25,1,0.99997,0.99997,0.99997,1,0.00297,0.00297,0.00297,0
262,chlorphenamine,correct drug name,IN,low,single,262,0,chlorphenamine,chlorphenamine,chlorphenamine,IN,low,1.135e-05,1.135e-05,1.135e-05,0,0.08233047,0.08233047,0.08233047,0,0.0,0.0,0.0,0,0.00134,0.00134,0.00134,0,0.00405,0.00405,0.00405,0
263,avorvastin,mispelled drug name,IN,low,single,263,1,avorvastin,avorvastin,avorvastin,IN,low,0.00864582,0.00864582,0.00864582,0,0.70772719,0.70772719,0.70772719,1,1.0,0.0,0.0,1,0.99025,0.99025,0.99025,1,0.99912,0.99912,0.99912,1
264,triamterene/HCTZ,correct drug name,IN,low,single,264,0,triamterene/HCTZ,triamterene/HCTZ,triamterene/hctz,IN,low,2.401e-05,2.401e-05,2.401e-05,0,0.25143319,0.25143319,0.25143319,0,1.0,0.0,0.0,1,0.00032,0.00032,0.00032,0,0.00038,0.00038,0.00038,0
265,ferrofibrate,mispelled drug name,IN,low,single,265,1,ferrofibrate,ferrofibrate,ferrofibrate,IN,low,0.0036495,0.0036495,0.0036495,0,0.70772719,0.70772719,0.70772719,1,1.0,2.0,0.5,1,0.00225,0.00225,0.00225,0,0.99898,0.99898,0.99898,1
266,Ergocalalciferol,mispelled drug name,IN,low,single,266,1,Ergocalalciferol,Ergocalalciferol,ergocalalciferol,IN,low,0.22689648,0.22689648,0.22689648,1,0.70772719,0.70772719,0.70772719,1,1.0,3.0,0.75,1,0.99663,0.99663,0.99663,1,0.99982,0.99982,0.99982,1
267,ambasol,mispelled drug name,BN,low,single,267,1,ambasol,ambasol,ambasol,BN,low,6.23e-06,6.23e-06,6.23e-06,0,0.70772719,0.70772719,0.70772719,1,1.0,2.0,0.5,1,0.98115,0.98115,0.98115,1,0.99727,0.99727,0.99727,1
268,Benzocaine-Glycerin,correct drug name,IN,low,single,268,0,Benzocaine-Glycerin,Benzocaine-Glycerin,benzocaine-glycerin,IN,low,0.99998736,0.99998736,0.99998736,1,0.70772719,0.70772719,0.70772719,1,1.0,0.0,0.0,1,0.00728,0.00728,0.00728,0,0.00071,0.00071,0.00071,0
269,erogcalciferol,mispelled drug name,IN,low,single,269,1,erogcalciferol,erogcalciferol,erogcalciferol,IN,low,0.99999261,0.99999261,0.99999261,1,0.31585103,0.31585103,0.31585103,0,1.0,2.0,0.5,1,0.99982,0.99982,0.99982,1,0.99712,0.99712,0.99712,1
270,FLUTICASONE-UMECLIDID-VILANTER,mispelled drug name,IN,low,single,270,1,FLUTICASONE-UMECLIDID-VILANTER,FLUTICASONE-UMECLIDID-VILANTER,fluticasone-umeclidid-vilanter,IN,low,0.00057973,0.00057973,0.00057973,0,0.70772719,0.70772719,0.70772719,1,1.0,0.0,0.0,1,0.99993,0.99993,0.99993,1,0.99419,0.99419,0.99419,1
271,Garamyicin,mispelled drug name,IN,low,single,271,1,Garamyicin,Garamyicin,garamyicin,IN,low,0.9999994,0.9999994,0.9999994,1,0.70772719,0.70772719,0.70772719,1,1.0,2.0,0.5,1,0.99968,0.99968,0.99968,1,0.99037,0.99037,0.99037,1
272,Ora-Sweet,correct drug name,"BN,IN",low,single,272,0,Ora-Sweet,Ora-Sweet,ora-sweet,"BN, IN",low,6.47e-06,6.47e-06,6.47e-06,0,0.27653927,0.27653927,0.27653927,0,1.0,0.0,0.0,1,0.99747,0.99747,0.99747,1,0.01142,0.01142,0.01142,0
273,rofiumilast,mispelled drug name,IN,low,single,273,1,rofiumilast,rofiumilast,rofiumilast,IN,low,0.99999595,0.99999595,0.99999595,1,0.70772719,0.70772719,0.70772719,1,1.0,1.0,0.25,1,0.99962,0.99962,0.99962,1,0.99928,0.99928,0.99928,1
274,sertaline75mg,mispelled drug name,IN,low,single,274,1,sertaline75mg,sertaline75mg,sertaline75mg,IN,low,0.99999988,0.99999988,0.99999988,1,0.70772719,0.70772719,0.70772719,1,1.0,0.0,0.0,1,0.14072,0.14072,0.14072,0,0.99909,0.99909,0.99909,1
275,Ferus,correct drug name,BN,low,single,275,0,Ferus,Ferus,ferus,BN,low,1.418e-05,1.418e-05,1.418e-05,0,0.72451431,0.72451431,0.72451431,1,0.0,0.0,0.0,0,0.99466,0.99466,0.99466,1,0.46249,0.46249,0.46249,0
276,cefdninir,mispelled drug name,IN,low,single,276,1,cefdninir,cefdninir,cefdninir,IN,low,0.99999881,0.99999881,0.99999881,1,0.70772719,0.70772719,0.70772719,1,1.0,1.0,0.25,1,0.99993,0.99993,0.99993,1,0.99984,0.99984,0.99984,1
277,chlortheniramine,mispelled drug name,IN,low,single,277,1,chlortheniramine,chlortheniramine,chlortheniramine,IN,low,0.00059164,0.00059164,0.00059164,0,0.70772719,0.70772719,0.70772719,1,1.0,1.0,0.25,1,0.99977,0.99977,0.99977,1,0.99975,0.99975,0.99975,1
278,Myofibex,correct drug name,BN,low,single,278,0,Myofibex,Myofibex,myofibex,BN,low,0.3362036,0.3362036,0.3362036,1,0.70772719,0.70772719,0.70772719,1,1.0,3.0,0.75,1,0.00164,0.00164,0.00164,0,0.98427,0.98427,0.98427,1
279,METH0TREXATE,mispelled drug name,IN,low,single,279,1,METH0TREXATE,METH0TREXATE,meth0trexate,IN,low,0.00252344,0.00252344,0.00252344,0,0.70772719,0.70772719,0.70772719,1,1.0,12.0,1.0,1,0.99998,0.99998,0.99998,1,0.99977,0.99977,0.99977,1
280,ultra-zyme,correct drug name,BN,low,single,280,0,ultra-zyme,ultra-zyme,ultra-zyme,BN,low,2.49e-06,2.49e-06,2.49e-06,0,0.70772719,0.70772719,0.70772719,1,1.0,0.0,0.0,1,0.96322,0.96322,0.96322,1,0.00236,0.00236,0.00236,0
281,Cybalta,mispelled drug name,BN,low,single,281,1,Cybalta,Cybalta,cybalta,BN,low,1.278e-05,1.278e-05,1.278e-05,0,0.21633919,0.21633919,0.21633919,0,1.0,2.0,0.5,1,0.99888,0.99888,0.99888,1,0.00071,0.00071,0.00071,0
282,PednisoLONE-Moxifloxacin-Nepafenac,mispelled drug name,IN,low,single,282,1,PednisoLONE-Moxifloxacin-Nepafenac,PednisoLONE-Moxifloxacin-Nepafenac,pednisolone-moxifloxacin-nepafenac,IN,low,1.0,1.0,1.0,1,0.70772719,0.70772719,0.70772719,1,1.0,0.0,0.0,1,0.99994,0.99994,0.99994,1,0.99981,0.99981,0.99981,1
283,skelexid,mispelled drug name,BN,low,single,283,1,skelexid,skelexid,skelexid,BN,low,0.98081207,0.98081207,0.98081207,1,0.70772719,0.70772719,0.70772719,1,1.0,2.0,0.5,1,0.55186,0.55186,0.55186,1,0.99957,0.99957,0.99957,1
284,benzphetamine,correct drug name,IN,low,single,284,0,benzphetamine,benzphetamine,benzphetamine,IN,low,0.00028053,0.00028053,0.00028053,0,0.08111946,0.08111946,0.08111946,0,0.0,0.0,0.0,0,0.00295,0.00295,0.00295,0,0.00067,0.00067,0.00067,0
285,menthol-cetylpyridinium,correct drug name,IN,low,single,285,0,menthol-cetylpyridinium,menthol-cetylpyridinium,menthol-cetylpyridinium,IN,low,0.00511562,0.00511562,0.00511562,0,0.36088783,0.36088783,0.36088783,0,1.0,0.0,0.0,1,0.00234,0.00234,0.00234,0,0.71843,0.71843,0.71843,1
286,Tethalexin,mispelled drug name,IN,low,single,286,1,Tethalexin,Tethalexin,tethalexin,IN,low,0.01173852,0.01173852,0.01173852,0,0.70772719,0.70772719,0.70772719,1,1.0,2.0,0.5,1,0.01054,0.01054,0.01054,0,0.52612,0.52612,0.52612,1
287,Phetermine,mispelled drug name,IN,low,single,287,1,Phetermine,Phetermine,phetermine,IN,low,0.02683084,0.02683084,0.02683084,0,0.70772719,0.70772719,0.70772719,1,1.0,2.0,0.5,1,0.99726,0.99726,0.99726,1,0.99926,0.99926,0.99926,1
288,c-vancomycin,mispelled drug name,IN,low,single,288,1,c-vancomycin,c-vancomycin,c-vancomycin,IN,low,1.609e-05,1.609e-05,1.609e-05,0,0.16285042,0.16285042,0.16285042,0,1.0,2.0,0.5,1,0.94723,0.94723,0.94723,1,0.79496,0.79496,0.79496,1
289,isometheptene-acetaminophen-dichloralphenazone,correct drug name,IN,low,single,289,0,isometheptene-acetaminophen-dichloralphenazone,isometheptene-acetaminophen-dichloralphenazone,isometheptene-acetaminophen-dichloralphenazone,IN,low,0.00069583,0.00069583,0.00069583,0,0.70772719,0.70772719,0.70772719,1,1.0,0.0,0.0,1,0.0085,0.0085,0.0085,0,0.99746,0.99746,0.99746,1
290,pheneizine,mispelled drug name,IN,low,single,290,1,pheneizine,pheneizine,pheneizine,IN,low,0.98380882,0.98380882,0.98380882,1,0.10354069,0.10354069,0.10354069,0,1.0,1.0,0.25,1,0.99989,0.99989,0.99989,1,0.00041,0.00041,0.00041,0
291,Dermseptine,mispelled drug name,BN,low,single,291,1,Dermseptine,Dermseptine,dermseptine,BN,low,0.99999821,0.99999821,0.99999821,1,0.70772719,0.70772719,0.70772719,1,1.0,3.0,0.75,1,0.99899,0.99899,0.99899,1,0.99988,0.99988,0.99988,1
292,clotrimcicole,mispelled drug name,IN,low,single,292,1,clotrimcicole,clotrimcicole,clotrimcicole,IN,low,0.99999976,0.99999976,0.99999976,1,0.70772719,0.70772719,0.70772719,1,1.0,0.0,0.0,1,0.99993,0.99993,0.99993,1,0.99988,0.99988,0.99988,1
293,diclofenac-gabapentin-lidocaine-prilocaine,correct drug name,IN,low,single,293,0,diclofenac-gabapentin-lidocaine-prilocaine,diclofenac-gabapentin-lidocaine-prilocaine,diclofenac-gabapentin-lidocaine-prilocaine,IN,low,0.01275872,0.01275872,0.01275872,0,0.70772719,0.70772719,0.70772719,1,1.0,0.0,0.0,1,0.00094,0.00094,0.00094,0,0.0041,0.0041,0.0041,0
294,butremorphine,mispelled drug name,IN,low,single,294,1,butremorphine,butremorphine,butremorphine,IN,low,3.92e-06,3.92e-06,3.92e-06,0,0.70772719,0.70772719,0.70772719,1,1.0,2.0,0.5,1,0.02801,0.02801,0.02801,0,0.99959,0.99959,0.99959,1
295,lidocaine-diphenhydramine-alluminum-magnesium-simethiocone,mispelled drug name,IN,low,single,295,1,lidocaine-diphenhydramine-alluminum-magnesium-simethiocone,lidocaine-diphenhydramine-alluminum-magnesium-simethiocone,lidocaine-diphenhydramine-alluminum-magnesium-simethiocone,IN,low,0.47332945,0.47332945,0.47332945,1,0.70772719,0.70772719,0.70772719,1,1.0,0.0,0.0,1,0.99922,0.99922,0.99922,1,0.99973,0.99973,0.99973,1
296,NOVOLG,mispelled drug name,BN,low,single,296,1,NOVOLG,NOVOLG,novolg,BN,low,0.00042082,0.00042082,0.00042082,0,0.37582636,0.37582636,0.37582636,0,1.0,7.0,1.0,1,0.9979,0.9979,0.9979,1,0.99972,0.99972,0.99972,1
297,losarten,mispelled drug name,IN,low,single,297,1,losarten,losarten,losarten,IN,low,1.175e-05,1.175e-05,1.175e-05,0,0.30256125,0.30256125,0.30256125,0,1.0,1.0,0.25,1,0.99902,0.99902,0.99902,1,0.79169,0.79169,0.79169,1
298,albumin,correct non-drug name,IN,low,single,298,0,albumin,albumin,albumin,IN,low,5.7e-07,5.7e-07,5.7e-07,0,0.55443174,0.55443174,0.55443174,1,0.0,0.0,0.0,0,0.00113,0.00113,0.00113,0,0.00036,0.00036,0.00036,0
299,docusate-sena,mispelled drug name,IN,low,single,299,1,docusate-sena,docusate-sena,docusate-sena,IN,low,0.00364672,0.00364672,0.00364672,0,0.70772719,0.70772719,0.70772719,1,1.0,1.0,0.25,1,0.94676,0.94676,0.94676,1,0.99991,0.99991,0.99991,1
300,Lantaprost,mispelled drug name,IN,low,single,300,1,Lantaprost,Lantaprost,lantaprost,IN,low,3.82e-06,3.82e-06,3.82e-06,0,0.08329469,0.08329469,0.08329469,0,1.0,0.0,0.0,1,0.00081,0.00081,0.00081,0,0.99749,0.99749,0.99749,1
301,AQUAPHOR/mylanta/lidocaine,correct drug name,"BN,IN",low,single,301,0,AQUAPHOR/mylanta/lidocaine,AQUAPHOR/mylanta/lidocaine,aquaphor/mylanta/lidocaine,"BN, IN",low,0.99716252,0.99716252,0.99716252,1,0.70772719,0.70772719,0.70772719,1,1.0,0.0,0.0,1,0.00044,0.00044,0.00044,0,0.0008,0.0008,0.0008,0
302,Zenwise,correct non-drug name,,low,single,302,0,Zenwise,Zenwise,zenwise,nan,low,0.93702036,0.93702036,0.93702036,1,0.70772719,0.70772719,0.70772719,1,1.0,2.0,0.5,1,0.97026,0.97026,0.97026,1,0.99923,0.99923,0.99923,1
303,ArthoSoothe,mispelled drug name,BN,low,single,303,1,ArthoSoothe,ArthoSoothe,arthosoothe,BN,low,0.9141503,0.9141503,0.9141503,1,0.70772719,0.70772719,0.70772719,1,1.0,0.0,0.0,1,0.90128,0.90128,0.90128,1,0.99651,0.99651,0.99651,1
304,Lidocraine5&,mispelled drug name,IN,low,single,304,1,Lidocraine5&,Lidocraine5&,lidocraine5&,IN,low,0.99999976,0.99999976,0.99999976,1,0.70772719,0.70772719,0.70772719,1,1.0,0.0,0.0,1,0.99948,0.99948,0.99948,1,0.99977,0.99977,0.99977,1
305,potassium40meQ,mispelled drug name,IN,low,single,305,1,potassium40meQ,potassium40meQ,potassium40meq,IN,low,0.99999917,0.99999917,0.99999917,1,0.70772719,0.70772719,0.70772719,1,1.0,0.0,0.0,1,0.69654,0.69654,0.69654,1,0.9937,0.9937,0.9937,1
306,Introvale,correct drug name,BN,low,single,306,0,Introvale,Introvale,introvale,BN,low,0.99999905,0.99999905,0.99999905,1,0.70772719,0.70772719,0.70772719,1,0.0,0.0,0.0,0,0.00043,0.00043,0.00043,0,0.00239,0.00239,0.00239,0
307,Vicks,correct drug name,BN,low,single,307,0,Vicks,Vicks,vicks,BN,low,2.48e-06,2.48e-06,2.48e-06,0,0.40193921,0.40193921,0.40193921,1,0.0,0.0,0.0,0,0.00032,0.00032,0.00032,0,0.00056,0.00056,0.00056,0
308,D10W,correct short drug name,IN,low,single,308,0,D10W,D10W,d10w,IN,low,2.76e-06,2.76e-06,2.76e-06,0,0.48725244,0.48725244,0.48725244,1,1.0,4.0,1.0,1,0.01183,0.01183,0.01183,0,0.02689,0.02689,0.02689,0
309,Retrovir,correct drug name,BN,low,single,309,0,Retrovir,Retrovir,retrovir,BN,low,0.00010059,0.00010059,0.00010059,0,0.16161679,0.16161679,0.16161679,0,0.0,0.0,0.0,0,0.00152,0.00152,0.00152,0,0.00027,0.00027,0.00027,0
310,Cytose,correct drug name,BN,low,single,310,0,Cytose,Cytose,cytose,BN,low,2.04e-06,2.04e-06,2.04e-06,0,0.43770155,0.43770155,0.43770155,1,1.0,2.0,0.5,1,0.9982,0.9982,0.9982,1,0.99747,0.99747,0.99747,1
311,Mucositis,correct non-drug name,IN,low,single,311,0,Mucositis,Mucositis,mucositis,IN,low,0.44081867,0.44081867,0.44081867,1,0.55181682,0.55181682,0.55181682,1,0.0,0.0,0.0,0,0.00248,0.00248,0.00248,0,0.00064,0.00064,0.00064,0
312,phytomega,correct drug name,BN,low,single,312,0,phytomega,phytomega,phytomega,BN,low,5.599e-05,5.599e-05,5.599e-05,0,0.70772719,0.70772719,0.70772719,1,1.0,0.0,0.0,1,0.99983,0.99983,0.99983,1,0.97068,0.97068,0.97068,1
313,copaiba,correct drug name,IN,low,single,313,0,copaiba,copaiba,copaiba,IN,low,0.00094473,0.00094473,0.00094473,0,0.22632369,0.22632369,0.22632369,0,0.0,0.0,0.0,0,0.00088,0.00088,0.00088,0,0.0028,0.0028,0.0028,0
314,cyanocabalamin,mispelled drug name,IN,low,single,314,1,cyanocabalamin,cyanocabalamin,cyanocabalamin,IN,low,0.22562186,0.22562186,0.22562186,1,0.2553378,0.2553378,0.2553378,0,1.0,1.0,0.25,1,0.9965,0.9965,0.9965,1,0.99901,0.99901,0.99901,1
315,Niferx,mispelled drug name,BN,low,single,315,1,Niferx,Niferx,niferx,BN,low,0.99999988,0.99999988,0.99999988,1,0.36657849,0.36657849,0.36657849,0,1.0,2.0,0.5,1,0.9989,0.9989,0.9989,1,0.99709,0.99709,0.99709,1
316,fosomycin,mispelled drug name,IN,low,single,316,1,fosomycin,fosomycin,fosomycin,IN,low,1.98e-06,1.98e-06,1.98e-06,0,0.16423394,0.16423394,0.16423394,0,1.0,1.0,0.25,1,0.9952,0.9952,0.9952,1,0.0039,0.0039,0.0039,0
317,prev,not sure,BN,low,single,317,1,prev,prev,prev,BN,low,6.34e-06,6.34e-06,6.34e-06,0,0.53034496,0.53034496,0.53034496,1,1.0,1.0,0.25,1,0.31284,0.31284,0.31284,0,0.85507,0.85507,0.85507,1
318,toiterodine,mispelled drug name,IN,low,single,318,1,toiterodine,toiterodine,toiterodine,IN,low,0.99999952,0.99999952,0.99999952,1,0.70772719,0.70772719,0.70772719,1,1.0,1.0,0.25,1,0.99994,0.99994,0.99994,1,0.99955,0.99955,0.99955,1
319,eskalith,correct drug name,BN,low,single,319,0,eskalith,eskalith,eskalith,BN,low,6.61e-06,6.61e-06,6.61e-06,0,0.16198465,0.16198465,0.16198465,0,0.0,0.0,0.0,0,0.00739,0.00739,0.00739,0,0.00278,0.00278,0.00278,0
320,adenovir,mispelled non-drug name,IN,low,single,320,1,adenovir,adenovir,adenovir,IN,low,2.987e-05,2.987e-05,2.987e-05,0,0.24401857,0.24401857,0.24401857,0,1.0,1.0,0.25,1,0.00123,0.00123,0.00123,0,0.0004,0.0004,0.0004,0
321,phenyleprine,mispelled drug name,IN,low,single,321,1,phenyleprine,phenyleprine,phenyleprine,IN,low,0.00029627,0.00029627,0.00029627,0,0.25598589,0.25598589,0.25598589,0,1.0,1.0,0.25,1,0.99968,0.99968,0.99968,1,0.9998,0.9998,0.9998,1
322,atorvastatin(Lipitor),correct drug name,"BN,IN",low,single,322,0,atorvastatin(Lipitor),atorvastatin(Lipitor),atorvastatin(lipitor),"BN, IN",low,0.05429506,0.05429506,0.05429506,0,0.70772719,0.70772719,0.70772719,1,1.0,0.0,0.0,1,0.00026,0.00026,0.00026,0,0.01683,0.01683,0.01683,0
323,lozenge,correct non-drug name,IN,low,single,323,0,lozenge,lozenge,lozenge,IN,low,8.304e-05,8.304e-05,8.304e-05,0,0.6133436,0.6133436,0.6133436,1,0.0,0.0,0.0,0,0.00038,0.00038,0.00038,0,0.00049,0.00049,0.00049,0
324,Daurismo,correct drug name,BN,low,single,324,0,Daurismo,Daurismo,daurismo,BN,low,3.19e-06,3.19e-06,3.19e-06,0,0.70772719,0.70772719,0.70772719,1,0.0,0.0,0.0,0,0.00233,0.00233,0.00233,0,0.00726,0.00726,0.00726,0
325,LYCOPYRROLATE,mispelled drug name,IN,low,single,325,1,LYCOPYRROLATE,LYCOPYRROLATE,lycopyrrolate,IN,low,7e-07,7e-07,7e-07,0,0.70772719,0.70772719,0.70772719,1,1.0,14.0,1.0,1,0.9998,0.9998,0.9998,1,0.99978,0.99978,0.99978,1
326,carvedivol,mispelled drug name,IN,low,single,326,1,carvedivol,carvedivol,carvedivol,IN,low,0.00018977,0.00018977,0.00018977,0,0.70772719,0.70772719,0.70772719,1,1.0,1.0,0.25,1,0.9988,0.9988,0.9988,1,0.99977,0.99977,0.99977,1
327,desatinib,mispelled drug name,IN,low,single,327,1,desatinib,desatinib,desatinib,IN,low,0.16412833,0.16412833,0.16412833,1,0.25351617,0.25351617,0.25351617,0,1.0,1.0,0.25,1,0.00273,0.00273,0.00273,0,0.97759,0.97759,0.97759,1
328,nephro,correct non-drug name,BN,low,single,328,0,nephro,nephro,nephro,BN,low,3.85e-06,3.85e-06,3.85e-06,0,0.66777539,0.66777539,0.66777539,1,0.0,0.0,0.0,0,0.99693,0.99693,0.99693,1,0.97653,0.97653,0.97653,1
329,kayelalate,mispelled drug name,BN,low,single,329,1,kayelalate,kayelalate,kayelalate,BN,low,0.99997985,0.99997985,0.99997985,1,0.70772719,0.70772719,0.70772719,1,1.0,1.0,0.25,1,0.99954,0.99954,0.99954,1,0.001,0.001,0.001,0
330,Piperacill-tazobactam,mispelled drug name,IN,low,single,330,1,Piperacill-tazobactam,Piperacill-tazobactam,piperacill-tazobactam,IN,low,5.46e-06,5.46e-06,5.46e-06,0,0.70772719,0.70772719,0.70772719,1,1.0,3.0,0.75,1,0.00113,0.00113,0.00113,0,0.99984,0.99984,0.99984,1
331,cylsis,mispelled non-drug name,,low,single,331,1,cylsis,cylsis,cylsis,nan,low,0.99972874,0.99972874,0.99972874,1,0.70772719,0.70772719,0.70772719,1,1.0,2.0,0.5,1,0.96021,0.96021,0.96021,1,0.99006,0.99006,0.99006,1
332,xorelto,mispelled drug name,BN,low,single,332,1,xorelto,xorelto,xorelto,BN,low,4.538e-05,4.538e-05,4.538e-05,0,0.70772719,0.70772719,0.70772719,1,1.0,1.0,0.25,1,0.96865,0.96865,0.96865,1,0.98859,0.98859,0.98859,1
333,Medi-Derm,correct drug name,BN,low,single,333,0,Medi-Derm,Medi-Derm,medi-derm,BN,low,0.99710029,0.99710029,0.99710029,1,0.70772719,0.70772719,0.70772719,1,0.0,0.0,0.0,0,0.00027,0.00027,0.00027,0,0.00033,0.00033,0.00033,0
334,Visine-LR,correct drug name,BN,low,single,334,0,Visine-LR,Visine-LR,visine-lr,BN,low,7.393e-05,7.393e-05,7.393e-05,0,0.70772719,0.70772719,0.70772719,1,1.0,3.0,0.75,1,0.99993,0.99993,0.99993,1,0.9972,0.9972,0.9972,1
335,amitriptyine,mispelled drug name,IN,low,single,335,1,amitriptyine,amitriptyine,amitriptyine,IN,low,0.99999964,0.99999964,0.99999964,1,0.1266537,0.1266537,0.1266537,0,1.0,1.0,0.25,1,0.9998,0.9998,0.9998,1,0.99872,0.99872,0.99872,1
336,Ketoconazole/hydrocortizone/Zinc,mispelled drug name,IN,low,single,336,1,Ketoconazole/hydrocortizone/Zinc,Ketoconazole/hydrocortizone/Zinc,ketoconazole/hydrocortizone/zinc,IN,low,0.99999309,0.99999309,0.99999309,1,0.70772719,0.70772719,0.70772719,1,1.0,0.0,0.0,1,0.00096,0.00096,0.00096,0,0.99991,0.99991,0.99991,1
337,"lasix,IV",correct drug name,BN,low,single,337,0,"lasix,IV","lasix,IV","lasix,iv",BN,low,6.297e-05,6.297e-05,6.297e-05,0,0.70772719,0.70772719,0.70772719,1,1.0,0.0,0.0,1,0.06773,0.06773,0.06773,0,0.00721,0.00721,0.00721,0
338,calcium-carb-cholecalciferol,correct drug name,IN,low,single,338,0,calcium-carb-cholecalciferol,calcium-carb-cholecalciferol,calcium-carb-cholecalciferol,IN,low,0.00085938,0.00085938,0.00085938,0,0.70772719,0.70772719,0.70772719,1,1.0,0.0,0.0,1,0.00096,0.00096,0.00096,0,0.00965,0.00965,0.00965,0
339,Avitene,correct drug name,BN,low,single,339,0,Avitene,Avitene,avitene,BN,low,6.741e-05,6.741e-05,6.741e-05,0,0.11372007,0.11372007,0.11372007,0,0.0,0.0,0.0,0,0.00039,0.00039,0.00039,0,0.00048,0.00048,0.00048,0
340,Viokase,correct drug name,BN,low,single,340,0,Viokase,Viokase,viokase,BN,low,0.99994552,0.99994552,0.99994552,1,0.41756839,0.41756839,0.41756839,1,0.0,0.0,0.0,0,0.00056,0.00056,0.00056,0,0.00155,0.00155,0.00155,0
341,mg-orotate,correct drug name,IN,low,single,341,0,mg-orotate,mg-orotate,mg-orotate,IN,low,1.91e-05,1.91e-05,1.91e-05,0,0.3119233,0.3119233,0.3119233,0,1.0,0.0,0.0,1,0.98891,0.98891,0.98891,1,0.22631,0.22631,0.22631,0
342,Diomox,mispelled drug name,BN,low,single,342,1,Diomox,Diomox,diomox,BN,low,0.00046879,0.00046879,0.00046879,0,0.22281377,0.22281377,0.22281377,0,1.0,2.0,0.5,1,0.0552,0.0552,0.0552,0,0.0007,0.0007,0.0007,0
343,sterapred,correct drug name,BN,low,single,343,0,sterapred,sterapred,sterapred,BN,low,0.00386371,0.00386371,0.00386371,0,0.70772719,0.70772719,0.70772719,1,0.0,0.0,0.0,0,0.0023,0.0023,0.0023,0,0.0008,0.0008,0.0008,0
344,phoshatidylcholine,mispelled drug name,IN,low,single,344,1,phoshatidylcholine,phoshatidylcholine,phoshatidylcholine,IN,low,0.90498173,0.90498173,0.90498173,1,0.49537495,0.49537495,0.49537495,1,1.0,1.0,0.25,1,0.99997,0.99997,0.99997,1,0.93687,0.93687,0.93687,1
345,spriva,mispelled drug name,BN,low,single,345,1,spriva,spriva,spriva,BN,low,4.331e-05,4.331e-05,4.331e-05,0,0.22469431,0.22469431,0.22469431,0,1.0,1.0,0.25,1,0.93758,0.93758,0.93758,1,0.99321,0.99321,0.99321,1
346,Mepass,not sure,BN,low,single,346,1,Mepass,Mepass,mepass,BN,low,0.26371321,0.26371321,0.26371321,1,0.70772719,0.70772719,0.70772719,1,1.0,2.0,0.5,1,0.99961,0.99961,0.99961,1,0.99944,0.99944,0.99944,1
347,gluccosamine-chondroitin,mispelled drug name,IN,low,single,347,1,gluccosamine-chondroitin,gluccosamine-chondroitin,gluccosamine-chondroitin,IN,low,0.95740116,0.95740116,0.95740116,1,0.70772719,0.70772719,0.70772719,1,1.0,1.0,0.25,1,0.99996,0.99996,0.99996,1,0.99786,0.99786,0.99786,1
348,acteaminophine,mispelled drug name,IN,low,single,348,1,acteaminophine,acteaminophine,acteaminophine,IN,low,0.99999642,0.99999642,0.99999642,1,0.70772719,0.70772719,0.70772719,1,1.0,3.0,0.75,1,0.99994,0.99994,0.99994,1,0.95185,0.95185,0.95185,1
349,Keto/Cyc/Carb/Amit10/1/2/2,not sure,"BN,IN",low,single,349,1,Keto/Cyc/Carb/Amit10/1/2/2,Keto/Cyc/Carb/Amit10/1/2/2,keto/cyc/carb/amit10/1/2/2,"BN, IN",low,0.99999976,0.99999976,0.99999976,1,0.70772719,0.70772719,0.70772719,1,1.0,0.0,0.0,1,0.99872,0.99872,0.99872,1,0.99949,0.99949,0.99949,1
350,carvedilol(Coreg),correct drug name,"BN,IN",low,single,350,0,carvedilol(Coreg),carvedilol(Coreg),carvedilol(coreg),"BN, IN",low,0.42258671,0.42258671,0.42258671,1,0.70772719,0.70772719,0.70772719,1,1.0,0.0,0.0,1,0.00024,0.00024,0.00024,0,0.00042,0.00042,0.00042,0
351,Kertorolac,mispelled drug name,IN,low,single,351,1,Kertorolac,Kertorolac,kertorolac,IN,low,0.9996649,0.9996649,0.9996649,1,0.70772719,0.70772719,0.70772719,1,1.0,2.0,0.5,1,0.45311,0.45311,0.45311,0,0.98014,0.98014,0.98014,1
352,prosom,correct drug name,BN,low,single,352,0,prosom,prosom,prosom,BN,low,0.13398753,0.13398753,0.13398753,0,0.50022769,0.50022769,0.50022769,1,1.0,1.0,0.25,1,0.66112,0.66112,0.66112,1,0.99695,0.99695,0.99695,1
353,guiatussin,correct drug name,BN,low,single,353,0,guiatussin,guiatussin,guiatussin,BN,low,7.7e-06,7.7e-06,7.7e-06,0,0.70772719,0.70772719,0.70772719,1,0.0,0.0,0.0,0,0.00291,0.00291,0.00291,0,0.00216,0.00216,0.00216,0
354,K-tabs,correct drug name,BN,low,single,354,0,K-tabs,K-tabs,k-tabs,BN,low,3.339e-05,3.339e-05,3.339e-05,0,0.27763391,0.27763391,0.27763391,0,1.0,2.0,0.5,1,0.00123,0.00123,0.00123,0,0.12168,0.12168,0.12168,0
355,methylcobal,mispelled drug name,BN,low,single,355,1,methylcobal,methylcobal,methylcobal,BN,low,5.214e-05,5.214e-05,5.214e-05,0,0.40186697,0.40186697,0.40186697,1,1.0,2.0,0.5,1,0.00122,0.00122,0.00122,0,0.99969,0.99969,0.99969,1
356,bendryl:maalox:xylocaine,mispelled drug name,"BN,IN",low,single,356,1,bendryl:maalox:xylocaine,bendryl:maalox:xylocaine,bendryl:maalox:xylocaine,"BN, IN",low,0.99999547,0.99999547,0.99999547,1,0.70772719,0.70772719,0.70772719,1,1.0,0.0,0.0,1,0.99905,0.99905,0.99905,1,0.99988,0.99988,0.99988,1
357,Fluocinon,mispelled drug name,BN,low,single,357,1,Fluocinon,Fluocinon,fluocinon,BN,low,0.99996388,0.99996388,0.99996388,1,0.70772719,0.70772719,0.70772719,1,1.0,0.0,0.0,1,0.00426,0.00426,0.00426,0,0.99754,0.99754,0.99754,1
358,glucatrol,mispelled drug name,BN,low,single,358,1,glucatrol,glucatrol,glucatrol,BN,low,5.02e-06,5.02e-06,5.02e-06,0,0.1745958,0.1745958,0.1745958,0,1.0,1.0,0.25,1,0.31043,0.31043,0.31043,0,0.00029,0.00029,0.00029,0
359,tocotirenol,mispelled drug name,IN,low,single,359,1,tocotirenol,tocotirenol,tocotirenol,IN,low,0.99994886,0.99994886,0.99994886,1,0.70772719,0.70772719,0.70772719,1,1.0,2.0,0.5,1,0.99871,0.99871,0.99871,1,0.99675,0.99675,0.99675,1
360,Podocon,correct drug name,BN,low,single,360,0,Podocon,Podocon,podocon,BN,low,1.869e-05,1.869e-05,1.869e-05,0,0.70772719,0.70772719,0.70772719,1,0.0,0.0,0.0,0,0.00046,0.00046,0.00046,0,0.00021,0.00021,0.00021,0
361,optilock,correct non-drug name,BN,low,single,361,0,optilock,optilock,optilock,BN,low,2.31e-06,2.31e-06,2.31e-06,0,0.20742077,0.20742077,0.20742077,0,1.0,2.0,0.5,1,0.00105,0.00105,0.00105,0,0.01434,0.01434,0.01434,0
362,lubritears,correct drug name,BN,low,single,362,0,lubritears,lubritears,lubritears,BN,low,1.558e-05,1.558e-05,1.558e-05,0,0.70772719,0.70772719,0.70772719,1,1.0,0.0,0.0,1,0.00157,0.00157,0.00157,0,0.87945,0.87945,0.87945,1
363,Prochlolorperazine,mispelled drug name,IN,low,single,363,1,Prochlolorperazine,Prochlolorperazine,prochlolorperazine,IN,low,0.99999833,0.99999833,0.99999833,1,0.70772719,0.70772719,0.70772719,1,1.0,3.0,0.75,1,0.99916,0.99916,0.99916,1,0.99859,0.99859,0.99859,1
364,vitamints,correct drug name,BN,low,single,364,0,vitamints,vitamints,vitamints,BN,low,5.968e-05,5.968e-05,5.968e-05,0,0.70772719,0.70772719,0.70772719,1,0.0,0.0,0.0,0,0.00118,0.00118,0.00118,0,0.99036,0.99036,0.99036,1
365,argintein,mispelled drug name,BN,low,single,365,1,argintein,argintein,argintein,BN,low,0.99996817,0.99996817,0.99996817,1,0.70772719,0.70772719,0.70772719,1,1.0,0.0,0.0,1,0.99662,0.99662,0.99662,1,0.95935,0.95935,0.95935,1
366,Melaleca,mispelled non-drug name,BN,low,single,366,1,Melaleca,Melaleca,melaleca,BN,low,0.99464661,0.99464661,0.99464661,1,0.70772719,0.70772719,0.70772719,1,1.0,2.0,0.5,1,0.99778,0.99778,0.99778,1,0.70716,0.70716,0.70716,1
367,Mycolog-II,correct drug name,BN,low,single,367,0,Mycolog-II,Mycolog-II,mycolog-ii,BN,low,0.99999011,0.99999011,0.99999011,1,0.2340064,0.2340064,0.2340064,0,0.0,0.0,0.0,0,0.0009,0.0009,0.0009,0,0.00716,0.00716,0.00716,0
368,Trifolamin,correct drug name,BN,low,single,368,0,Trifolamin,Trifolamin,trifolamin,BN,low,0.63197297,0.63197297,0.63197297,1,0.70772719,0.70772719,0.70772719,1,1.0,0.0,0.0,1,0.0672,0.0672,0.0672,0,0.00394,0.00394,0.00394,0
369,fetinic,mispelled drug name,BN,low,single,369,1,fetinic,fetinic,fetinic,BN,low,7.711e-05,7.711e-05,7.711e-05,0,0.70772719,0.70772719,0.70772719,1,1.0,1.0,0.25,1,0.18367,0.18367,0.18367,0,0.99454,0.99454,0.99454,1
370,phernegan,mispelled drug name,BN,low,single,370,1,phernegan,phernegan,phernegan,BN,low,0.46865764,0.46865764,0.46865764,1,0.70772719,0.70772719,0.70772719,1,1.0,2.0,0.5,1,0.99995,0.99995,0.99995,1,0.98558,0.98558,0.98558,1
371,calc-D3-magnes-Zn-Cu-mangan-borat,nonstandard,IN,low,single,371,1,calc-D3-magnes-Zn-Cu-mangan-borat,calc-D3-magnes-Zn-Cu-mangan-borat,calc-d3-magnes-zn-cu-mangan-borat,IN,low,0.9999975,0.9999975,0.9999975,1,0.70772719,0.70772719,0.70772719,1,1.0,0.0,0.0,1,0.99978,0.99978,0.99978,1,0.9984,0.9984,0.9984,1
372,chlorpheniramine-phenyleph-DM,nonstandard,IN,low,single,372,1,chlorpheniramine-phenyleph-DM,chlorpheniramine-phenyleph-DM,chlorpheniramine-phenyleph-dm,IN,low,0.00014295,0.00014295,0.00014295,0,0.70772719,0.70772719,0.70772719,1,1.0,0.0,0.0,1,0.99994,0.99994,0.99994,1,0.9999,0.9999,0.9999,1
373,Neurpath-B,correct drug name,BN,low,single,373,0,Neurpath-B,Neurpath-B,neurpath-b,BN,low,4.046e-05,4.046e-05,4.046e-05,0,0.70772719,0.70772719,0.70772719,1,0.0,0.0,0.0,0,0.00096,0.00096,0.00096,0,0.01155,0.01155,0.01155,0
374,pramoxine-hydrocortisone,correct drug name,IN,low,single,374,0,pramoxine-hydrocortisone,pramoxine-hydrocortisone,pramoxine-hydrocortisone,IN,low,0.04257319,0.04257319,0.04257319,0,0.1529762,0.1529762,0.1529762,0,1.0,0.0,0.0,1,0.0061,0.0061,0.0061,0,0.00045,0.00045,0.00045,0
375,allertec,mispelled drug name,BN,low,single,375,1,allertec,allertec,allertec,BN,low,2.82e-06,2.82e-06,2.82e-06,0,0.70772719,0.70772719,0.70772719,1,1.0,1.0,0.25,1,0.10218,0.10218,0.10218,0,0.00045,0.00045,0.00045,0
376,hydrocodon-apap,mispelled drug name,IN,low,single,376,1,hydrocodon-apap,hydrocodon-apap,hydrocodon-apap,IN,low,0.01053594,0.01053594,0.01053594,0,0.70772719,0.70772719,0.70772719,1,1.0,0.0,0.0,1,0.99873,0.99873,0.99873,1,0.20006,0.20006,0.20006,0
377,Ondestran,mispelled drug name,IN,low,single,377,1,Ondestran,Ondestran,ondestran,IN,low,7.3e-07,7.3e-07,7.3e-07,0,0.70772719,0.70772719,0.70772719,1,1.0,0.0,0.0,1,0.99983,0.99983,0.99983,1,0.00277,0.00277,0.00277,0
378,ReadyCare,correct non-drug name,,low,single,378,0,ReadyCare,ReadyCare,readycare,nan,low,0.99999857,0.99999857,0.99999857,1,0.70772719,0.70772719,0.70772719,1,1.0,0.0,0.0,1,0.00669,0.00669,0.00669,0,0.8248,0.8248,0.8248,1
379,coke,correct non-drug name,,low,single,379,0,coke,coke,coke,nan,low,0.99999785,0.99999785,0.99999785,1,0.50519806,0.50519806,0.50519806,1,0.0,0.0,0.0,0,0.0007,0.0007,0.0007,0,0.00261,0.00261,0.00261,0
380,listrerine,mispelled drug name,BN,low,single,380,1,listrerine,listrerine,listrerine,BN,low,0.99999869,0.99999869,0.99999869,1,0.70772719,0.70772719,0.70772719,1,1.0,1.0,0.25,1,0.99899,0.99899,0.99899,1,0.13921,0.13921,0.13921,0
381,chondroitin/glucosamine/methylsulfonylme,mispelled drug name,IN,low,single,381,1,chondroitin/glucosamine/methylsulfonylme,chondroitin/glucosamine/methylsulfonylme,chondroitin/glucosamine/methylsulfonylme,IN,low,0.21250264,0.21250264,0.21250264,1,0.70772719,0.70772719,0.70772719,1,1.0,0.0,0.0,1,0.99997,0.99997,0.99997,1,0.70181,0.70181,0.70181,1
382,pantopraazole,mispelled drug name,IN,low,single,382,1,pantopraazole,pantopraazole,pantopraazole,IN,low,0.99999988,0.99999988,0.99999988,1,0.70772719,0.70772719,0.70772719,1,1.0,1.0,0.25,1,0.99997,0.99997,0.99997,1,0.99962,0.99962,0.99962,1
383,virtcap,mispelled drug name,BN,low,single,383,1,virtcap,virtcap,virtcap,BN,low,0.99999607,0.99999607,0.99999607,1,0.70772719,0.70772719,0.70772719,1,1.0,2.0,0.5,1,0.00077,0.00077,0.00077,0,0.99983,0.99983,0.99983,1
384,choraseptic,mispelled drug name,BN,low,single,384,1,choraseptic,choraseptic,choraseptic,BN,low,0.95700336,0.95700336,0.95700336,1,0.35096568,0.35096568,0.35096568,0,1.0,1.0,0.25,1,0.999,0.999,0.999,1,0.99215,0.99215,0.99215,1
385,ETHANOL,correct drug name,IN,low,single,385,0,ETHANOL,ETHANOL,ethanol,IN,low,0.00056226,0.00056226,0.00056226,0,0.53018123,0.53018123,0.53018123,1,0.0,0.0,0.0,0,0.00158,0.00158,0.00158,0,0.00285,0.00285,0.00285,0
386,predforte1%,mispelled drug name,BN,low,single,386,1,predforte1%,predforte1%,predforte1%,BN,low,0.99999905,0.99999905,0.99999905,1,0.70772719,0.70772719,0.70772719,1,1.0,0.0,0.0,1,0.99993,0.99993,0.99993,1,0.99987,0.99987,0.99987,1
387,fizanq,not sure,BN,low,single,387,1,fizanq,fizanq,fizanq,BN,low,0.99999893,0.99999893,0.99999893,1,0.70772719,0.70772719,0.70772719,1,1.0,2.0,0.5,1,0.99996,0.99996,0.99996,1,0.42649,0.42649,0.42649,0
388,bedtadine,mispelled drug name,BN,low,single,388,1,bedtadine,bedtadine,bedtadine,BN,low,0.99991596,0.99991596,0.99991596,1,0.70772719,0.70772719,0.70772719,1,1.0,1.0,0.25,1,0.99983,0.99983,0.99983,1,0.99984,0.99984,0.99984,1
389,Slow-FE,correct drug name,BN,low,single,389,0,Slow-FE,Slow-FE,slow-fe,BN,low,0.00470496,0.00470496,0.00470496,0,0.46895894,0.46895894,0.46895894,1,1.0,0.0,0.0,1,0.00086,0.00086,0.00086,0,0.0053,0.0053,0.0053,0
390,yogurt,correct non-drug name,IN,low,single,390,0,yogurt,yogurt,yogurt,IN,low,0.00065929,0.00065929,0.00065929,0,0.49964929,0.49964929,0.49964929,1,0.0,0.0,0.0,0,0.00053,0.00053,0.00053,0,0.00028,0.00028,0.00028,0
391,tumeric/curcumi,mispelled drug name,IN,low,single,391,1,tumeric/curcumi,tumeric/curcumi,tumeric/curcumi,IN,low,0.00944961,0.00944961,0.00944961,0,0.70772719,0.70772719,0.70772719,1,1.0,0.0,0.0,1,0.08553,0.08553,0.08553,0,0.9999,0.9999,0.9999,1
392,azrithromycin,mispelled drug name,IN,low,single,392,1,azrithromycin,azrithromycin,azrithromycin,IN,low,0.99999952,0.99999952,0.99999952,1,0.20939474,0.20939474,0.20939474,0,1.0,1.0,0.25,1,0.00112,0.00112,0.00112,0,0.99819,0.99819,0.99819,1
393,babyoil,correct non-drug name,,low,single,393,0,babyoil,babyoil,babyoil,nan,low,0.99999976,0.99999976,0.99999976,1,0.70772719,0.70772719,0.70772719,1,1.0,2.0,0.5,1,0.99883,0.99883,0.99883,1,0.62291,0.62291,0.62291,1
394,oxybutyin,mispelled drug name,IN,low,single,394,1,oxybutyin,oxybutyin,oxybutyin,IN,low,0.99999952,0.99999952,0.99999952,1,0.34459841,0.34459841,0.34459841,0,1.0,1.0,0.25,1,0.99996,0.99996,0.99996,1,0.98825,0.98825,0.98825,1
395,Prestalia,correct drug name,BN,low,single,395,0,Prestalia,Prestalia,prestalia,BN,low,5.18e-06,5.18e-06,5.18e-06,0,0.19223613,0.19223613,0.19223613,0,0.0,0.0,0.0,0,0.00196,0.00196,0.00196,0,0.00301,0.00301,0.00301,0
396,Hemady,correct drug name,BN,low,single,396,0,Hemady,Hemady,hemady,BN,low,8.6e-07,8.6e-07,8.6e-07,0,0.70772719,0.70772719,0.70772719,1,0.0,0.0,0.0,0,0.00141,0.00141,0.00141,0,0.00091,0.00091,0.00091,0
397,FRUITS,correct non-drug name,IN,low,single,397,0,FRUITS,FRUITS,fruits,IN,low,2.078e-05,2.078e-05,2.078e-05,0,0.61189169,0.61189169,0.61189169,1,0.0,0.0,0.0,0,0.00075,0.00075,0.00075,0,0.00037,0.00037,0.00037,0
398,Monuril,correct drug name,BN,low,single,398,0,Monuril,Monuril,monuril,BN,low,3.39e-06,3.39e-06,3.39e-06,0,0.17936349,0.17936349,0.17936349,0,0.0,0.0,0.0,0,0.0138,0.0138,0.0138,0,0.00575,0.00575,0.00575,0
399,diphendydramine-Maalox-Lidocaine,mispelled drug name,"BN,IN",low,single,399,1,diphendydramine-Maalox-Lidocaine,diphendydramine-Maalox-Lidocaine,diphendydramine-maalox-lidocaine,"BN, IN",low,0.89801186,0.89801186,0.89801186,1,0.70772719,0.70772719,0.70772719,1,1.0,0.0,0.0,1,0.99954,0.99954,0.99954,1,0.99989,0.99989,0.99989,1
400,Therasol,correct drug name,BN,low,single,400,0,Therasol,Therasol,therasol,BN,low,0.39343932,0.39343932,0.39343932,1,0.19709307,0.19709307,0.19709307,0,1.0,2.0,0.5,1,0.00258,0.00258,0.00258,0,0.00164,0.00164,0.00164,0
401,NuIron,mispelled drug name,BN,low,single,401,1,NuIron,NuIron,nuiron,BN,low,0.06530471,0.06530471,0.06530471,0,0.70772719,0.70772719,0.70772719,1,1.0,3.0,0.75,1,0.9999,0.9999,0.9999,1,0.00083,0.00083,0.00083,0
402,B12oral,mispelled drug name,IN,low,single,402,1,B12oral,B12oral,b12oral,IN,low,4.911e-05,4.911e-05,4.911e-05,0,0.70772719,0.70772719,0.70772719,1,1.0,3.0,0.75,1,0.99991,0.99991,0.99991,1,0.99762,0.99762,0.99762,1
403,digestamax,mispelled drug name,BN,low,single,403,1,digestamax,digestamax,digestamax,BN,low,1.849e-05,1.849e-05,1.849e-05,0,0.70772719,0.70772719,0.70772719,1,1.0,0.0,0.0,1,0.99616,0.99616,0.99616,1,0.99857,0.99857,0.99857,1
404,herbavision,correct drug name,BN,low,single,404,0,herbavision,herbavision,herbavision,BN,low,0.0160978,0.0160978,0.0160978,0,0.70772719,0.70772719,0.70772719,1,1.0,2.0,0.5,1,0.99741,0.99741,0.99741,1,0.99808,0.99808,0.99808,1
405,anldulafungin,mispelled drug name,IN,low,single,405,1,anldulafungin,anldulafungin,anldulafungin,IN,low,0.99999976,0.99999976,0.99999976,1,0.70772719,0.70772719,0.70772719,1,1.0,0.0,0.0,1,0.99997,0.99997,0.99997,1,0.0008,0.0008,0.0008,0
406,Glucosamine-chondroitin-msn,mispelled drug name,IN,low,single,406,1,Glucosamine-chondroitin-msn,Glucosamine-chondroitin-msn,glucosamine-chondroitin-msn,IN,low,0.99999964,0.99999964,0.99999964,1,0.70772719,0.70772719,0.70772719,1,1.0,0.0,0.0,1,0.00162,0.00162,0.00162,0,0.88483,0.88483,0.88483,1
407,dopamucina,mispelled drug name,IN,low,single,407,1,dopamucina,dopamucina,dopamucina,IN,low,0.25909233,0.25909233,0.25909233,1,0.70772719,0.70772719,0.70772719,1,1.0,0.0,0.0,1,0.9998,0.9998,0.9998,1,0.98344,0.98344,0.98344,1
408,Nitrolinqual,mispelled drug name,BN,low,single,408,1,Nitrolinqual,Nitrolinqual,nitrolinqual,BN,low,0.72929245,0.72929245,0.72929245,1,0.70772719,0.70772719,0.70772719,1,1.0,2.0,0.5,1,0.99964,0.99964,0.99964,1,0.99875,0.99875,0.99875,1
409,Limbex,correct drug name,BN,low,single,409,0,Limbex,Limbex,limbex,BN,low,3.917e-05,3.917e-05,3.917e-05,0,0.70772719,0.70772719,0.70772719,1,1.0,2.0,0.5,1,0.00177,0.00177,0.00177,0,0.98444,0.98444,0.98444,1
410,Omnivex,correct drug name,BN,low,single,410,0,Omnivex,Omnivex,omnivex,BN,low,0.91462123,0.91462123,0.91462123,1,0.70772719,0.70772719,0.70772719,1,1.0,3.0,0.75,1,0.00057,0.00057,0.00057,0,0.00607,0.00607,0.00607,0
411,Arthro-7,correct drug name,BN,low,single,411,0,Arthro-7,Arthro-7,arthro-7,BN,low,0.99999928,0.99999928,0.99999928,1,0.24820659,0.24820659,0.24820659,0,1.0,0.0,0.0,1,0.01106,0.01106,0.01106,0,0.0018,0.0018,0.0018,0
412,triamcinolone/zinc/nystatin,correct drug name,IN,low,single,412,0,triamcinolone/zinc/nystatin,triamcinolone/zinc/nystatin,triamcinolone/zinc/nystatin,IN,low,0.20063013,0.20063013,0.20063013,1,0.70772719,0.70772719,0.70772719,1,1.0,0.0,0.0,1,0.00067,0.00067,0.00067,0,0.0331,0.0331,0.0331,0
413,Aliquis,mispelled drug name,BN,low,single,413,1,Aliquis,Aliquis,aliquis,BN,low,2.47e-06,2.47e-06,2.47e-06,0,0.24853627,0.24853627,0.24853627,0,1.0,1.0,0.25,1,0.9968,0.9968,0.9968,1,0.99873,0.99873,0.99873,1
414,loxapine,correct drug name,IN,low,single,414,0,loxapine,loxapine,loxapine,IN,low,5.35e-06,5.35e-06,5.35e-06,0,0.12400118,0.12400118,0.12400118,0,0.0,0.0,0.0,0,0.00145,0.00145,0.00145,0,0.00057,0.00057,0.00057,0
415,bacrofen,mispelled drug name,IN,low,single,415,1,bacrofen,bacrofen,bacrofen,IN,low,0.01777908,0.01777908,0.01777908,0,0.29123506,0.29123506,0.29123506,0,1.0,1.0,0.25,1,0.00102,0.00102,0.00102,0,0.21781,0.21781,0.21781,0
416,Maalox-diphenhydramine-viscous,correct drug name,"BN,IN",low,single,416,0,Maalox-diphenhydramine-viscous,Maalox-diphenhydramine-viscous,maalox-diphenhydramine-viscous,"BN, IN",low,0.9970215,0.9970215,0.9970215,1,0.70772719,0.70772719,0.70772719,1,1.0,0.0,0.0,1,0.00059,0.00059,0.00059,0,0.00057,0.00057,0.00057,0
417,Dermovan,correct drug name,BN,low,single,417,0,Dermovan,Dermovan,dermovan,BN,low,0.00073124,0.00073124,0.00073124,0,0.24541472,0.24541472,0.24541472,0,1.0,3.0,0.75,1,0.04934,0.04934,0.04934,0,0.11445,0.11445,0.11445,0
418,Oyst-shell/D,mispelled drug name,IN,low,single,418,1,Oyst-shell/D,Oyst-shell/D,oyst-shell/d,IN,low,2.24e-06,2.24e-06,2.24e-06,0,0.70772719,0.70772719,0.70772719,1,1.0,0.0,0.0,1,0.00778,0.00778,0.00778,0,0.40444,0.40444,0.40444,0
419,equanil,correct drug name,BN,low,single,419,0,equanil,equanil,equanil,BN,low,3.8e-06,3.8e-06,3.8e-06,0,0.08707156,0.08707156,0.08707156,0,0.0,0.0,0.0,0,0.00296,0.00296,0.00296,0,0.00215,0.00215,0.00215,0
420,losartaan,mispelled drug name,IN,low,single,420,1,losartaan,losartaan,losartaan,IN,low,0.2474492,0.2474492,0.2474492,1,0.70772719,0.70772719,0.70772719,1,1.0,1.0,0.25,1,0.99997,0.99997,0.99997,1,0.00053,0.00053,0.00053,0
421,gapapentin,mispelled drug name,IN,low,single,421,1,gapapentin,gapapentin,gapapentin,IN,low,0.00862561,0.00862561,0.00862561,0,0.18069607,0.18069607,0.18069607,0,1.0,1.0,0.25,1,0.99939,0.99939,0.99939,1,0.99882,0.99882,0.99882,1
422,Telmisattan,mispelled drug name,IN,low,single,422,1,Telmisattan,Telmisattan,telmisattan,IN,low,0.99999976,0.99999976,0.99999976,1,0.25350642,0.25350642,0.25350642,0,1.0,2.0,0.5,1,0.99956,0.99956,0.99956,1,0.44934,0.44934,0.44934,0
423,multivit-min-FA-herbal,correct short drug name,IN,low,single,423,0,multivit-min-FA-herbal,multivit-min-FA-herbal,multivit-min-fa-herbal,IN,low,0.13812986,0.13812986,0.13812986,0,0.70772719,0.70772719,0.70772719,1,1.0,0.0,0.0,1,0.99637,0.99637,0.99637,1,0.99781,0.99781,0.99781,1
424,NutraView,correct drug name,BN,low,single,424,0,NutraView,NutraView,nutraview,BN,low,0.99999964,0.99999964,0.99999964,1,0.70772719,0.70772719,0.70772719,1,1.0,0.0,0.0,1,0.00044,0.00044,0.00044,0,0.99916,0.99916,0.99916,1
425,Exederine,mispelled drug name,BN,low,single,425,1,Exederine,Exederine,exederine,BN,low,0.80631024,0.80631024,0.80631024,1,0.70772719,0.70772719,0.70772719,1,1.0,3.0,0.75,1,0.10207,0.10207,0.10207,0,0.88364,0.88364,0.88364,1
426,Tindamax,correct drug name,BN,low,single,426,0,Tindamax,Tindamax,tindamax,BN,low,0.99966538,0.99966538,0.99966538,1,0.13682339,0.13682339,0.13682339,0,1.0,2.0,0.5,1,0.99973,0.99973,0.99973,1,0.99684,0.99684,0.99684,1
427,Rantidine,mispelled drug name,IN,low,single,427,1,Rantidine,Rantidine,rantidine,IN,low,4.18e-06,4.18e-06,4.18e-06,0,0.24281164,0.24281164,0.24281164,0,1.0,2.0,0.5,1,0.99957,0.99957,0.99957,1,0.99983,0.99983,0.99983,1
428,Napoxen,mispelled drug name,IN,low,single,428,1,Napoxen,Napoxen,napoxen,IN,low,0.06262402,0.06262402,0.06262402,0,0.15576141,0.15576141,0.15576141,0,1.0,2.0,0.5,1,0.94175,0.94175,0.94175,1,0.99982,0.99982,0.99982,1
429,amanthadine,mispelled drug name,IN,low,single,429,1,amanthadine,amanthadine,amanthadine,IN,low,5.066e-05,5.066e-05,5.066e-05,0,0.11298121,0.11298121,0.11298121,0,1.0,1.0,0.25,1,0.99952,0.99952,0.99952,1,0.68075,0.68075,0.68075,1
430,osteo,not sure,IN,low,single,430,1,osteo,osteo,osteo,IN,low,4.88e-06,4.88e-06,4.88e-06,0,0.65715814,0.65715814,0.65715814,1,0.0,0.0,0.0,0,0.48156,0.48156,0.48156,0,0.99859,0.99859,0.99859,1
431,Lintess,mispelled drug name,BN,low,single,431,1,Lintess,Lintess,lintess,BN,low,3.473e-05,3.473e-05,3.473e-05,0,0.70772719,0.70772719,0.70772719,1,1.0,2.0,0.5,1,0.56176,0.56176,0.56176,1,0.99935,0.99935,0.99935,1
432,glucos/chond,correct short drug name,IN,low,single,432,0,glucos/chond,glucos/chond,glucos/chond,IN,low,0.48501691,0.48501691,0.48501691,1,0.70772719,0.70772719,0.70772719,1,1.0,0.0,0.0,1,0.99988,0.99988,0.99988,1,0.9999,0.9999,0.9999,1
433,abacavir-dolutegravir-lamivudine,correct drug name,IN,low,single,433,0,abacavir-dolutegravir-lamivudine,abacavir-dolutegravir-lamivudine,abacavir-dolutegravir-lamivudine,IN,low,0.00047144,0.00047144,0.00047144,0,0.70772719,0.70772719,0.70772719,1,1.0,0.0,0.0,1,0.00044,0.00044,0.00044,0,0.00081,0.00081,0.00081,0
434,argentyn,correct drug name,BN,low,single,434,0,argentyn,argentyn,argentyn,BN,low,2.39e-05,2.39e-05,2.39e-05,0,0.70772719,0.70772719,0.70772719,1,1.0,2.0,0.5,1,0.99946,0.99946,0.99946,1,0.99964,0.99964,0.99964,1
435,bactoban,mispelled drug name,BN,low,single,435,1,bactoban,bactoban,bactoban,BN,low,3.23e-06,3.23e-06,3.23e-06,0,0.27339178,0.27339178,0.27339178,0,1.0,2.0,0.5,1,0.32258,0.32258,0.32258,0,0.99961,0.99961,0.99961,1
436,annusol-hc,mispelled drug name,BN,low,single,436,1,annusol-hc,annusol-hc,annusol-hc,BN,low,0.99999988,0.99999988,0.99999988,1,0.70772719,0.70772719,0.70772719,1,1.0,1.0,0.25,1,0.00794,0.00794,0.00794,0,0.99347,0.99347,0.99347,1
437,callergy,correct drug name,BN,low,single,437,0,callergy,callergy,callergy,BN,low,1.3e-06,1.3e-06,1.3e-06,0,0.70772719,0.70772719,0.70772719,1,0.0,0.0,0.0,0,0.00068,0.00068,0.00068,0,0.84882,0.84882,0.84882,1
438,Benzocaine-Chloroxylenol,correct drug name,IN,low,single,438,0,Benzocaine-Chloroxylenol,Benzocaine-Chloroxylenol,benzocaine-chloroxylenol,IN,low,0.99999726,0.99999726,0.99999726,1,0.70772719,0.70772719,0.70772719,1,1.0,0.0,0.0,1,0.01028,0.01028,0.01028,0,0.00105,0.00105,0.00105,0
439,zorinax,mispelled drug name,BN,low,single,439,1,zorinax,zorinax,zorinax,BN,low,8.67e-06,8.67e-06,8.67e-06,0,0.09004534,0.09004534,0.09004534,0,1.0,2.0,0.5,1,0.08639,0.08639,0.08639,0,0.01985,0.01985,0.01985,0
440,Synagis,correct drug name,BN,low,single,440,0,Synagis,Synagis,synagis,BN,low,0.74490571,0.74490571,0.74490571,1,0.31207404,0.31207404,0.31207404,0,0.0,0.0,0.0,0,0.00032,0.00032,0.00032,0,0.00072,0.00072,0.00072,0
441,EXCECDRIN,mispelled drug name,BN,low,single,441,1,EXCECDRIN,EXCECDRIN,excecdrin,BN,low,3.083e-05,3.083e-05,3.083e-05,0,0.70772719,0.70772719,0.70772719,1,1.0,9.0,1.0,1,0.99996,0.99996,0.99996,1,0.99973,0.99973,0.99973,1
442,glucosamin-HCL-MSM,mispelled drug name,IN,low,single,442,1,glucosamin-HCL-MSM,glucosamin-HCL-MSM,glucosamin-hcl-msm,IN,low,0.00015745,0.00015745,0.00015745,0,0.70772719,0.70772719,0.70772719,1,1.0,0.0,0.0,1,0.9999,0.9999,0.9999,1,0.0015,0.0015,0.0015,0
443,Vanacomycin,mispelled drug name,IN,low,single,443,1,Vanacomycin,Vanacomycin,vanacomycin,IN,low,1.353e-05,1.353e-05,1.353e-05,0,0.70772719,0.70772719,0.70772719,1,1.0,2.0,0.5,1,0.99952,0.99952,0.99952,1,0.99926,0.99926,0.99926,1
444,dolutegravir,correct drug name,IN,low,single,444,0,dolutegravir,dolutegravir,dolutegravir,IN,low,3.2e-06,3.2e-06,3.2e-06,0,0.12233514,0.12233514,0.12233514,0,0.0,0.0,0.0,0,0.00034,0.00034,0.00034,0,0.00164,0.00164,0.00164,0
445,Compoz,correct drug name,BN,low,single,445,0,Compoz,Compoz,compoz,BN,low,1.18e-06,1.18e-06,1.18e-06,0,0.70772719,0.70772719,0.70772719,1,0.0,0.0,0.0,0,0.05536,0.05536,0.05536,0,0.98981,0.98981,0.98981,1
446,metocompazole,mispelled drug name,IN,low,single,446,1,metocompazole,metocompazole,metocompazole,IN,low,5.691e-05,5.691e-05,5.691e-05,0,0.70772719,0.70772719,0.70772719,1,1.0,0.0,0.0,1,0.99958,0.99958,0.99958,1,0.9736,0.9736,0.9736,1
447,Losartin100mg/hctz12.5mg,mispelled drug name,IN,low,single,447,1,Losartin100mg/hctz12.5mg,Losartin100mg/hctz12.5mg,losartin100mg/hctz12.5mg,IN,low,1.0,1.0,1.0,1,0.70772719,0.70772719,0.70772719,1,1.0,0.0,0.0,1,0.02119,0.02119,0.02119,0,0.99991,0.99991,0.99991,1
448,multuivit,mispelled drug name,IN,low,single,448,1,multuivit,multuivit,multuivit,IN,low,0.99999917,0.99999917,0.99999917,1,0.70772719,0.70772719,0.70772719,1,1.0,1.0,0.25,1,0.99981,0.99981,0.99981,1,0.00314,0.00314,0.00314,0
449,Hydroguard,correct non-drug name,,low,single,449,0,Hydroguard,Hydroguard,hydroguard,nan,low,0.99999964,0.99999964,0.99999964,1,0.28362575,0.28362575,0.28362575,0,1.0,2.0,0.5,1,0.00601,0.00601,0.00601,0,0.03048,0.03048,0.03048,0
450,acetaminohen/dextromethorphan/guaifenensin/phenilephrine,mispelled drug name,IN,low,single,450,1,acetaminohen/dextromethorphan/guaifenensin/phenilephrine,acetaminohen/dextromethorphan/guaifenensin/phenilephrine,acetaminohen/dextromethorphan/guaifenensin/phenilephrine,IN,low,0.9998073,0.9998073,0.9998073,1,0.70772719,0.70772719,0.70772719,1,1.0,0.0,0.0,1,0.99994,0.99994,0.99994,1,0.9999,0.9999,0.9999,1
451,NITROFUANTION,mispelled drug name,IN,low,single,451,1,NITROFUANTION,NITROFUANTION,nitrofuantion,IN,low,2.07e-06,2.07e-06,2.07e-06,0,0.70772719,0.70772719,0.70772719,1,1.0,14.0,1.0,1,0.99995,0.99995,0.99995,1,0.88649,0.88649,0.88649,1
452,Prevnir23,mispelled drug name,BN,low,single,452,1,Prevnir23,Prevnir23,prevnir23,BN,low,0.99999893,0.99999893,0.99999893,1,0.70772719,0.70772719,0.70772719,1,1.0,0.0,0.0,1,0.99994,0.99994,0.99994,1,0.99896,0.99896,0.99896,1
453,ARGNAID,mispelled drug name,BN,low,single,453,1,ARGNAID,ARGNAID,argnaid,BN,low,0.36772889,0.36772889,0.36772889,1,0.70772719,0.70772719,0.70772719,1,1.0,8.0,1.0,1,0.99992,0.99992,0.99992,1,0.99985,0.99985,0.99985,1
454,miconazole-zinc,correct drug name,IN,low,single,454,0,miconazole-zinc,miconazole-zinc,miconazole-zinc,IN,low,1.237e-05,1.237e-05,1.237e-05,0,0.70772719,0.70772719,0.70772719,1,1.0,0.0,0.0,1,0.0019,0.0019,0.0019,0,0.00074,0.00074,0.00074,0
455,Emcyt,correct drug name,BN,low,single,455,0,Emcyt,Emcyt,emcyt,BN,low,0.83051759,0.83051759,0.83051759,1,0.21620181,0.21620181,0.21620181,0,0.0,0.0,0.0,0,0.00863,0.00863,0.00863,0,0.17952,0.17952,0.17952,0
456,guiaanfensin,mispelled drug name,IN,low,single,456,1,guiaanfensin,guiaanfensin,guiaanfensin,IN,low,0.99999976,0.99999976,0.99999976,1,0.70772719,0.70772719,0.70772719,1,1.0,0.0,0.0,1,0.9993,0.9993,0.9993,1,0.99966,0.99966,0.99966,1
457,aminodipine,mispelled drug name,IN,low,single,457,1,aminodipine,aminodipine,aminodipine,IN,low,0.00018081,0.00018081,0.00018081,0,0.70772719,0.70772719,0.70772719,1,1.0,2.0,0.5,1,0.10498,0.10498,0.10498,0,0.89708,0.89708,0.89708,1
458,Xepi,correct drug name,BN,low,single,458,0,Xepi,Xepi,xepi,BN,low,1.321e-05,1.321e-05,1.321e-05,0,0.70772719,0.70772719,0.70772719,1,0.0,0.0,0.0,0,0.00185,0.00185,0.00185,0,0.00708,0.00708,0.00708,0
459,Pepogest,correct drug name,BN,low,single,459,0,Pepogest,Pepogest,pepogest,BN,low,0.00023236,0.00023236,0.00023236,0,0.27883121,0.27883121,0.27883121,0,1.0,3.0,0.75,1,0.9941,0.9941,0.9941,1,0.99974,0.99974,0.99974,1
460,ansmasin,mispelled drug name,IN,low,single,460,1,ansmasin,ansmasin,ansmasin,IN,low,0.99997902,0.99997902,0.99997902,1,0.70772719,0.70772719,0.70772719,1,1.0,2.0,0.5,1,0.99978,0.99978,0.99978,1,0.99861,0.99861,0.99861,1
461,Rumaplex,correct drug name,BN,low,single,461,0,Rumaplex,Rumaplex,rumaplex,BN,low,0.0072221,0.0072221,0.0072221,0,0.70772719,0.70772719,0.70772719,1,1.0,3.0,0.75,1,0.99722,0.99722,0.99722,1,0.55277,0.55277,0.55277,1
462,comuadin,mispelled drug name,BN,low,single,462,1,comuadin,comuadin,comuadin,BN,low,0.99999952,0.99999952,0.99999952,1,0.70772719,0.70772719,0.70772719,1,1.0,2.0,0.5,1,0.99993,0.99993,0.99993,1,0.99841,0.99841,0.99841,1
463,lopermide,mispelled drug name,IN,low,single,463,1,lopermide,lopermide,lopermide,IN,low,0.87834609,0.87834609,0.87834609,1,0.70772719,0.70772719,0.70772719,1,1.0,1.0,0.25,1,0.99989,0.99989,0.99989,1,0.00754,0.00754,0.00754,0
464,cream,correct non-drug name,IN,low,single,464,0,cream,cream,cream,IN,low,3.44e-06,3.44e-06,3.44e-06,0,0.77717948,0.77717948,0.77717948,1,0.0,0.0,0.0,0,0.01348,0.01348,0.01348,0,0.00863,0.00863,0.00863,0
465,floravital,correct drug name,BN,low,single,465,0,floravital,floravital,floravital,BN,low,1.903e-05,1.903e-05,1.903e-05,0,0.70772719,0.70772719,0.70772719,1,1.0,0.0,0.0,1,0.00344,0.00344,0.00344,0,0.05628,0.05628,0.05628,0
466,serooquel,mispelled drug name,BN,low,single,466,1,serooquel,serooquel,serooquel,BN,low,0.99999869,0.99999869,0.99999869,1,0.70772719,0.70772719,0.70772719,1,1.0,1.0,0.25,1,0.99978,0.99978,0.99978,1,0.99384,0.99384,0.99384,1
467,retinal,correct non-drug name,IN,low,single,467,0,retinal,retinal,retinal,IN,low,2.537e-05,2.537e-05,2.537e-05,0,0.63360935,0.63360935,0.63360935,1,0.0,0.0,0.0,0,0.00363,0.00363,0.00363,0,0.00038,0.00038,0.00038,0
468,docusate-senna-50,correct drug name,IN,low,single,468,0,docusate-senna-50,docusate-senna-50,docusate-senna-50,IN,low,0.00068993,0.00068993,0.00068993,0,0.70772719,0.70772719,0.70772719,1,1.0,0.0,0.0,1,0.00216,0.00216,0.00216,0,0.00092,0.00092,0.00092,0
469,Medrox,correct drug name,BN,low,single,469,0,Medrox,Medrox,medrox,BN,low,0.10021152,0.10021152,0.10021152,0,0.70772719,0.70772719,0.70772719,1,0.0,0.0,0.0,0,0.00243,0.00243,0.00243,0,0.00072,0.00072,0.00072,0
470,Lentament,not sure,IN,low,single,470,1,Lentament,Lentament,lentament,IN,low,2.54e-06,2.54e-06,2.54e-06,0,0.70772719,0.70772719,0.70772719,1,1.0,2.0,0.5,1,0.03625,0.03625,0.03625,0,0.90024,0.90024,0.90024,1
471,inflamasol,correct drug name,BN,low,single,471,0,inflamasol,inflamasol,inflamasol,BN,low,8.62e-06,8.62e-06,8.62e-06,0,0.70772719,0.70772719,0.70772719,1,1.0,2.0,0.5,1,0.00154,0.00154,0.00154,0,0.00232,0.00232,0.00232,0
472,calcium-D3-K-B12-C-minerals,correct drug name,IN,low,single,472,0,calcium-D3-K-B12-C-minerals,calcium-D3-K-B12-C-minerals,calcium-d3-k-b12-c-minerals,IN,low,0.22636111,0.22636111,0.22636111,1,0.70772719,0.70772719,0.70772719,1,1.0,0.0,0.0,1,0.53138,0.53138,0.53138,1,0.99341,0.99341,0.99341,1
473,c-diltiazem,mispelled drug name,IN,low,single,473,1,c-diltiazem,c-diltiazem,c-diltiazem,IN,low,3.346e-05,3.346e-05,3.346e-05,0,0.70772719,0.70772719,0.70772719,1,1.0,2.0,0.5,1,0.4006,0.4006,0.4006,0,0.99767,0.99767,0.99767,1
474,duratears,correct drug name,BN,low,single,474,0,duratears,duratears,duratears,BN,low,3.27e-06,3.27e-06,3.27e-06,0,0.43619272,0.43619272,0.43619272,1,0.0,0.0,0.0,0,0.00062,0.00062,0.00062,0,0.00024,0.00024,0.00024,0
475,Selan,correct drug name,BN,low,single,475,0,Selan,Selan,selan,BN,low,1.72e-06,1.72e-06,1.72e-06,0,0.32532299,0.32532299,0.32532299,0,1.0,2.0,0.5,1,0.99647,0.99647,0.99647,1,0.99306,0.99306,0.99306,1
476,Nomlands,correct drug name,BN,low,single,476,0,Nomlands,Nomlands,nomlands,BN,low,0.99999833,0.99999833,0.99999833,1,0.70772719,0.70772719,0.70772719,1,1.0,2.0,0.5,1,0.99963,0.99963,0.99963,1,0.9996,0.9996,0.9996,1
477,CLONDINE/CATAPRES,mispelled drug name,"BN,IN",low,single,477,1,CLONDINE/CATAPRES,CLONDINE/CATAPRES,clondine/catapres,"BN, IN",low,0.00025112,0.00025112,0.00025112,0,0.70772719,0.70772719,0.70772719,1,1.0,0.0,0.0,1,0.99952,0.99952,0.99952,1,0.9999,0.9999,0.9999,1
478,florinet,mispelled drug name,BN,low,single,478,1,florinet,florinet,florinet,BN,low,0.13032643,0.13032643,0.13032643,0,0.70772719,0.70772719,0.70772719,1,1.0,1.0,0.25,1,0.98839,0.98839,0.98839,1,0.99795,0.99795,0.99795,1
479,endocodone,correct drug name,BN,low,single,479,0,endocodone,endocodone,endocodone,BN,low,4.31e-06,4.31e-06,4.31e-06,0,0.70772719,0.70772719,0.70772719,1,0.0,0.0,0.0,0,0.00333,0.00333,0.00333,0,0.02967,0.02967,0.02967,0
480,Niacinade,mispelled drug name,IN,low,single,480,1,Niacinade,Niacinade,niacinade,IN,low,0.99998868,0.99998868,0.99998868,1,0.70772719,0.70772719,0.70772719,1,1.0,2.0,0.5,1,0.04789,0.04789,0.04789,0,0.98313,0.98313,0.98313,1
481,procetocel,mispelled drug name,BN,low,single,481,1,procetocel,procetocel,procetocel,BN,low,2.694e-05,2.694e-05,2.694e-05,0,0.70772719,0.70772719,0.70772719,1,1.0,0.0,0.0,1,0.02054,0.02054,0.02054,0,0.00111,0.00111,0.00111,0
482,ProFema,correct drug name,BN,low,single,482,0,ProFema,ProFema,profema,BN,low,0.00188626,0.00188626,0.00188626,0,0.70772719,0.70772719,0.70772719,1,1.0,4.0,1.0,1,0.89442,0.89442,0.89442,1,0.0004,0.0004,0.0004,0
483,egocalciferol,mispelled drug name,IN,low,single,483,1,egocalciferol,egocalciferol,egocalciferol,IN,low,2.913e-05,2.913e-05,2.913e-05,0,0.28715762,0.28715762,0.28715762,0,1.0,1.0,0.25,1,0.99808,0.99808,0.99808,1,0.99652,0.99652,0.99652,1
484,fofosfomycin,mispelled drug name,IN,low,single,484,1,fofosfomycin,fofosfomycin,fofosfomycin,IN,low,0.99985445,0.99985445,0.99985445,1,0.70772719,0.70772719,0.70772719,1,1.0,2.0,0.5,1,0.02864,0.02864,0.02864,0,0.99941,0.99941,0.99941,1
485,Calazine,mispelled drug name,BN,low,single,485,1,Calazine,Calazine,calazine,BN,low,7.04e-06,7.04e-06,7.04e-06,0,0.70772719,0.70772719,0.70772719,1,1.0,2.0,0.5,1,0.0018,0.0018,0.0018,0,0.03171,0.03171,0.03171,0
486,asoercream,mispelled drug name,BN,low,single,486,1,asoercream,asoercream,asoercream,BN,low,0.99999976,0.99999976,0.99999976,1,0.70772719,0.70772719,0.70772719,1,1.0,0.0,0.0,1,0.99996,0.99996,0.99996,1,0.99988,0.99988,0.99988,1
487,Omeparzole,mispelled drug name,IN,low,single,487,1,Omeparzole,Omeparzole,omeparzole,IN,low,0.30737758,0.30737758,0.30737758,1,0.12503649,0.12503649,0.12503649,0,1.0,3.0,0.75,1,0.99434,0.99434,0.99434,1,0.9821,0.9821,0.9821,1
488,Neuraquin,not sure,BN,low,single,488,1,Neuraquin,Neuraquin,neuraquin,BN,low,0.99999857,0.99999857,0.99999857,1,0.70772719,0.70772719,0.70772719,1,1.0,0.0,0.0,1,0.78059,0.78059,0.78059,1,0.9924,0.9924,0.9924,1
489,Pheneen,correct drug name,BN,low,single,489,0,Pheneen,Pheneen,pheneen,BN,low,0.99999869,0.99999869,0.99999869,1,0.70772719,0.70772719,0.70772719,1,1.0,3.0,0.75,1,0.99977,0.99977,0.99977,1,0.99981,0.99981,0.99981,1
490,Betadine(povidone-iodine)OTC,correct drug name,"BN,IN",low,single,490,0,Betadine(povidone-iodine)OTC,Betadine(povidone-iodine)OTC,betadine(povidone-iodine)otc,"BN, IN",low,5.489e-05,5.489e-05,5.489e-05,0,0.70772719,0.70772719,0.70772719,1,1.0,0.0,0.0,1,0.00103,0.00103,0.00103,0,0.00071,0.00071,0.00071,0
491,banophen/nystatin/lido,correct drug name,"BN,IN",low,single,491,0,banophen/nystatin/lido,banophen/nystatin/lido,banophen/nystatin/lido,"BN, IN",low,0.99998891,0.99998891,0.99998891,1,0.70772719,0.70772719,0.70772719,1,1.0,0.0,0.0,1,0.00082,0.00082,0.00082,0,0.00133,0.00133,0.00133,0
492,Macrob100mg,mispelled drug name,BN,low,single,492,1,Macrob100mg,Macrob100mg,macrob100mg,BN,low,0.97594607,0.97594607,0.97594607,1,0.70772719,0.70772719,0.70772719,1,1.0,0.0,0.0,1,0.99595,0.99595,0.99595,1,0.99939,0.99939,0.99939,1
493,Haldol/Haloperidol,correct drug name,"BN,IN",low,single,493,0,Haldol/Haloperidol,Haldol/Haloperidol,haldol/haloperidol,"BN, IN",low,0.02881535,0.02881535,0.02881535,0,0.70772719,0.70772719,0.70772719,1,1.0,0.0,0.0,1,0.00055,0.00055,0.00055,0,0.01905,0.01905,0.01905,0
494,VEGGIES,correct non-drug name,,low,single,494,0,VEGGIES,VEGGIES,veggies,nan,low,9.4e-07,9.4e-07,9.4e-07,0,0.53324169,0.53324169,0.53324169,1,0.0,0.0,0.0,0,0.0024,0.0024,0.0024,0,0.91144,0.91144,0.91144,1
495,calmazime,mispelled drug name,BN,low,single,495,1,calmazime,calmazime,calmazime,BN,low,0.31677276,0.31677276,0.31677276,1,0.70772719,0.70772719,0.70772719,1,1.0,1.0,0.25,1,0.94999,0.94999,0.94999,1,0.99725,0.99725,0.99725,1
496,1,not sure,,low,single,496,1,1,1,1,nan,low,0.05776417,0.05776417,0.05776417,0,0.69431621,0.69431621,0.69431621,1,0.0,0.0,0.0,0,0.80974,0.80974,0.80974,1,0.8266,0.8266,0.8266,1
497,Reglan10mg,mispelled drug name,BN,low,single,497,1,Reglan10mg,Reglan10mg,reglan10mg,BN,low,0.99999964,0.99999964,0.99999964,1,0.299777,0.299777,0.299777,0,1.0,0.0,0.0,1,0.16448,0.16448,0.16448,0,0.9095,0.9095,0.9095,1
498,1:1:1:1,not sure,,low,single,498,1,1:1:1:1,1:1:1:1,1:1:1:1,nan,low,0.00026762,0.00026762,0.00026762,0,0.71097261,0.71097261,0.71097261,1,1.0,0.0,0.0,1,0.99996,0.99996,0.99996,1,0.99988,0.99988,0.99988,1
499,spirivia,mispelled drug name,BN,low,single,499,1,spirivia,spirivia,spirivia,BN,low,5.558e-05,5.558e-05,5.558e-05,0,0.31114811,0.31114811,0.31114811,0,1.0,1.0,0.25,1,0.00564,0.00564,0.00564,0,0.02278,0.02278,0.02278,0
500,Glucosamine-Chondr-D3,mispelled drug name,IN,low,single,500,1,Glucosamine-Chondr-D3,Glucosamine-Chondr-D3,glucosamine-chondr-d3,IN,low,0.99999976,0.99999976,0.99999976,1,0.70772719,0.70772719,0.70772719,1,1.0,0.0,0.0,1,0.99984,0.99984,0.99984,1,0.99988,0.99988,0.99988,1
501,Coughtab,mispelled drug name,IN,low,single,501,1,Coughtab,Coughtab,coughtab,IN,low,0.99999964,0.99999964,0.99999964,1,0.70772719,0.70772719,0.70772719,1,1.0,0.0,0.0,1,0.03374,0.03374,0.03374,0,0.99953,0.99953,0.99953,1
502,Tusslin,correct drug name,BN,low,single,502,0,Tusslin,Tusslin,tusslin,BN,low,0.99999976,0.99999976,0.99999976,1,0.70772719,0.70772719,0.70772719,1,0.0,0.0,0.0,0,0.00051,0.00051,0.00051,0,0.00537,0.00537,0.00537,0
503,Orthogel.,mispelled drug name,BN,low,single,503,1,Orthogel.,Orthogel.,orthogel.,BN,low,0.05805706,0.05805706,0.05805706,0,0.70772719,0.70772719,0.70772719,1,1.0,0.0,0.0,1,0.8381,0.8381,0.8381,1,0.99872,0.99872,0.99872,1
504,alum-maghydroxide-simeth,correct drug name,IN,low,single,504,0,alum-maghydroxide-simeth,alum-maghydroxide-simeth,alum-maghydroxide-simeth,IN,low,0.00488916,0.00488916,0.00488916,0,0.70772719,0.70772719,0.70772719,1,1.0,0.0,0.0,1,0.99959,0.99959,0.99959,1,0.00033,0.00033,0.00033,0
505,zzlutein,mispelled drug name,IN,low,single,505,1,zzlutein,zzlutein,zzlutein,IN,low,0.99999964,0.99999964,0.99999964,1,0.70772719,0.70772719,0.70772719,1,1.0,2.0,0.5,1,0.99993,0.99993,0.99993,1,0.99975,0.99975,0.99975,1
506,HyoMax-FT,correct drug name,BN,low,single,506,0,HyoMax-FT,HyoMax-FT,hyomax-ft,BN,low,0.06260197,0.06260197,0.06260197,0,0.70772719,0.70772719,0.70772719,1,1.0,0.0,0.0,1,0.00564,0.00564,0.00564,0,0.99086,0.99086,0.99086,1
507,tubegrip,mispelled non-drug name,BN,low,single,507,1,tubegrip,tubegrip,tubegrip,BN,low,0.44451463,0.44451463,0.44451463,1,0.70772719,0.70772719,0.70772719,1,1.0,0.0,0.0,1,0.99596,0.99596,0.99596,1,0.99984,0.99984,0.99984,1
508,Bisaprolol,mispelled drug name,IN,low,single,508,1,Bisaprolol,Bisaprolol,bisaprolol,IN,low,4.437e-05,4.437e-05,4.437e-05,0,0.70772719,0.70772719,0.70772719,1,1.0,2.0,0.5,1,0.99484,0.99484,0.99484,1,0.17627,0.17627,0.17627,0
509,zofran4mg,mispelled drug name,BN,low,single,509,1,zofran4mg,zofran4mg,zofran4mg,BN,low,0.99999988,0.99999988,0.99999988,1,0.33255589,0.33255589,0.33255589,0,1.0,0.0,0.0,1,0.2048,0.2048,0.2048,0,0.99987,0.99987,0.99987,1
510,HYDRGUARD,mispelled drug name,BN,low,single,510,1,HYDRGUARD,HYDRGUARD,hydrguard,BN,low,0.00010772,0.00010772,0.00010772,0,0.70772719,0.70772719,0.70772719,1,1.0,10.0,1.0,1,0.99941,0.99941,0.99941,1,0.99478,0.99478,0.99478,1
511,agopt,not sure,BN,low,single,511,1,agopt,agopt,agopt,BN,low,0.97926873,0.97926873,0.97926873,1,0.70772719,0.70772719,0.70772719,1,1.0,1.0,0.25,1,0.99985,0.99985,0.99985,1,0.99985,0.99985,0.99985,1
512,oxycoodone,mispelled drug name,IN,low,single,512,1,oxycoodone,oxycoodone,oxycoodone,IN,low,0.00016598,0.00016598,0.00016598,0,0.70772719,0.70772719,0.70772719,1,1.0,1.0,0.25,1,0.99955,0.99955,0.99955,1,0.99907,0.99907,0.99907,1
513,deatetrabenzanine,mispelled drug name,IN,low,single,513,1,deatetrabenzanine,deatetrabenzanine,deatetrabenzanine,IN,low,0.99993086,0.99993086,0.99993086,1,0.70772719,0.70772719,0.70772719,1,1.0,0.0,0.0,1,0.99683,0.99683,0.99683,1,0.14449,0.14449,0.14449,0
514,Predniisolone,mispelled drug name,IN,low,single,514,1,Predniisolone,Predniisolone,predniisolone,IN,low,0.99999988,0.99999988,0.99999988,1,0.70772719,0.70772719,0.70772719,1,1.0,2.0,0.5,1,0.99892,0.99892,0.99892,1,0.99939,0.99939,0.99939,1
515,Magensium,mispelled drug name,IN,low,single,515,1,Magensium,Magensium,magensium,IN,low,0.1172682,0.1172682,0.1172682,0,0.68920249,0.68920249,0.68920249,1,1.0,3.0,0.75,1,0.99992,0.99992,0.99992,1,0.99941,0.99941,0.99941,1
516,olfloxacin,mispelled drug name,IN,low,single,516,1,olfloxacin,olfloxacin,olfloxacin,IN,low,0.99999881,0.99999881,0.99999881,1,0.16059649,0.16059649,0.16059649,0,1.0,1.0,0.25,1,0.99937,0.99937,0.99937,1,0.01245,0.01245,0.01245,0
517,metformin-stiagliptan,mispelled drug name,IN,low,single,517,1,metformin-stiagliptan,metformin-stiagliptan,metformin-stiagliptan,IN,low,0.00021488,0.00021488,0.00021488,0,0.70772719,0.70772719,0.70772719,1,1.0,0.0,0.0,1,0.9967,0.9967,0.9967,1,0.99909,0.99909,0.99909,1
518,methemine,mispelled drug name,IN,low,single,518,1,methemine,methemine,methemine,IN,low,1.93e-06,1.93e-06,1.93e-06,0,0.70772719,0.70772719,0.70772719,1,1.0,1.0,0.25,1,0.00326,0.00326,0.00326,0,0.00364,0.00364,0.00364,0
519,"Multivitamin-A,B,D,E,K,ZN",correct drug name,IN,low,single,519,0,"Multivitamin-A,B,D,E,K,ZN","Multivitamin-A,B,D,E,K,ZN","multivitamin-a,b,d,e,k,zn",IN,low,0.99999976,0.99999976,0.99999976,1,0.70772719,0.70772719,0.70772719,1,1.0,0.0,0.0,1,0.11549,0.11549,0.11549,0,0.34523,0.34523,0.34523,0
520,simethacone,mispelled drug name,IN,low,single,520,1,simethacone,simethacone,simethacone,IN,low,0.99810874,0.99810874,0.99810874,1,0.29741731,0.29741731,0.29741731,0,1.0,1.0,0.25,1,0.02813,0.02813,0.02813,0,0.00086,0.00086,0.00086,0
521,Ceftraxone,mispelled drug name,IN,low,single,521,1,Ceftraxone,Ceftraxone,ceftraxone,IN,low,0.99999952,0.99999952,0.99999952,1,0.24811281,0.24811281,0.24811281,0,1.0,2.0,0.5,1,0.00516,0.00516,0.00516,0,0.99022,0.99022,0.99022,1
522,Glucosam-Chondroitin,mispelled drug name,IN,low,single,522,1,Glucosam-Chondroitin,Glucosam-Chondroitin,glucosam-chondroitin,IN,low,0.99999964,0.99999964,0.99999964,1,0.70772719,0.70772719,0.70772719,1,1.0,0.0,0.0,1,0.00258,0.00258,0.00258,0,0.99964,0.99964,0.99964,1
523,CholesteRice,correct drug name,BN,low,single,523,0,CholesteRice,CholesteRice,cholesterice,BN,low,0.99945325,0.99945325,0.99945325,1,0.70772719,0.70772719,0.70772719,1,1.0,0.0,0.0,1,0.99985,0.99985,0.99985,1,0.99977,0.99977,0.99977,1
524,Terraflora,correct non-drug name,,low,single,524,0,Terraflora,Terraflora,terraflora,nan,low,2.111e-05,2.111e-05,2.111e-05,0,0.70772719,0.70772719,0.70772719,1,1.0,3.0,0.75,1,0.00218,0.00218,0.00218,0,0.99987,0.99987,0.99987,1
525,cefzel,mispelled drug name,BN,low,single,525,1,cefzel,cefzel,cefzel,BN,low,0.00018905,0.00018905,0.00018905,0,0.70772719,0.70772719,0.70772719,1,1.0,1.0,0.25,1,0.45113,0.45113,0.45113,0,0.99914,0.99914,0.99914,1
526,Hydrochlorothiazide-Triamterene,correct drug name,BN,low,single,526,0,Hydrochlorothiazide-Triamterene,Hydrochlorothiazide-Triamterene,hydrochlorothiazide-triamterene,BN,low,0.99994326,0.99994326,0.99994326,1,0.13736592,0.13736592,0.13736592,0,0.0,0.0,0.0,0,0.00064,0.00064,0.00064,0,0.00041,0.00041,0.00041,0
527,zorfan,mispelled drug name,BN,low,single,527,1,zorfan,zorfan,zorfan,BN,low,2.56e-06,2.56e-06,2.56e-06,0,0.18003951,0.18003951,0.18003951,0,1.0,2.0,0.5,1,0.87192,0.87192,0.87192,1,0.99986,0.99986,0.99986,1
528,nebilet,correct drug name,BN,low,single,528,0,nebilet,nebilet,nebilet,BN,low,2.48e-06,2.48e-06,2.48e-06,0,0.25306323,0.25306323,0.25306323,0,1.0,2.0,0.5,1,0.96683,0.96683,0.96683,1,0.99489,0.99489,0.99489,1
529,Powerhouse-GVS,not sure,BN,low,single,529,1,Powerhouse-GVS,Powerhouse-GVS,powerhouse-gvs,BN,low,0.00517174,0.00517174,0.00517174,0,0.70772719,0.70772719,0.70772719,1,1.0,0.0,0.0,1,0.99698,0.99698,0.99698,1,0.97967,0.97967,0.97967,1
530,APIXBAN,mispelled drug name,IN,low,single,530,1,APIXBAN,APIXBAN,apixban,IN,low,5.956e-05,5.956e-05,5.956e-05,0,0.19560984,0.19560984,0.19560984,0,1.0,8.0,1.0,1,0.9998,0.9998,0.9998,1,0.99926,0.99926,0.99926,1
531,Cal-D,correct drug name,BN,low,single,531,0,Cal-D,Cal-D,cal-d,BN,low,0.00014708,0.00014708,0.00014708,0,0.38716334,0.38716334,0.38716334,1,0.0,0.0,0.0,0,0.00184,0.00184,0.00184,0,0.00078,0.00078,0.00078,0
532,CyFolex,correct drug name,BN,low,single,532,0,CyFolex,CyFolex,cyfolex,BN,low,8.336e-05,8.336e-05,8.336e-05,0,0.70772719,0.70772719,0.70772719,1,1.0,3.0,0.75,1,0.99981,0.99981,0.99981,1,0.99975,0.99975,0.99975,1
533,triplix,mispelled drug name,BN,low,single,533,1,triplix,triplix,triplix,BN,low,1.904e-05,1.904e-05,1.904e-05,0,0.45574903,0.45574903,0.45574903,1,1.0,1.0,0.25,1,0.19492,0.19492,0.19492,0,0.99782,0.99782,0.99782,1
534,ocutivite,mispelled drug name,BN,low,single,534,1,ocutivite,ocutivite,ocutivite,BN,low,0.19813626,0.19813626,0.19813626,1,0.70772719,0.70772719,0.70772719,1,1.0,2.0,0.5,1,0.98901,0.98901,0.98901,1,0.97282,0.97282,0.97282,1
535,UBIQINONE,mispelled drug name,IN,low,single,535,1,UBIQINONE,UBIQINONE,ubiqinone,IN,low,1.79e-06,1.79e-06,1.79e-06,0,0.19129987,0.19129987,0.19129987,0,1.0,10.0,1.0,1,0.99993,0.99993,0.99993,1,0.99985,0.99985,0.99985,1
536,Starch,correct non-drug name,IN,low,single,536,0,Starch,Starch,starch,IN,low,1.368e-05,1.368e-05,1.368e-05,0,0.63466603,0.63466603,0.63466603,1,0.0,0.0,0.0,0,0.0007,0.0007,0.0007,0,0.00034,0.00034,0.00034,0
537,lutein/zeaxanthin,correct drug name,IN,low,single,537,0,lutein/zeaxanthin,lutein/zeaxanthin,lutein/zeaxanthin,IN,low,0.13740583,0.13740583,0.13740583,0,0.43523881,0.43523881,0.43523881,1,1.0,0.0,0.0,1,0.00065,0.00065,0.00065,0,0.00041,0.00041,0.00041,0
538,BI-FLEX,correct drug name,BN,low,single,538,0,BI-FLEX,BI-FLEX,bi-flex,BN,low,2.69e-06,2.69e-06,2.69e-06,0,0.36403248,0.36403248,0.36403248,0,0.0,0.0,0.0,0,0.00193,0.00193,0.00193,0,0.00031,0.00031,0.00031,0
539,Gleolan,correct drug name,BN,low,single,539,0,Gleolan,Gleolan,gleolan,BN,low,0.99926025,0.99926025,0.99926025,1,0.14003277,0.14003277,0.14003277,0,0.0,0.0,0.0,0,0.99964,0.99964,0.99964,1,0.99975,0.99975,0.99975,1
540,hexachlorophene,correct drug name,IN,low,single,540,0,hexachlorophene,hexachlorophene,hexachlorophene,IN,low,0.00015656,0.00015656,0.00015656,0,0.12756486,0.12756486,0.12756486,0,0.0,0.0,0.0,0,0.00053,0.00053,0.00053,0,0.00077,0.00077,0.00077,0
541,qunidine,mispelled drug name,IN,low,single,541,1,qunidine,qunidine,qunidine,IN,low,0.99742967,0.99742967,0.99742967,1,0.14576757,0.14576757,0.14576757,0,1.0,1.0,0.25,1,0.99973,0.99973,0.99973,1,0.99986,0.99986,0.99986,1
542,GAR-O-LIC,correct drug name,BN,low,single,542,0,GAR-O-LIC,GAR-O-LIC,gar-o-lic,BN,low,0.99720037,0.99720037,0.99720037,1,0.70772719,0.70772719,0.70772719,1,1.0,0.0,0.0,1,0.9961,0.9961,0.9961,1,0.99922,0.99922,0.99922,1
543,none,correct non-drug name,,low,single,543,0,none,none,none,nan,low,9.5e-06,9.5e-06,9.5e-06,0,0.59450948,0.59450948,0.59450948,1,0.0,0.0,0.0,0,0.75747,0.75747,0.75747,1,0.04823,0.04823,0.04823,0
544,Peridium,mispelled drug name,BN,low,single,544,1,Peridium,Peridium,peridium,BN,low,0.94636792,0.94636792,0.94636792,1,0.70513135,0.70513135,0.70513135,1,0.0,0.0,0.0,0,0.00062,0.00062,0.00062,0,0.00909,0.00909,0.00909,0
545,MANGA-CAL,correct drug name,BN,low,single,545,0,MANGA-CAL,MANGA-CAL,manga-cal,BN,low,0.00029912,0.00029912,0.00029912,0,0.70772719,0.70772719,0.70772719,1,1.0,9.0,1.0,1,0.99433,0.99433,0.99433,1,0.99979,0.99979,0.99979,1
546,intradry,mispelled drug name,BN,low,single,546,1,intradry,intradry,intradry,BN,low,0.0031304,0.0031304,0.0031304,0,0.70772719,0.70772719,0.70772719,1,1.0,2.0,0.5,1,0.99941,0.99941,0.99941,1,0.99959,0.99959,0.99959,1
547,prolosec,mispelled drug name,BN,low,single,547,1,prolosec,prolosec,prolosec,BN,low,6e-06,6e-06,6e-06,0,0.14867136,0.14867136,0.14867136,0,1.0,1.0,0.25,1,0.99582,0.99582,0.99582,1,0.99781,0.99781,0.99781,1
548,pravagen,mispelled drug name,BN,low,single,548,1,pravagen,pravagen,pravagen,BN,low,0.00259689,0.00259689,0.00259689,0,0.70772719,0.70772719,0.70772719,1,1.0,1.0,0.25,1,0.02431,0.02431,0.02431,0,0.0004,0.0004,0.0004,0
549,camphor/menthol,correct drug name,IN,low,single,549,0,camphor/menthol,camphor/menthol,camphor/menthol,IN,low,2.493e-05,2.493e-05,2.493e-05,0,0.24266824,0.24266824,0.24266824,0,1.0,0.0,0.0,1,0.00091,0.00091,0.00091,0,0.00036,0.00036,0.00036,0
550,morpine,mispelled drug name,IN,low,single,550,1,morpine,morpine,morpine,IN,low,0.00772966,0.00772966,0.00772966,0,0.39893359,0.39893359,0.39893359,1,1.0,1.0,0.25,1,0.99116,0.99116,0.99116,1,0.99937,0.99937,0.99937,1
551,Menantine,mispelled drug name,IN,low,single,551,1,Menantine,Menantine,menantine,IN,low,0.00045612,0.00045612,0.00045612,0,0.2097498,0.2097498,0.2097498,0,1.0,2.0,0.5,1,0.99908,0.99908,0.99908,1,0.01799,0.01799,0.01799,0
552,asthmadex,mispelled drug name,BN,low,single,552,1,asthmadex,asthmadex,asthmadex,BN,low,4.25e-06,4.25e-06,4.25e-06,0,0.70772719,0.70772719,0.70772719,1,1.0,0.0,0.0,1,0.00472,0.00472,0.00472,0,0.99815,0.99815,0.99815,1
553,kaylalate,mispelled drug name,BN,low,single,553,1,kaylalate,kaylalate,kaylalate,BN,low,0.95587718,0.95587718,0.95587718,1,0.70772719,0.70772719,0.70772719,1,1.0,2.0,0.5,1,0.42194,0.42194,0.42194,0,0.99491,0.99491,0.99491,1
554,Cani-sleep,mispelled drug name,BN,low,single,554,1,Cani-sleep,Cani-sleep,cani-sleep,BN,low,2.63e-06,2.63e-06,2.63e-06,0,0.70772719,0.70772719,0.70772719,1,1.0,0.0,0.0,1,0.99982,0.99982,0.99982,1,0.00536,0.00536,0.00536,0
555,lansaprozole,mispelled drug name,IN,low,single,555,1,lansaprozole,lansaprozole,lansaprozole,IN,low,0.00026216,0.00026216,0.00026216,0,0.70772719,0.70772719,0.70772719,1,1.0,2.0,0.5,1,0.99888,0.99888,0.99888,1,0.98551,0.98551,0.98551,1
556,naproxen220mg,mispelled drug name,IN,low,single,556,1,naproxen220mg,naproxen220mg,naproxen220mg,IN,low,0.99999166,0.99999166,0.99999166,1,0.70772719,0.70772719,0.70772719,1,1.0,0.0,0.0,1,0.91052,0.91052,0.91052,1,0.99972,0.99972,0.99972,1
557,hydrocortisone-nizoril-silvadene,mispelled drug name,"BN,IN",low,single,557,1,hydrocortisone-nizoril-silvadene,hydrocortisone-nizoril-silvadene,hydrocortisone-nizoril-silvadene,"BN, IN",low,0.00013517,0.00013517,0.00013517,0,0.70772719,0.70772719,0.70772719,1,1.0,0.0,0.0,1,0.83905,0.83905,0.83905,1,0.99778,0.99778,0.99778,1
558,Liprasidone,mispelled drug name,IN,low,single,558,1,Liprasidone,Liprasidone,liprasidone,IN,low,2.97e-06,2.97e-06,2.97e-06,0,0.70772719,0.70772719,0.70772719,1,1.0,1.0,0.25,1,0.9864,0.9864,0.9864,1,0.10316,0.10316,0.10316,0
559,Codeine-Pyrilamine,correct drug name,IN,low,single,559,0,Codeine-Pyrilamine,Codeine-Pyrilamine,codeine-pyrilamine,IN,low,6.549e-05,6.549e-05,6.549e-05,0,0.70772719,0.70772719,0.70772719,1,1.0,0.0,0.0,1,0.02022,0.02022,0.02022,0,0.0003,0.0003,0.0003,0
560,Voltaren-EC,correct drug name,BN,low,single,560,0,Voltaren-EC,Voltaren-EC,voltaren-ec,BN,low,5.16e-06,5.16e-06,5.16e-06,0,0.70772719,0.70772719,0.70772719,1,1.0,3.0,0.75,1,0.0017,0.0017,0.0017,0,0.0009,0.0009,0.0009,0
561,Coumadin(warfarin),correct drug name,"BN,IN",low,single,561,0,Coumadin(warfarin),Coumadin(warfarin),coumadin(warfarin),"BN, IN",low,0.99999952,0.99999952,0.99999952,1,0.70772719,0.70772719,0.70772719,1,1.0,0.0,0.0,1,0.00022,0.00022,0.00022,0,0.00049,0.00049,0.00049,0
562,Tylenol325,mispelled drug name,BN,low,single,562,1,Tylenol325,Tylenol325,tylenol325,BN,low,0.10581233,0.10581233,0.10581233,0,0.70772719,0.70772719,0.70772719,1,1.0,0.0,0.0,1,0.66495,0.66495,0.66495,1,0.99244,0.99244,0.99244,1
563,Diphenhydramine/strop,mispelled drug name,IN,low,single,563,1,Diphenhydramine/strop,Diphenhydramine/strop,diphenhydramine/strop,IN,low,0.33770263,0.33770263,0.33770263,1,0.70772719,0.70772719,0.70772719,1,1.0,0.0,0.0,1,0.99689,0.99689,0.99689,1,0.00059,0.00059,0.00059,0
564,nystatin-hydrocortisone-zinc,correct drug name,IN,low,single,564,0,nystatin-hydrocortisone-zinc,nystatin-hydrocortisone-zinc,nystatin-hydrocortisone-zinc,IN,low,3.59e-06,3.59e-06,3.59e-06,0,0.70772719,0.70772719,0.70772719,1,1.0,0.0,0.0,1,0.00228,0.00228,0.00228,0,0.00245,0.00245,0.00245,0
565,Rynantan,mispelled drug name,BN,low,single,565,1,Rynantan,Rynantan,rynantan,BN,low,3.823e-05,3.823e-05,3.823e-05,0,0.70772719,0.70772719,0.70772719,1,1.0,2.0,0.5,1,0.87751,0.87751,0.87751,1,0.99493,0.99493,0.99493,1
566,ATTENTION,correct non-drug name,,low,single,566,0,ATTENTION,ATTENTION,attention,nan,low,1.82e-06,1.82e-06,1.82e-06,0,0.52445221,0.52445221,0.52445221,1,0.0,0.0,0.0,0,0.01698,0.01698,0.01698,0,0.26625,0.26625,0.26625,0
567,Thome,correct non-drug name,,low,single,567,0,Thome,Thome,thome,nan,low,0.00010488,0.00010488,0.00010488,0,0.46809092,0.46809092,0.46809092,1,1.0,2.0,0.5,1,0.99913,0.99913,0.99913,1,0.99978,0.99978,0.99978,1
568,vitacirc-b,correct drug name,BN,low,single,568,0,vitacirc-b,vitacirc-b,vitacirc-b,BN,low,0.07142937,0.07142937,0.07142937,0,0.70772719,0.70772719,0.70772719,1,0.0,0.0,0.0,0,0.99952,0.99952,0.99952,1,0.99986,0.99986,0.99986,1
569,Angeliq,correct drug name,BN,low,single,569,0,Angeliq,Angeliq,angeliq,BN,low,3.39e-06,3.39e-06,3.39e-06,0,0.17380525,0.17380525,0.17380525,0,0.0,0.0,0.0,0,0.00275,0.00275,0.00275,0,0.02821,0.02821,0.02821,0
570,cyanocobalamin/fa/pyridoxine,correct drug name,IN,low,single,570,0,cyanocobalamin/fa/pyridoxine,cyanocobalamin/fa/pyridoxine,cyanocobalamin/fa/pyridoxine,IN,low,0.01172056,0.01172056,0.01172056,0,0.70772719,0.70772719,0.70772719,1,1.0,0.0,0.0,1,0.00292,0.00292,0.00292,0,0.62545,0.62545,0.62545,1
571,methotrexatesodium,mispelled drug name,IN,low,single,571,1,methotrexatesodium,methotrexatesodium,methotrexatesodium,IN,low,6.205e-05,6.205e-05,6.205e-05,0,0.70772719,0.70772719,0.70772719,1,1.0,0.0,0.0,1,0.99995,0.99995,0.99995,1,0.9896,0.9896,0.9896,1
572,Pap-Urea,correct drug name,BN,low,single,572,0,Pap-Urea,Pap-Urea,pap-urea,BN,low,2.03e-05,2.03e-05,2.03e-05,0,0.70772719,0.70772719,0.70772719,1,0.0,0.0,0.0,0,0.00178,0.00178,0.00178,0,0.00062,0.00062,0.00062,0
573,qvad,correct non-drug name,,low,single,573,0,qvad,qvad,qvad,nan,low,0.99999881,0.99999881,0.99999881,1,0.70772719,0.70772719,0.70772719,1,1.0,1.0,0.25,1,0.99898,0.99898,0.99898,1,0.7113,0.7113,0.7113,1
574,Pentacel,correct drug name,BN,low,single,574,0,Pentacel,Pentacel,pentacel,BN,low,0.57117045,0.57117045,0.57117045,1,0.3902024,0.3902024,0.3902024,1,0.0,0.0,0.0,0,0.00305,0.00305,0.00305,0,0.0006,0.0006,0.0006,0
575,Ciproflaxican,mispelled drug name,IN,low,single,575,1,Ciproflaxican,Ciproflaxican,ciproflaxican,IN,low,0.99999952,0.99999952,0.99999952,1,0.70772719,0.70772719,0.70772719,1,1.0,3.0,0.75,1,0.99986,0.99986,0.99986,1,0.99981,0.99981,0.99981,1
576,systane/blink,correct drug name,BN,low,single,576,0,systane/blink,systane/blink,systane/blink,BN,low,1.187e-05,1.187e-05,1.187e-05,0,0.70772719,0.70772719,0.70772719,1,1.0,0.0,0.0,1,0.00064,0.00064,0.00064,0,0.73733,0.73733,0.73733,1
577,FeSulfate,mispelled drug name,BN,low,single,577,1,FeSulfate,FeSulfate,fesulfate,BN,low,0.9999671,0.9999671,0.9999671,1,0.63468146,0.63468146,0.63468146,1,1.0,3.0,0.75,1,0.99352,0.99352,0.99352,1,0.99794,0.99794,0.99794,1
578,first-mouthwash,correct drug name,BN,low,single,578,0,first-mouthwash,first-mouthwash,first-mouthwash,BN,low,0.72583568,0.72583568,0.72583568,1,0.32061064,0.32061064,0.32061064,0,1.0,0.0,0.0,1,0.00037,0.00037,0.00037,0,0.0004,0.0004,0.0004,0
579,clorthalidone,mispelled drug name,IN,low,single,579,1,clorthalidone,clorthalidone,clorthalidone,IN,low,0.02705403,0.02705403,0.02705403,0,0.09547077,0.09547077,0.09547077,0,1.0,1.0,0.25,1,0.99971,0.99971,0.99971,1,0.0526,0.0526,0.0526,0
580,collegan,mispelled drug name,IN,low,single,580,1,collegan,collegan,collegan,IN,low,0.00135457,0.00135457,0.00135457,0,0.44001657,0.44001657,0.44001657,1,1.0,1.0,0.25,1,0.9498,0.9498,0.9498,1,0.00329,0.00329,0.00329,0
581,Clyndamycin,mispelled drug name,IN,low,single,581,1,Clyndamycin,Clyndamycin,clyndamycin,IN,low,4.88e-06,4.88e-06,4.88e-06,0,0.13732694,0.13732694,0.13732694,0,1.0,2.0,0.5,1,0.99964,0.99964,0.99964,1,0.00165,0.00165,0.00165,0
582,Omi-Pace,correct non-drug name,IN,low,single,582,0,Omi-Pace,Omi-Pace,omi-pace,IN,low,0.43400458,0.43400458,0.43400458,1,0.70772719,0.70772719,0.70772719,1,1.0,4.0,1.0,1,0.99982,0.99982,0.99982,1,0.9999,0.9999,0.9999,1
583,Selenimin-200,mispelled drug name,IN,low,single,583,1,Selenimin-200,Selenimin-200,selenimin-200,IN,low,1.23e-06,1.23e-06,1.23e-06,0,0.70772719,0.70772719,0.70772719,1,1.0,0.0,0.0,1,0.99509,0.99509,0.99509,1,0.00993,0.00993,0.00993,0
584,estracecream,mispelled drug name,BN,low,single,584,1,estracecream,estracecream,estracecream,BN,low,0.99998081,0.99998081,0.99998081,1,0.70772719,0.70772719,0.70772719,1,1.0,0.0,0.0,1,0.99964,0.99964,0.99964,1,0.99919,0.99919,0.99919,1
585,Purzanthin,correct drug name,BN,low,single,585,0,Purzanthin,Purzanthin,purzanthin,BN,low,2.392e-05,2.392e-05,2.392e-05,0,0.70772719,0.70772719,0.70772719,1,1.0,0.0,0.0,1,0.99983,0.99983,0.99983,1,0.98282,0.98282,0.98282,1
586,nystatin-POWDER,correct drug name,IN,low,single,586,0,nystatin-POWDER,nystatin-POWDER,nystatin-powder,IN,low,3.95e-06,3.95e-06,3.95e-06,0,0.70772719,0.70772719,0.70772719,1,1.0,0.0,0.0,1,0.01222,0.01222,0.01222,0,0.00051,0.00051,0.00051,0
587,Creo-Terpin,correct drug name,BN,low,single,587,0,Creo-Terpin,Creo-Terpin,creo-terpin,BN,low,0.99992561,0.99992561,0.99992561,1,0.70772719,0.70772719,0.70772719,1,0.0,0.0,0.0,0,0.00109,0.00109,0.00109,0,0.01007,0.01007,0.01007,0
588,fluticanose-vilanterol,mispelled drug name,IN,low,single,588,1,fluticanose-vilanterol,fluticanose-vilanterol,fluticanose-vilanterol,IN,low,5.969e-05,5.969e-05,5.969e-05,0,0.70772719,0.70772719,0.70772719,1,1.0,0.0,0.0,1,0.00344,0.00344,0.00344,0,0.01465,0.01465,0.01465,0
589,metaproterenol,correct drug name,IN,low,single,589,0,metaproterenol,metaproterenol,metaproterenol,IN,low,0.00011505,0.00011505,0.00011505,0,0.199395,0.199395,0.199395,0,0.0,0.0,0.0,0,0.00083,0.00083,0.00083,0,0.03506,0.03506,0.03506,0
590,nupercin,mispelled drug name,BN,low,single,590,1,nupercin,nupercin,nupercin,BN,low,5.25e-06,5.25e-06,5.25e-06,0,0.70772719,0.70772719,0.70772719,1,1.0,2.0,0.5,1,0.03691,0.03691,0.03691,0,0.00367,0.00367,0.00367,0
591,Umeclidinium,correct drug name,IN,low,single,591,0,Umeclidinium,Umeclidinium,umeclidinium,IN,low,0.40272689,0.40272689,0.40272689,1,0.18559077,0.18559077,0.18559077,0,0.0,0.0,0.0,0,0.00203,0.00203,0.00203,0,0.00044,0.00044,0.00044,0
592,Rhinase,correct drug name,BN,low,single,592,0,Rhinase,Rhinase,rhinase,BN,low,2.514e-05,2.514e-05,2.514e-05,0,0.54116684,0.54116684,0.54116684,1,1.0,2.0,0.5,1,0.00348,0.00348,0.00348,0,0.99974,0.99974,0.99974,1
593,colchecine-probenecid,mispelled drug name,IN,low,single,593,1,colchecine-probenecid,colchecine-probenecid,colchecine-probenecid,IN,low,0.08573011,0.08573011,0.08573011,0,0.70772719,0.70772719,0.70772719,1,1.0,1.0,0.25,1,0.995,0.995,0.995,1,0.99991,0.99991,0.99991,1
594,Flumazenil,correct drug name,IN,low,single,594,0,Flumazenil,Flumazenil,flumazenil,IN,low,2.05e-06,2.05e-06,2.05e-06,0,0.15428676,0.15428676,0.15428676,0,0.0,0.0,0.0,0,0.00032,0.00032,0.00032,0,0.00098,0.00098,0.00098,0
595,papav-phentolam-alprost-water,correct short drug name,IN,low,single,595,0,papav-phentolam-alprost-water,papav-phentolam-alprost-water,papav-phentolam-alprost-water,IN,low,0.00284185,0.00284185,0.00284185,0,0.70772719,0.70772719,0.70772719,1,1.0,0.0,0.0,1,0.99995,0.99995,0.99995,1,0.99743,0.99743,0.99743,1
596,hextorol,mispelled drug name,BN,low,single,596,1,hextorol,hextorol,hextorol,BN,low,0.99999976,0.99999976,0.99999976,1,0.70772719,0.70772719,0.70772719,1,1.0,1.0,0.25,1,0.99992,0.99992,0.99992,1,0.03008,0.03008,0.03008,0
597,Dextromethorphan-quaifenesin,mispelled drug name,IN,low,single,597,1,Dextromethorphan-quaifenesin,Dextromethorphan-quaifenesin,dextromethorphan-quaifenesin,IN,low,0.19292568,0.19292568,0.19292568,1,0.70772719,0.70772719,0.70772719,1,1.0,2.0,0.5,1,0.00212,0.00212,0.00212,0,0.9996,0.9996,0.9996,1
598,catanoprost,mispelled drug name,IN,low,single,598,1,catanoprost,catanoprost,catanoprost,IN,low,0.00037234,0.00037234,0.00037234,0,0.70772719,0.70772719,0.70772719,1,1.0,1.0,0.25,1,0.02517,0.02517,0.02517,0,0.9941,0.9941,0.9941,1
599,lisinophril-hydrochlorothiazide,mispelled drug name,IN,low,single,599,1,lisinophril-hydrochlorothiazide,lisinophril-hydrochlorothiazide,lisinophril-hydrochlorothiazide,IN,low,0.99774134,0.99774134,0.99774134,1,0.70772719,0.70772719,0.70772719,1,1.0,0.0,0.0,1,0.99952,0.99952,0.99952,1,0.99989,0.99989,0.99989,1
600,Icy-Hot,correct drug name,BN,low,single,600,0,Icy-Hot,Icy-Hot,icy-hot,BN,low,0.99802339,0.99802339,0.99802339,1,0.35547712,0.35547712,0.35547712,0,1.0,3.0,0.75,1,0.00055,0.00055,0.00055,0,0.00032,0.00032,0.00032,0
601,Wal-itin,correct drug name,BN,low,single,601,0,Wal-itin,Wal-itin,wal-itin,BN,low,0.78458458,0.78458458,0.78458458,1,0.70772719,0.70772719,0.70772719,1,0.0,0.0,0.0,0,0.001,0.001,0.001,0,0.00339,0.00339,0.00339,0
602,Bacitracin-nystatnin-zinc,mispelled drug name,IN,low,single,602,1,Bacitracin-nystatnin-zinc,Bacitracin-nystatnin-zinc,bacitracin-nystatnin-zinc,IN,low,0.99999988,0.99999988,0.99999988,1,0.70772719,0.70772719,0.70772719,1,1.0,0.0,0.0,1,0.99997,0.99997,0.99997,1,0.99956,0.99956,0.99956,1
603,Ketonazole,mispelled drug name,IN,low,single,603,1,Ketonazole,Ketonazole,ketonazole,IN,low,0.20951536,0.20951536,0.20951536,1,0.12609716,0.12609716,0.12609716,0,1.0,2.0,0.5,1,0.99948,0.99948,0.99948,1,0.06356,0.06356,0.06356,0
604,oxycocdone/acetaminophen,mispelled drug name,IN,low,single,604,1,oxycocdone/acetaminophen,oxycocdone/acetaminophen,oxycocdone/acetaminophen,IN,low,0.99994588,0.99994588,0.99994588,1,0.70772719,0.70772719,0.70772719,1,1.0,0.0,0.0,1,0.99997,0.99997,0.99997,1,0.99952,0.99952,0.99952,1
605,clotrinazole-betamethasone,mispelled drug name,IN,low,single,605,1,clotrinazole-betamethasone,clotrinazole-betamethasone,clotrinazole-betamethasone,IN,low,3.609e-05,3.609e-05,3.609e-05,0,0.70772719,0.70772719,0.70772719,1,1.0,0.0,0.0,1,0.99986,0.99986,0.99986,1,0.00035,0.00035,0.00035,0
606,pharylephrine,mispelled drug name,IN,low,single,606,1,pharylephrine,pharylephrine,pharylephrine,IN,low,0.99998784,0.99998784,0.99998784,1,0.70772719,0.70772719,0.70772719,1,1.0,2.0,0.5,1,0.99919,0.99919,0.99919,1,0.99984,0.99984,0.99984,1
607,Diet,correct non-drug name,IN,low,single,607,0,Diet,Diet,diet,IN,low,1.19e-05,1.19e-05,1.19e-05,0,0.48558843,0.48558843,0.48558843,1,0.0,0.0,0.0,0,0.00576,0.00576,0.00576,0,0.00048,0.00048,0.00048,0
608,Zoafran,mispelled drug name,BN,low,single,608,1,Zoafran,Zoafran,zoafran,BN,low,0.99999964,0.99999964,0.99999964,1,0.70772719,0.70772719,0.70772719,1,1.0,2.0,0.5,1,0.99989,0.99989,0.99989,1,0.99315,0.99315,0.99315,1
609,triamcindone,mispelled drug name,IN,low,single,609,1,triamcindone,triamcindone,triamcindone,IN,low,0.72245795,0.72245795,0.72245795,1,0.70772719,0.70772719,0.70772719,1,1.0,2.0,0.5,1,0.99474,0.99474,0.99474,1,0.99959,0.99959,0.99959,1
610,FloraMyces,correct drug name,BN,low,single,610,0,FloraMyces,FloraMyces,floramyces,BN,low,1.61e-06,1.61e-06,1.61e-06,0,0.70772719,0.70772719,0.70772719,1,1.0,0.0,0.0,1,0.02528,0.02528,0.02528,0,0.99705,0.99705,0.99705,1
611,Sanna,mispelled drug name,IN,low,single,611,1,Sanna,Sanna,sanna,IN,low,1.7e-06,1.7e-06,1.7e-06,0,0.49929243,0.49929243,0.49929243,1,1.0,1.0,0.25,1,0.99724,0.99724,0.99724,1,0.00051,0.00051,0.00051,0
612,hydroodone,mispelled drug name,IN,low,single,612,1,hydroodone,hydroodone,hydroodone,IN,low,0.67442042,0.67442042,0.67442042,1,0.70772719,0.70772719,0.70772719,1,1.0,1.0,0.25,1,0.99978,0.99978,0.99978,1,0.99197,0.99197,0.99197,1
613,Daraprim,correct drug name,BN,low,single,613,0,Daraprim,Daraprim,daraprim,BN,low,3.37e-06,3.37e-06,3.37e-06,0,0.14549518,0.14549518,0.14549518,0,0.0,0.0,0.0,0,0.00124,0.00124,0.00124,0,0.00682,0.00682,0.00682,0
614,Senna8.6,mispelled drug name,IN,low,single,614,1,Senna8.6,Senna8.6,senna8.6,IN,low,0.97283745,0.97283745,0.97283745,1,0.70772719,0.70772719,0.70772719,1,1.0,0.0,0.0,1,0.99963,0.99963,0.99963,1,0.99952,0.99952,0.99952,1
615,huber,not sure,BN,low,single,615,1,huber,huber,huber,BN,low,0.00020969,0.00020969,0.00020969,0,0.76616967,0.76616967,0.76616967,1,0.0,0.0,0.0,0,0.0068,0.0068,0.0068,0,0.0005,0.0005,0.0005,0
616,Escramitalop,mispelled drug name,IN,low,single,616,1,Escramitalop,Escramitalop,escramitalop,IN,low,0.99999988,0.99999988,0.99999988,1,0.70772719,0.70772719,0.70772719,1,1.0,0.0,0.0,1,0.99989,0.99989,0.99989,1,0.99973,0.99973,0.99973,1
617,Fortavit,correct drug name,BN,low,single,617,0,Fortavit,Fortavit,fortavit,BN,low,0.00806609,0.00806609,0.00806609,0,0.70772719,0.70772719,0.70772719,1,1.0,3.0,0.75,1,0.01232,0.01232,0.01232,0,0.04073,0.04073,0.04073,0
618,Chlorpheniramine-Codeine,correct drug name,IN,low,single,618,0,Chlorpheniramine-Codeine,Chlorpheniramine-Codeine,chlorpheniramine-codeine,IN,low,0.47721612,0.47721612,0.47721612,1,0.70772719,0.70772719,0.70772719,1,1.0,0.0,0.0,1,0.00148,0.00148,0.00148,0,0.00077,0.00077,0.00077,0
619,Tazverik,correct drug name,BN,low,single,619,0,Tazverik,Tazverik,tazverik,BN,low,0.99999976,0.99999976,0.99999976,1,0.70772719,0.70772719,0.70772719,1,0.0,0.0,0.0,0,0.12634,0.12634,0.12634,0,0.94407,0.94407,0.94407,1
620,Vivaben,not sure,BN,low,single,620,1,Vivaben,Vivaben,vivaben,BN,low,0.99999976,0.99999976,0.99999976,1,0.70772719,0.70772719,0.70772719,1,1.0,3.0,0.75,1,0.93581,0.93581,0.93581,1,0.99049,0.99049,0.99049,1
621,paricalcitrol,mispelled drug name,IN,low,single,621,1,paricalcitrol,paricalcitrol,paricalcitrol,IN,low,0.00010363,0.00010363,0.00010363,0,0.29020327,0.29020327,0.29020327,0,1.0,1.0,0.25,1,0.00045,0.00045,0.00045,0,0.99979,0.99979,0.99979,1
622,tiotroplum,mispelled drug name,IN,low,single,622,1,tiotroplum,tiotroplum,tiotroplum,IN,low,0.99999845,0.99999845,0.99999845,1,0.70772719,0.70772719,0.70772719,1,1.0,1.0,0.25,1,0.99982,0.99982,0.99982,1,0.99945,0.99945,0.99945,1
623,Allium,correct non-drug name,IN,low,single,623,0,Allium,Allium,allium,IN,low,0.88452363,0.88452363,0.88452363,1,0.48629251,0.48629251,0.48629251,1,0.0,0.0,0.0,0,0.00645,0.00645,0.00645,0,0.00035,0.00035,0.00035,0
624,Gazyva,correct drug name,BN,low,single,624,0,Gazyva,Gazyva,gazyva,BN,low,0.93674397,0.93674397,0.93674397,1,0.17120512,0.17120512,0.17120512,0,0.0,0.0,0.0,0,0.00069,0.00069,0.00069,0,0.0204,0.0204,0.0204,0
625,Lortab/Vicodin,correct drug name,BN,low,single,625,0,Lortab/Vicodin,Lortab/Vicodin,lortab/vicodin,BN,low,0.00037719,0.00037719,0.00037719,0,0.70772719,0.70772719,0.70772719,1,1.0,0.0,0.0,1,0.00059,0.00059,0.00059,0,0.04447,0.04447,0.04447,0
626,MULTIVTAMIN,mispelled drug name,IN,low,single,626,1,MULTIVTAMIN,MULTIVTAMIN,multivtamin,IN,low,2.16e-06,2.16e-06,2.16e-06,0,0.48144957,0.48144957,0.48144957,1,1.0,12.0,1.0,1,0.39474,0.39474,0.39474,0,0.99439,0.99439,0.99439,1
627,A&D+E,not sure,IN,low,single,627,1,A&D+E,A&D+E,a&d+e,IN,low,7.32e-06,7.32e-06,7.32e-06,0,0.70772719,0.70772719,0.70772719,1,1.0,5.0,1.0,1,0.89777,0.89777,0.89777,1,0.91095,0.91095,0.91095,1
628,cardioplus,correct drug name,BN,low,single,628,0,cardioplus,cardioplus,cardioplus,BN,low,3.23e-06,3.23e-06,3.23e-06,0,0.70772719,0.70772719,0.70772719,1,1.0,0.0,0.0,1,0.00214,0.00214,0.00214,0,0.99915,0.99915,0.99915,1
629,mechlazine,mispelled drug name,IN,low,single,629,1,mechlazine,mechlazine,mechlazine,IN,low,0.30222631,0.30222631,0.30222631,1,0.70772719,0.70772719,0.70772719,1,1.0,2.0,0.5,1,0.99973,0.99973,0.99973,1,0.99969,0.99969,0.99969,1
630,lorsartan-hydrochlorothiazide,mispelled drug name,IN,low,single,630,1,lorsartan-hydrochlorothiazide,lorsartan-hydrochlorothiazide,lorsartan-hydrochlorothiazide,IN,low,0.00014251,0.00014251,0.00014251,0,0.70772719,0.70772719,0.70772719,1,1.0,0.0,0.0,1,0.99989,0.99989,0.99989,1,0.00085,0.00085,0.00085,0
631,Combucha,mispelled drug name,IN,low,single,631,1,Combucha,Combucha,combucha,IN,low,5.67e-06,5.67e-06,5.67e-06,0,0.70772719,0.70772719,0.70772719,1,1.0,0.0,0.0,1,0.58366,0.58366,0.58366,1,0.99737,0.99737,0.99737,1
632,IBPUPROFEN,mispelled drug name,IN,low,single,632,1,IBPUPROFEN,IBPUPROFEN,ibpuprofen,IN,low,0.04134026,0.04134026,0.04134026,0,0.70772719,0.70772719,0.70772719,1,1.0,10.0,1.0,1,0.9999,0.9999,0.9999,1,0.98763,0.98763,0.98763,1
633,flex-a-min,correct drug name,BN,low,single,633,0,flex-a-min,flex-a-min,flex-a-min,BN,low,1.261e-05,1.261e-05,1.261e-05,0,0.70772719,0.70772719,0.70772719,1,1.0,0.0,0.0,1,0.4016,0.4016,0.4016,0,0.00151,0.00151,0.00151,0
634,norethindrone-e.estradiol-iron,correct drug name,IN,low,single,634,0,norethindrone-e.estradiol-iron,norethindrone-e.estradiol-iron,norethindrone-e.estradiol-iron,IN,low,0.00017543,0.00017543,0.00017543,0,0.70772719,0.70772719,0.70772719,1,1.0,0.0,0.0,1,0.94694,0.94694,0.94694,1,0.03349,0.03349,0.03349,0
635,Camphotrex,correct drug name,BN,low,single,635,0,Camphotrex,Camphotrex,camphotrex,BN,low,2.88e-06,2.88e-06,2.88e-06,0,0.70772719,0.70772719,0.70772719,1,1.0,0.0,0.0,1,0.00048,0.00048,0.00048,0,0.9903,0.9903,0.9903,1
636,calcitrone,mispelled drug name,BN,low,single,636,1,calcitrone,calcitrone,calcitrone,BN,low,4.06e-06,4.06e-06,4.06e-06,0,0.70772719,0.70772719,0.70772719,1,1.0,1.0,0.25,1,0.00337,0.00337,0.00337,0,0.80034,0.80034,0.80034,1
637,diphenydramine-nystatin-lidocaine,mispelled drug name,IN,low,single,637,1,diphenydramine-nystatin-lidocaine,diphenydramine-nystatin-lidocaine,diphenydramine-nystatin-lidocaine,IN,low,0.04790105,0.04790105,0.04790105,0,0.70772719,0.70772719,0.70772719,1,1.0,0.0,0.0,1,0.99966,0.99966,0.99966,1,0.99989,0.99989,0.99989,1
638,SwabFlush,correct non-drug name,BN,low,single,638,0,SwabFlush,SwabFlush,swabflush,BN,low,1.079e-05,1.079e-05,1.079e-05,0,0.70772719,0.70772719,0.70772719,1,0.0,0.0,0.0,0,0.0003,0.0003,0.0003,0,0.7827,0.7827,0.7827,1
639,Diphenhydramine/HC/nystat,mispelled drug name,IN,low,single,639,1,Diphenhydramine/HC/nystat,Diphenhydramine/HC/nystat,diphenhydramine/hc/nystat,IN,low,0.99997497,0.99997497,0.99997497,1,0.70772719,0.70772719,0.70772719,1,1.0,0.0,0.0,1,0.00219,0.00219,0.00219,0,0.99154,0.99154,0.99154,1
640,ibruprophen,mispelled drug name,IN,low,single,640,1,ibruprophen,ibruprophen,ibruprophen,IN,low,0.99508071,0.99508071,0.99508071,1,0.196288,0.196288,0.196288,0,1.0,0.0,0.0,1,0.99983,0.99983,0.99983,1,0.99691,0.99691,0.99691,1
641,cefepine,mispelled drug name,IN,low,single,641,1,cefepine,cefepine,cefepine,IN,low,3.65e-06,3.65e-06,3.65e-06,0,0.1838737,0.1838737,0.1838737,0,1.0,1.0,0.25,1,0.99666,0.99666,0.99666,1,0.63438,0.63438,0.63438,1
642,Cutemol,correct drug name,IN,low,single,642,0,Cutemol,Cutemol,cutemol,IN,low,8.63e-05,8.63e-05,8.63e-05,0,0.70772719,0.70772719,0.70772719,1,0.0,0.0,0.0,0,0.002,0.002,0.002,0,0.00327,0.00327,0.00327,0
643,REQ49+,correct drug name,BN,low,single,643,0,REQ49+,REQ49+,req49+,BN,low,0.17199875,0.17199875,0.17199875,1,0.70772719,0.70772719,0.70772719,1,1.0,0.0,0.0,1,0.95109,0.95109,0.95109,1,0.99556,0.99556,0.99556,1
644,diladid,mispelled drug name,BN,low,single,644,1,diladid,diladid,diladid,BN,low,0.9999994,0.9999994,0.9999994,1,0.29929993,0.29929993,0.29929993,0,1.0,1.0,0.25,1,0.99948,0.99948,0.99948,1,0.99311,0.99311,0.99311,1
645,synthoid,mispelled drug name,BN,low,single,645,1,synthoid,synthoid,synthoid,BN,low,1.15e-06,1.15e-06,1.15e-06,0,0.1561171,0.1561171,0.1561171,0,1.0,1.0,0.25,1,0.54829,0.54829,0.54829,1,0.99928,0.99928,0.99928,1
646,kaspargo,mispelled drug name,BN,low,single,646,1,kaspargo,kaspargo,kaspargo,BN,low,2.417e-05,2.417e-05,2.417e-05,0,0.70772719,0.70772719,0.70772719,1,1.0,1.0,0.25,1,0.98889,0.98889,0.98889,1,0.6904,0.6904,0.6904,1
647,Acetaminophen650,mispelled drug name,IN,low,single,647,1,Acetaminophen650,Acetaminophen650,acetaminophen650,IN,low,0.82361358,0.82361358,0.82361358,1,0.70772719,0.70772719,0.70772719,1,1.0,0.0,0.0,1,0.82899,0.82899,0.82899,1,0.99972,0.99972,0.99972,1
648,leucovorin-pyridox-mecobalamin,correct drug name,IN,low,single,648,0,leucovorin-pyridox-mecobalamin,leucovorin-pyridox-mecobalamin,leucovorin-pyridox-mecobalamin,IN,low,0.00273531,0.00273531,0.00273531,0,0.70772719,0.70772719,0.70772719,1,1.0,0.0,0.0,1,0.87754,0.87754,0.87754,1,0.9999,0.9999,0.9999,1
649,Infanrix,correct drug name,BN,low,single,649,0,Infanrix,Infanrix,infanrix,BN,low,0.07219698,0.07219698,0.07219698,0,0.24239498,0.24239498,0.24239498,0,0.0,0.0,0.0,0,0.00079,0.00079,0.00079,0,0.00463,0.00463,0.00463,0
650,dovenex,mispelled drug name,BN,low,single,650,1,dovenex,dovenex,dovenex,BN,low,3.63e-06,3.63e-06,3.63e-06,0,0.14601472,0.14601472,0.14601472,0,1.0,1.0,0.25,1,0.16863,0.16863,0.16863,0,0.00115,0.00115,0.00115,0
651,scopoamine150mcg,mispelled drug name,IN,low,single,651,1,scopoamine150mcg,scopoamine150mcg,scopoamine150mcg,IN,low,0.99983132,0.99983132,0.99983132,1,0.70772719,0.70772719,0.70772719,1,1.0,0.0,0.0,1,0.99925,0.99925,0.99925,1,0.99906,0.99906,0.99906,1
652,adenosine,correct drug name,IN,low,single,652,0,adenosine,adenosine,adenosine,IN,low,2.657e-05,2.657e-05,2.657e-05,0,0.39549384,0.39549384,0.39549384,1,0.0,0.0,0.0,0,0.00033,0.00033,0.00033,0,0.00041,0.00041,0.00041,0
653,leucine,correct drug name,IN,low,single,653,0,leucine,leucine,leucine,IN,low,3.448e-05,3.448e-05,3.448e-05,0,0.3606987,0.3606987,0.3606987,0,0.0,0.0,0.0,0,0.00087,0.00087,0.00087,0,0.0005,0.0005,0.0005,0
654,carbamapezine,mispelled drug name,IN,low,single,654,1,carbamapezine,carbamapezine,carbamapezine,IN,low,0.40817434,0.40817434,0.40817434,1,0.06268499,0.06268499,0.06268499,0,1.0,2.0,0.5,1,0.99985,0.99985,0.99985,1,0.4767,0.4767,0.4767,0
655,fflexeril,mispelled drug name,BN,low,single,655,1,fflexeril,fflexeril,fflexeril,BN,low,0.00025628,0.00025628,0.00025628,0,0.70772719,0.70772719,0.70772719,1,1.0,1.0,0.25,1,0.99997,0.99997,0.99997,1,0.99986,0.99986,0.99986,1
656,coenzyme,correct short drug name,IN,low,single,656,0,coenzyme,coenzyme,coenzyme,IN,low,4.764e-05,4.764e-05,4.764e-05,0,0.40100315,0.40100315,0.40100315,1,0.0,0.0,0.0,0,0.00086,0.00086,0.00086,0,0.19919,0.19919,0.19919,0
657,cortone,correct drug name,BN,low,single,657,0,cortone,cortone,cortone,BN,low,6.56e-06,6.56e-06,6.56e-06,0,0.21680601,0.21680601,0.21680601,0,1.0,1.0,0.25,1,0.95022,0.95022,0.95022,1,0.98145,0.98145,0.98145,1
658,Recedo,correct drug name,BN,low,single,658,0,Recedo,Recedo,recedo,BN,low,0.99507207,0.99507207,0.99507207,1,0.70772719,0.70772719,0.70772719,1,1.0,2.0,0.5,1,0.99974,0.99974,0.99974,1,0.99959,0.99959,0.99959,1
659,TRIAMCIMOLON,mispelled drug name,IN,low,single,659,1,TRIAMCIMOLON,TRIAMCIMOLON,triamcimolon,IN,low,7.6e-07,7.6e-07,7.6e-07,0,0.70772719,0.70772719,0.70772719,1,1.0,13.0,1.0,1,0.99829,0.99829,0.99829,1,0.04695,0.04695,0.04695,0
660,hyoscyamine0.125mg,mispelled drug name,IN,low,single,660,1,hyoscyamine0.125mg,hyoscyamine0.125mg,hyoscyamine0.125mg,IN,low,0.00014802,0.00014802,0.00014802,0,0.70772719,0.70772719,0.70772719,1,1.0,0.0,0.0,1,0.99842,0.99842,0.99842,1,0.99979,0.99979,0.99979,1
661,U.T.-vibrance,correct drug name,BN,low,single,661,0,U.T.-vibrance,U.T.-vibrance,u.t.-vibrance,BN,low,1.205e-05,1.205e-05,1.205e-05,0,0.70772719,0.70772719,0.70772719,1,1.0,0.0,0.0,1,0.79798,0.79798,0.79798,1,0.98235,0.98235,0.98235,1
662,formoteral,mispelled drug name,IN,low,single,662,1,formoteral,formoteral,formoteral,IN,low,0.00130345,0.00130345,0.00130345,0,0.70772719,0.70772719,0.70772719,1,1.0,1.0,0.25,1,0.0007,0.0007,0.0007,0,0.99825,0.99825,0.99825,1
663,Prosol,correct drug name,BN,low,single,663,0,Prosol,Prosol,prosol,BN,low,0.00042256,0.00042256,0.00042256,0,0.43819478,0.43819478,0.43819478,1,0.0,0.0,0.0,0,0.00176,0.00176,0.00176,0,0.00095,0.00095,0.00095,0
664,ferro-con,not sure,"BN,IN",low,single,664,1,ferro-con,ferro-con,ferro-con,"BN, IN",low,1.78e-06,1.78e-06,1.78e-06,0,0.70772719,0.70772719,0.70772719,1,1.0,2.0,0.5,1,0.00103,0.00103,0.00103,0,0.00057,0.00057,0.00057,0
665,Optiv,mispelled drug name,BN,low,single,665,1,Optiv,Optiv,optiv,BN,low,6.62e-06,6.62e-06,6.62e-06,0,0.29904059,0.29904059,0.29904059,0,1.0,2.0,0.5,1,0.97809,0.97809,0.97809,1,0.99968,0.99968,0.99968,1
666,Tetanus-dipth-AcellPertussis,mispelled drug name,IN,low,single,666,1,Tetanus-dipth-AcellPertussis,Tetanus-dipth-AcellPertussis,tetanus-dipth-acellpertussis,IN,low,0.99999976,0.99999976,0.99999976,1,0.70772719,0.70772719,0.70772719,1,1.0,0.0,0.0,1,0.99967,0.99967,0.99967,1,0.99961,0.99961,0.99961,1
667,ciprofloxancin,mispelled drug name,IN,low,single,667,1,ciprofloxancin,ciprofloxancin,ciprofloxancin,IN,low,0.06296161,0.06296161,0.06296161,0,0.24235207,0.24235207,0.24235207,0,1.0,1.0,0.25,1,0.99997,0.99997,0.99997,1,0.99351,0.99351,0.99351,1
668,lamotrlgine,mispelled drug name,IN,low,single,668,1,lamotrlgine,lamotrlgine,lamotrlgine,IN,low,0.99999917,0.99999917,0.99999917,1,0.70772719,0.70772719,0.70772719,1,1.0,1.0,0.25,1,0.99997,0.99997,0.99997,1,0.99946,0.99946,0.99946,1
669,hydralyzine,mispelled drug name,IN,low,single,669,1,hydralyzine,hydralyzine,hydralyzine,IN,low,0.05249212,0.05249212,0.05249212,0,0.2816475,0.2816475,0.2816475,0,1.0,1.0,0.25,1,0.00407,0.00407,0.00407,0,0.99985,0.99985,0.99985,1
670,omprazole,mispelled drug name,IN,low,single,670,1,omprazole,omprazole,omprazole,IN,low,0.99999666,0.99999666,0.99999666,1,0.13848963,0.13848963,0.13848963,0,1.0,1.0,0.25,1,0.99808,0.99808,0.99808,1,0.99975,0.99975,0.99975,1
671,merepenem,mispelled drug name,IN,low,single,671,1,merepenem,merepenem,merepenem,IN,low,0.00015091,0.00015091,0.00015091,0,0.20974916,0.20974916,0.20974916,0,1.0,1.0,0.25,1,0.90892,0.90892,0.90892,1,0.05254,0.05254,0.05254,0
672,mv-min=FA-Ca-Fe-lycopenen-lutein,mispelled drug name,IN,low,single,672,1,mv-min=FA-Ca-Fe-lycopenen-lutein,mv-min=FA-Ca-Fe-lycopenen-lutein,mv-min=fa-ca-fe-lycopenen-lutein,IN,low,0.99824929,0.99824929,0.99824929,1,0.70772719,0.70772719,0.70772719,1,1.0,0.0,0.0,1,0.97024,0.97024,0.97024,1,0.98348,0.98348,0.98348,1
673,tiotropium-,mispelled drug name,IN,low,single,673,1,tiotropium-,tiotropium-,tiotropium-,IN,low,0.52044749,0.52044749,0.52044749,1,0.39664328,0.39664328,0.39664328,1,1.0,1.0,0.25,1,0.99996,0.99996,0.99996,1,0.99972,0.99972,0.99972,1
674,Coumandin,mispelled drug name,BN,low,single,674,1,Coumandin,Coumandin,coumandin,BN,low,0.99999785,0.99999785,0.99999785,1,0.24884309,0.24884309,0.24884309,0,1.0,2.0,0.5,1,0.96667,0.96667,0.96667,1,0.99971,0.99971,0.99971,1
675,NS/D5,correct short drug name,IN,low,single,675,0,NS/D5,NS/D5,ns/d5,IN,low,0.08445039,0.08445039,0.08445039,0,0.70772719,0.70772719,0.70772719,1,1.0,0.0,0.0,1,0.97243,0.97243,0.97243,1,0.95022,0.95022,0.95022,1
676,methylpredlsolone,mispelled drug name,IN,low,single,676,1,methylpredlsolone,methylpredlsolone,methylpredlsolone,IN,low,0.99989712,0.99989712,0.99989712,1,0.70772719,0.70772719,0.70772719,1,1.0,2.0,0.5,1,0.99998,0.99998,0.99998,1,0.99975,0.99975,0.99975,1
677,transcope,correct non-drug name,,low,single,677,0,transcope,transcope,transcope,nan,low,2.42e-06,2.42e-06,2.42e-06,0,0.70772719,0.70772719,0.70772719,1,1.0,2.0,0.5,1,0.00234,0.00234,0.00234,0,0.01389,0.01389,0.01389,0
678,Chromax,correct drug name,BN,low,single,678,0,Chromax,Chromax,chromax,BN,low,0.69400793,0.69400793,0.69400793,1,0.17227024,0.17227024,0.17227024,0,1.0,2.0,0.5,1,0.00447,0.00447,0.00447,0,0.00032,0.00032,0.00032,0
679,mulivitamin-minerals,mispelled drug name,BN,low,single,679,1,mulivitamin-minerals,mulivitamin-minerals,mulivitamin-minerals,BN,low,0.99976426,0.99976426,0.99976426,1,0.70772719,0.70772719,0.70772719,1,1.0,1.0,0.25,1,0.99995,0.99995,0.99995,1,0.99991,0.99991,0.99991,1
680,Veozah,correct drug name,BN,low,single,680,0,Veozah,Veozah,veozah,BN,low,0.64224154,0.64224154,0.64224154,1,0.70772719,0.70772719,0.70772719,1,1.0,0.0,0.0,1,0.99743,0.99743,0.99743,1,0.99931,0.99931,0.99931,1
681,kiltril,mispelled drug name,BN,low,single,681,1,kiltril,kiltril,kiltril,BN,low,0.00118338,0.00118338,0.00118338,0,0.70772719,0.70772719,0.70772719,1,1.0,2.0,0.5,1,0.99422,0.99422,0.99422,1,0.98196,0.98196,0.98196,1
682,troadol,mispelled drug name,BN,low,single,682,1,troadol,troadol,troadol,BN,low,0.99999964,0.99999964,0.99999964,1,0.15191881,0.15191881,0.15191881,0,1.0,2.0,0.5,1,0.99985,0.99985,0.99985,1,0.99976,0.99976,0.99976,1
683,SLUMS,not sure,BN,low,single,683,1,SLUMS,SLUMS,slums,BN,low,0.96225137,0.96225137,0.96225137,1,0.29132453,0.29132453,0.29132453,0,0.0,0.0,0.0,0,0.99927,0.99927,0.99927,1,0.00719,0.00719,0.00719,0
684,bifidobacterium/lactobacillus/streptococcous,mispelled drug name,IN,low,single,684,1,bifidobacterium/lactobacillus/streptococcous,bifidobacterium/lactobacillus/streptococcous,bifidobacterium/lactobacillus/streptococcous,IN,low,0.99609643,0.99609643,0.99609643,1,0.70772719,0.70772719,0.70772719,1,1.0,0.0,0.0,1,0.99599,0.99599,0.99599,1,0.90938,0.90938,0.90938,1
685,Relyyt,correct drug name,BN,low,single,685,0,Relyyt,Relyyt,relyyt,BN,low,0.99999738,0.99999738,0.99999738,1,0.70772719,0.70772719,0.70772719,1,0.0,0.0,0.0,0,0.99979,0.99979,0.99979,1,0.98212,0.98212,0.98212,1
686,mupirocin-nystatin-petroleum,correct drug name,IN,low,single,686,0,mupirocin-nystatin-petroleum,mupirocin-nystatin-petroleum,mupirocin-nystatin-petroleum,IN,low,5.609e-05,5.609e-05,5.609e-05,0,0.70772719,0.70772719,0.70772719,1,1.0,0.0,0.0,1,0.00062,0.00062,0.00062,0,0.00026,0.00026,0.00026,0
687,Ceftaroline(Teflaro),correct drug name,"BN,IN",low,single,687,0,Ceftaroline(Teflaro),Ceftaroline(Teflaro),ceftaroline(teflaro),"BN, IN",low,0.99999964,0.99999964,0.99999964,1,0.70772719,0.70772719,0.70772719,1,1.0,0.0,0.0,1,0.99945,0.99945,0.99945,1,0.34974,0.34974,0.34974,0
688,AVANDAMET,correct drug name,BN,low,single,688,0,AVANDAMET,AVANDAMET,avandamet,BN,low,3.41e-06,3.41e-06,3.41e-06,0,0.17672721,0.17672721,0.17672721,0,0.0,0.0,0.0,0,0.98352,0.98352,0.98352,1,0.99623,0.99623,0.99623,1
689,CV-RES-Q,correct drug name,BN,low,single,689,0,CV-RES-Q,CV-RES-Q,cv-res-q,BN,low,3.61e-06,3.61e-06,3.61e-06,0,0.70772719,0.70772719,0.70772719,1,1.0,0.0,0.0,1,0.99918,0.99918,0.99918,1,0.9707,0.9707,0.9707,1
690,calzamine,mispelled drug name,BN,low,single,690,1,calzamine,calzamine,calzamine,BN,low,0.9999994,0.9999994,0.9999994,1,0.70772719,0.70772719,0.70772719,1,1.0,1.0,0.25,1,0.99044,0.99044,0.99044,1,0.63576,0.63576,0.63576,1
691,glucosamine-chondrotin,mispelled drug name,IN,low,single,691,1,glucosamine-chondrotin,glucosamine-chondrotin,glucosamine-chondrotin,IN,low,2.306e-05,2.306e-05,2.306e-05,0,0.70772719,0.70772719,0.70772719,1,1.0,1.0,0.25,1,0.9997,0.9997,0.9997,1,0.99951,0.99951,0.99951,1
692,FERRIECIT,mispelled drug name,BN,low,single,692,1,FERRIECIT,FERRIECIT,ferriecit,BN,low,1.58e-06,1.58e-06,1.58e-06,0,0.22496198,0.22496198,0.22496198,0,1.0,9.0,1.0,1,0.53515,0.53515,0.53515,1,0.07874,0.07874,0.07874,0
693,D5W1/2NORMALSALINE,mispelled drug name,IN,low,single,693,1,D5W1/2NORMALSALINE,D5W1/2NORMALSALINE,d5w1/2normalsaline,IN,low,0.99999976,0.99999976,0.99999976,1,0.70772719,0.70772719,0.70772719,1,1.0,0.0,0.0,1,0.99996,0.99996,0.99996,1,0.99972,0.99972,0.99972,1
694,ceraplex,correct drug name,BN,low,single,694,0,ceraplex,ceraplex,ceraplex,BN,low,8.86e-06,8.86e-06,8.86e-06,0,0.70772719,0.70772719,0.70772719,1,1.0,2.0,0.5,1,0.00138,0.00138,0.00138,0,0.00498,0.00498,0.00498,0
695,atorvastatin-ezetimibe,correct drug name,IN,low,single,695,0,atorvastatin-ezetimibe,atorvastatin-ezetimibe,atorvastatin-ezetimibe,IN,low,0.29807866,0.29807866,0.29807866,1,0.17809613,0.17809613,0.17809613,0,1.0,0.0,0.0,1,0.00052,0.00052,0.00052,0,0.00026,0.00026,0.00026,0
696,Neria,not sure,BN,low,single,696,1,Neria,Neria,neria,BN,low,5.634e-05,5.634e-05,5.634e-05,0,0.65900987,0.65900987,0.65900987,1,1.0,1.0,0.25,1,0.98919,0.98919,0.98919,1,0.9404,0.9404,0.9404,1
697,c-bdr,not sure,IN,low,single,697,1,c-bdr,c-bdr,c-bdr,IN,low,0.99999821,0.99999821,0.99999821,1,0.70772719,0.70772719,0.70772719,1,1.0,2.0,0.5,1,0.99991,0.99991,0.99991,1,0.99988,0.99988,0.99988,1
698,Tussend,correct drug name,BN,low,single,698,0,Tussend,Tussend,tussend,BN,low,0.92112923,0.92112923,0.92112923,1,0.70772719,0.70772719,0.70772719,1,0.0,0.0,0.0,0,0.89643,0.89643,0.89643,1,0.00551,0.00551,0.00551,0
699,cefapime,mispelled drug name,IN,low,single,699,1,cefapime,cefapime,cefapime,IN,low,0.00027015,0.00027015,0.00027015,0,0.20253892,0.20253892,0.20253892,0,1.0,1.0,0.25,1,0.00055,0.00055,0.00055,0,0.00592,0.00592,0.00592,0
700,D5W/0.45%NS,correct short drug name,IN,low,single,700,0,D5W/0.45%NS,D5W/0.45%NS,d5w/0.45%ns,IN,low,0.00461347,0.00461347,0.00461347,0,0.70772719,0.70772719,0.70772719,1,1.0,0.0,0.0,1,0.48246,0.48246,0.48246,0,0.15551,0.15551,0.15551,0
701,HT-ANAM-301,not sure,IN,low,single,701,1,HT-ANAM-301,HT-ANAM-301,ht-anam-301,IN,low,0.00101465,0.00101465,0.00101465,0,0.70772719,0.70772719,0.70772719,1,1.0,0.0,0.0,1,0.99881,0.99881,0.99881,1,0.46131,0.46131,0.46131,0
702,Prevagen/apoaequorin,correct drug name,"BN,IN",low,single,702,0,Prevagen/apoaequorin,Prevagen/apoaequorin,prevagen/apoaequorin,"BN, IN",low,0.99999976,0.99999976,0.99999976,1,0.70772719,0.70772719,0.70772719,1,1.0,0.0,0.0,1,0.99992,0.99992,0.99992,1,0.9997,0.9997,0.9997,1
703,Kenalog/orabase,correct drug name,"BN,IN",low,single,703,0,Kenalog/orabase,Kenalog/orabase,kenalog/orabase,"BN, IN",low,5.9e-06,5.9e-06,5.9e-06,0,0.70772719,0.70772719,0.70772719,1,1.0,0.0,0.0,1,0.00045,0.00045,0.00045,0,0.32867,0.32867,0.32867,0
704,Bandages/Flexible/Assorted,correct non-drug name,IN,low,single,704,0,Bandages/Flexible/Assorted,Bandages/Flexible/Assorted,bandages/flexible/assorted,IN,low,0.99543178,0.99543178,0.99543178,1,0.70772719,0.70772719,0.70772719,1,1.0,0.0,0.0,1,0.00054,0.00054,0.00054,0,0.00028,0.00028,0.00028,0
705,Cyanocobalamine,mispelled drug name,IN,low,single,705,1,Cyanocobalamine,Cyanocobalamine,cyanocobalamine,IN,low,1.308e-05,1.308e-05,1.308e-05,0,0.37735134,0.37735134,0.37735134,0,0.0,0.0,0.0,0,0.00055,0.00055,0.00055,0,0.00594,0.00594,0.00594,0
706,Sivadene,mispelled drug name,BN,low,single,706,1,Sivadene,Sivadene,sivadene,BN,low,0.00011081,0.00011081,0.00011081,0,0.38545027,0.38545027,0.38545027,1,1.0,2.0,0.5,1,0.90863,0.90863,0.90863,1,0.02027,0.02027,0.02027,0
707,Rocphin,mispelled drug name,BN,low,single,707,1,Rocphin,Rocphin,rocphin,BN,low,0.99999964,0.99999964,0.99999964,1,0.70772719,0.70772719,0.70772719,1,1.0,2.0,0.5,1,0.99969,0.99969,0.99969,1,0.99987,0.99987,0.99987,1
708,melatomnin,mispelled drug name,IN,low,single,708,1,melatomnin,melatomnin,melatomnin,IN,low,0.9999994,0.9999994,0.9999994,1,0.70772719,0.70772719,0.70772719,1,1.0,1.0,0.25,1,0.99996,0.99996,0.99996,1,0.99985,0.99985,0.99985,1
709,Oreganol,correct drug name,BN,low,single,709,0,Oreganol,Oreganol,oreganol,BN,low,2.45e-06,2.45e-06,2.45e-06,0,0.70772719,0.70772719,0.70772719,1,1.0,2.0,0.5,1,0.01612,0.01612,0.01612,0,0.00095,0.00095,0.00095,0
710,rimanantadine,mispelled drug name,IN,low,single,710,1,rimanantadine,rimanantadine,rimanantadine,IN,low,0.00175003,0.00175003,0.00175003,0,0.70772719,0.70772719,0.70772719,1,1.0,2.0,0.5,1,0.10339,0.10339,0.10339,0,0.99599,0.99599,0.99599,1
711,Bicultamide,mispelled drug name,IN,low,single,711,1,Bicultamide,Bicultamide,bicultamide,IN,low,3.12e-05,3.12e-05,3.12e-05,0,0.17470159,0.17470159,0.17470159,0,1.0,3.0,0.75,1,0.99791,0.99791,0.99791,1,0.32595,0.32595,0.32595,0
712,Phenytoin. ,mispelled drug name,IN,low,single,712,1,Phenytoin.,Phenytoin. ,phenytoin.,IN,low,0.82871425,0.82871425,0.82871425,1,0.1954608,0.1954608,0.1954608,0,1.0,2.0,0.5,1,0.00024,0.00024,0.00024,0,0.00023,0.00023,0.00023,0
713,oscal500/200d-3-500-200,mispelled drug name,BN,low,single,713,1,oscal500/200d-3-500-200,oscal500/200d-3-500-200,oscal500/200d-3-500-200,BN,low,0.0017398,0.0017398,0.0017398,0,0.70772719,0.70772719,0.70772719,1,1.0,0.0,0.0,1,0.99996,0.99996,0.99996,1,0.9999,0.9999,0.9999,1
714,Thrombi-Gel,correct drug name,BN,low,single,714,0,Thrombi-Gel,Thrombi-Gel,thrombi-gel,BN,low,0.99716765,0.99716765,0.99716765,1,0.70772719,0.70772719,0.70772719,1,0.0,0.0,0.0,0,0.00178,0.00178,0.00178,0,0.00068,0.00068,0.00068,0
715,HurriView,correct drug name,BN,low,single,715,0,HurriView,HurriView,hurriview,BN,low,0.99999988,0.99999988,0.99999988,1,0.70772719,0.70772719,0.70772719,1,1.0,0.0,0.0,1,0.0256,0.0256,0.0256,0,0.99888,0.99888,0.99888,1
716,Ademlog,mispelled drug name,BN,low,single,716,1,Ademlog,Ademlog,ademlog,BN,low,0.99999928,0.99999928,0.99999928,1,0.70772719,0.70772719,0.70772719,1,1.0,3.0,0.75,1,0.01451,0.01451,0.01451,0,0.99871,0.99871,0.99871,1
717,neostigmine,correct drug name,IN,low,single,717,0,neostigmine,neostigmine,neostigmine,IN,low,6.368e-05,6.368e-05,6.368e-05,0,0.18484408,0.18484408,0.18484408,0,0.0,0.0,0.0,0,0.00056,0.00056,0.00056,0,0.00172,0.00172,0.00172,0
718,Apratropium-albuterol,mispelled drug name,IN,low,single,718,1,Apratropium-albuterol,Apratropium-albuterol,apratropium-albuterol,IN,low,1.761e-05,1.761e-05,1.761e-05,0,0.70772719,0.70772719,0.70772719,1,1.0,0.0,0.0,1,0.85272,0.85272,0.85272,1,0.00034,0.00034,0.00034,0
719,zinc/nizoral/lotrisone,correct drug name,"BN,IN",low,single,719,0,zinc/nizoral/lotrisone,zinc/nizoral/lotrisone,zinc/nizoral/lotrisone,"BN, IN",low,0.00231216,0.00231216,0.00231216,0,0.70772719,0.70772719,0.70772719,1,1.0,0.0,0.0,1,0.99947,0.99947,0.99947,1,0.81497,0.81497,0.81497,1
720,Multivitamin-Certagen,correct drug name,"BN,IN",low,single,720,0,Multivitamin-Certagen,Multivitamin-Certagen,multivitamin-certagen,"BN, IN",low,0.94560313,0.94560313,0.94560313,1,0.70772719,0.70772719,0.70772719,1,1.0,0.0,0.0,1,0.00165,0.00165,0.00165,0,0.97636,0.97636,0.97636,1
721,hydrochlorothiazide-trianterene,mispelled drug name,BN,low,single,721,1,hydrochlorothiazide-trianterene,hydrochlorothiazide-trianterene,hydrochlorothiazide-trianterene,BN,low,0.01452559,0.01452559,0.01452559,0,0.70772719,0.70772719,0.70772719,1,1.0,1.0,0.25,1,0.99391,0.99391,0.99391,1,0.9999,0.9999,0.9999,1
722,novorapid,correct drug name,BN,low,single,722,0,novorapid,novorapid,novorapid,BN,low,1.56e-06,1.56e-06,1.56e-06,0,0.18089348,0.18089348,0.18089348,0,1.0,0.0,0.0,1,0.82698,0.82698,0.82698,1,0.79228,0.79228,0.79228,1
723,Queteiapine,mispelled drug name,IN,low,single,723,1,Queteiapine,Queteiapine,queteiapine,IN,low,0.99999869,0.99999869,0.99999869,1,0.70772719,0.70772719,0.70772719,1,1.0,2.0,0.5,1,0.99997,0.99997,0.99997,1,0.99976,0.99976,0.99976,1
724,abelox,mispelled drug name,BN,low,single,724,1,abelox,abelox,abelox,BN,low,0.00223677,0.00223677,0.00223677,0,0.70772719,0.70772719,0.70772719,1,1.0,1.0,0.25,1,0.99787,0.99787,0.99787,1,0.9994,0.9994,0.9994,1
725,vital-plex,correct drug name,BN,low,single,725,0,vital-plex,vital-plex,vital-plex,BN,low,6.2e-07,6.2e-07,6.2e-07,0,0.70772719,0.70772719,0.70772719,1,1.0,2.0,0.5,1,0.00029,0.00029,0.00029,0,0.00038,0.00038,0.00038,0
726,levapro,mispelled drug name,BN,low,single,726,1,levapro,levapro,levapro,BN,low,2.69e-05,2.69e-05,2.69e-05,0,0.70772719,0.70772719,0.70772719,1,1.0,3.0,0.75,1,0.98794,0.98794,0.98794,1,0.00213,0.00213,0.00213,0
727,dilitizem,mispelled drug name,IN,low,single,727,1,dilitizem,dilitizem,dilitizem,IN,low,0.0103655,0.0103655,0.0103655,0,0.33020857,0.33020857,0.33020857,0,1.0,2.0,0.5,1,0.99288,0.99288,0.99288,1,0.35863,0.35863,0.35863,0
728,diphenhydramine/lido/alh/mgh/simeth-237mls,correct short drug name,IN,low,single,728,0,diphenhydramine/lido/alh/mgh/simeth-237mls,diphenhydramine/lido/alh/mgh/simeth-237mls,diphenhydramine/lido/alh/mgh/simeth-237mls,IN,low,0.99999976,0.99999976,0.99999976,1,0.70772719,0.70772719,0.70772719,1,1.0,0.0,0.0,1,0.99993,0.99993,0.99993,1,0.99985,0.99985,0.99985,1
729,carisoprodol-aspirin-codeine,correct drug name,IN,low,single,729,0,carisoprodol-aspirin-codeine,carisoprodol-aspirin-codeine,carisoprodol-aspirin-codeine,IN,low,0.00693979,0.00693979,0.00693979,0,0.70772719,0.70772719,0.70772719,1,1.0,0.0,0.0,1,0.00057,0.00057,0.00057,0,0.00022,0.00022,0.00022,0
730,kneehigh,correct non-drug name,,low,single,730,0,kneehigh,kneehigh,kneehigh,nan,low,0.99999857,0.99999857,0.99999857,1,0.70772719,0.70772719,0.70772719,1,1.0,0.0,0.0,1,0.99796,0.99796,0.99796,1,0.99958,0.99958,0.99958,1
731,Tocopheryl,correct drug name,IN,low,single,731,0,Tocopheryl,Tocopheryl,tocopheryl,IN,low,5.301e-05,5.301e-05,5.301e-05,0,0.61594808,0.61594808,0.61594808,1,0.0,0.0,0.0,0,0.00132,0.00132,0.00132,0,0.002,0.002,0.002,0
732,Tropicamide-Phenylephrine,correct drug name,IN,low,single,732,0,Tropicamide-Phenylephrine,Tropicamide-Phenylephrine,tropicamide-phenylephrine,IN,low,0.12215485,0.12215485,0.12215485,0,0.17421986,0.17421986,0.17421986,0,1.0,0.0,0.0,1,0.00068,0.00068,0.00068,0,0.00028,0.00028,0.00028,0
733,Biscodyl,mispelled drug name,IN,low,single,733,1,Biscodyl,Biscodyl,biscodyl,IN,low,0.2574887,0.2574887,0.2574887,1,0.43839553,0.43839553,0.43839553,1,1.0,2.0,0.5,1,0.00025,0.00025,0.00025,0,0.00067,0.00067,0.00067,0
734,bryonia,correct drug name,IN,low,single,734,0,bryonia,bryonia,bryonia,IN,low,1.68e-06,1.68e-06,1.68e-06,0,0.37049571,0.37049571,0.37049571,0,0.0,0.0,0.0,0,0.00045,0.00045,0.00045,0,0.00048,0.00048,0.00048,0
735,Mesna,correct drug name,IN,low,single,735,0,Mesna,Mesna,mesna,IN,low,0.84746218,0.84746218,0.84746218,1,0.10597663,0.10597663,0.10597663,0,0.0,0.0,0.0,0,0.00033,0.00033,0.00033,0,0.0007,0.0007,0.0007,0
736,aluminum/magnesium/Hydroxide/simethicone,correct drug name,IN,low,single,736,0,aluminum/magnesium/Hydroxide/simethicone,aluminum/magnesium/Hydroxide/simethicone,aluminum/magnesium/hydroxide/simethicone,IN,low,0.99999845,0.99999845,0.99999845,1,0.70772719,0.70772719,0.70772719,1,1.0,0.0,0.0,1,0.0003,0.0003,0.0003,0,0.0002,0.0002,0.0002,0
737,TrueAloe,correct drug name,BN,low,single,737,0,TrueAloe,TrueAloe,truealoe,BN,low,0.99999952,0.99999952,0.99999952,1,0.70772719,0.70772719,0.70772719,1,1.0,3.0,0.75,1,0.99969,0.99969,0.99969,1,0.99984,0.99984,0.99984,1
738,Zitromax,mispelled drug name,BN,low,single,738,1,Zitromax,Zitromax,zitromax,BN,low,0.76949447,0.76949447,0.76949447,1,0.09854948,0.09854948,0.09854948,0,1.0,2.0,0.5,1,0.00233,0.00233,0.00233,0,0.99202,0.99202,0.99202,1
739,tizantidiine,mispelled drug name,IN,low,single,739,1,tizantidiine,tizantidiine,tizantidiine,IN,low,0.99999845,0.99999845,0.99999845,1,0.70772719,0.70772719,0.70772719,1,1.0,2.0,0.5,1,0.99982,0.99982,0.99982,1,0.04139,0.04139,0.04139,0
740,viactive,mispelled drug name,BN,low,single,740,1,viactive,viactive,viactive,BN,low,4.82e-06,4.82e-06,4.82e-06,0,0.3413181,0.3413181,0.3413181,0,1.0,1.0,0.25,1,0.99997,0.99997,0.99997,1,0.97318,0.97318,0.97318,1
741,desitin-nystatin-triamcinolone,correct drug name,"BN,IN",low,single,741,0,desitin-nystatin-triamcinolone,desitin-nystatin-triamcinolone,desitin-nystatin-triamcinolone,"BN, IN",low,4.301e-05,4.301e-05,4.301e-05,0,0.70772719,0.70772719,0.70772719,1,1.0,0.0,0.0,1,0.00183,0.00183,0.00183,0,0.00038,0.00038,0.00038,0
742,multivits-iron-minerals,correct short drug name,IN,low,single,742,0,multivits-iron-minerals,multivits-iron-minerals,multivits-iron-minerals,IN,low,6.624e-05,6.624e-05,6.624e-05,0,0.70772719,0.70772719,0.70772719,1,1.0,0.0,0.0,1,0.0004,0.0004,0.0004,0,0.00047,0.00047,0.00047,0
743,HYDROCHOLORQUINE,mispelled drug name,IN,low,single,743,1,HYDROCHOLORQUINE,HYDROCHOLORQUINE,hydrocholorquine,IN,low,1.353e-05,1.353e-05,1.353e-05,0,0.70772719,0.70772719,0.70772719,1,1.0,0.0,0.0,1,0.99946,0.99946,0.99946,1,0.99988,0.99988,0.99988,1
744,FloraTummys,correct drug name,BN,low,single,744,0,FloraTummys,FloraTummys,floratummys,BN,low,0.2388237,0.2388237,0.2388237,1,0.70772719,0.70772719,0.70772719,1,0.0,0.0,0.0,0,0.63172,0.63172,0.63172,1,0.99425,0.99425,0.99425,1
745,Acidophillis,mispelled drug name,IN,low,single,745,1,Acidophillis,Acidophillis,acidophillis,IN,low,0.98756987,0.98756987,0.98756987,1,0.50134879,0.50134879,0.50134879,1,1.0,3.0,0.75,1,0.99568,0.99568,0.99568,1,0.99974,0.99974,0.99974,1
746,0.45NS,correct short drug name,IN,low,single,746,0,0.45NS,0.45NS,0.45ns,IN,low,1.526e-05,1.526e-05,1.526e-05,0,0.44847906,0.44847906,0.44847906,1,1.0,2.0,0.5,1,0.91672,0.91672,0.91672,1,0.6799,0.6799,0.6799,1
747,janotoven,mispelled drug name,BN,low,single,747,1,janotoven,janotoven,janotoven,BN,low,0.99784029,0.99784029,0.99784029,1,0.70772719,0.70772719,0.70772719,1,1.0,1.0,0.25,1,0.9988,0.9988,0.9988,1,0.99963,0.99963,0.99963,1
748,RileysButtCream,mispelled drug name,"BN,IN",low,single,748,1,RileysButtCream,RileysButtCream,rileysbuttcream,"BN, IN",low,0.00028002,0.00028002,0.00028002,0,0.70772719,0.70772719,0.70772719,1,1.0,0.0,0.0,1,0.99997,0.99997,0.99997,1,0.99975,0.99975,0.99975,1
749,doucsate-senna,mispelled drug name,BN,low,single,749,1,doucsate-senna,doucsate-senna,doucsate-senna,BN,low,0.99976963,0.99976963,0.99976963,1,0.70772719,0.70772719,0.70772719,1,1.0,2.0,0.5,1,0.99997,0.99997,0.99997,1,0.9999,0.9999,0.9999,1
750,doxorubicin,correct drug name,IN,low,single,750,0,doxorubicin,doxorubicin,doxorubicin,IN,low,1.884e-05,1.884e-05,1.884e-05,0,0.18501823,0.18501823,0.18501823,0,0.0,0.0,0.0,0,0.00026,0.00026,0.00026,0,0.00908,0.00908,0.00908,0
751,lorazepam/lipoderm,correct drug name,IN,low,single,751,0,lorazepam/lipoderm,lorazepam/lipoderm,lorazepam/lipoderm,IN,low,0.00095456,0.00095456,0.00095456,0,0.70772719,0.70772719,0.70772719,1,1.0,0.0,0.0,1,0.00041,0.00041,0.00041,0,0.03912,0.03912,0.03912,0
752,atrophine,mispelled drug name,IN,low,single,752,1,atrophine,atrophine,atrophine,IN,low,2.764e-05,2.764e-05,2.764e-05,0,0.22021078,0.22021078,0.22021078,0,1.0,1.0,0.25,1,0.00136,0.00136,0.00136,0,0.99875,0.99875,0.99875,1
753,glucosamin/ch,mispelled drug name,IN,low,single,753,1,glucosamin/ch,glucosamin/ch,glucosamin/ch,IN,low,0.00126294,0.00126294,0.00126294,0,0.70772719,0.70772719,0.70772719,1,1.0,0.0,0.0,1,0.99974,0.99974,0.99974,1,0.82348,0.82348,0.82348,1
754,decuvite,correct short drug name,IN,low,single,754,0,decuvite,decuvite,decuvite,IN,low,0.99619979,0.99619979,0.99619979,1,0.70772719,0.70772719,0.70772719,1,1.0,2.0,0.5,1,0.00825,0.00825,0.00825,0,0.99897,0.99897,0.99897,1
755,mybretig,mispelled drug name,BN,low,single,755,1,mybretig,mybretig,mybretig,BN,low,0.41292885,0.41292885,0.41292885,1,0.70772719,0.70772719,0.70772719,1,1.0,0.0,0.0,1,0.97405,0.97405,0.97405,1,0.99927,0.99927,0.99927,1
756,Cholecalceferol,mispelled drug name,IN,low,single,756,1,Cholecalceferol,Cholecalceferol,cholecalceferol,IN,low,0.95370066,0.95370066,0.95370066,1,0.36082938,0.36082938,0.36082938,0,1.0,2.0,0.5,1,0.0006,0.0006,0.0006,0,0.00074,0.00074,0.00074,0
757,allantoin/camphor/phenol/1%-0.5%-0.5%,correct drug name,IN,low,single,757,0,allantoin/camphor/phenol/1%-0.5%-0.5%,allantoin/camphor/phenol/1%-0.5%-0.5%,allantoin/camphor/phenol/1%-0.5%-0.5%,IN,low,0.99966633,0.99966633,0.99966633,1,0.70772719,0.70772719,0.70772719,1,1.0,0.0,0.0,1,0.97889,0.97889,0.97889,1,0.99927,0.99927,0.99927,1
758,flucoinonide,mispelled drug name,IN,low,single,758,1,flucoinonide,flucoinonide,flucoinonide,IN,low,0.99999976,0.99999976,0.99999976,1,0.70772719,0.70772719,0.70772719,1,1.0,2.0,0.5,1,0.99971,0.99971,0.99971,1,0.99989,0.99989,0.99989,1
759,microplex,correct non-drug name,,low,single,759,0,microplex,microplex,microplex,nan,low,8.05e-06,8.05e-06,8.05e-06,0,0.35331231,0.35331231,0.35331231,0,1.0,2.0,0.5,1,0.0017,0.0017,0.0017,0,0.9967,0.9967,0.9967,1
760,montekulast,mispelled drug name,IN,low,single,760,1,montekulast,montekulast,montekulast,IN,low,0.79322451,0.79322451,0.79322451,1,0.21110265,0.21110265,0.21110265,0,1.0,2.0,0.5,1,0.99976,0.99976,0.99976,1,0.99964,0.99964,0.99964,1
761,busprione,mispelled drug name,IN,low,single,761,1,busprione,busprione,busprione,IN,low,0.9999994,0.9999994,0.9999994,1,0.13336748,0.13336748,0.13336748,0,1.0,2.0,0.5,1,0.99333,0.99333,0.99333,1,0.99437,0.99437,0.99437,1
762,luminex,correct drug name,BN,low,single,762,0,luminex,luminex,luminex,BN,low,8.9e-07,8.9e-07,8.9e-07,0,0.22749481,0.22749481,0.22749481,0,1.0,2.0,0.5,1,0.00037,0.00037,0.00037,0,0.00045,0.00045,0.00045,0
763,LINACLOLIDE,mispelled drug name,IN,low,single,763,1,LINACLOLIDE,LINACLOLIDE,linaclolide,IN,low,0.99679691,0.99679691,0.99679691,1,0.70772719,0.70772719,0.70772719,1,1.0,11.0,1.0,1,0.43265,0.43265,0.43265,0,0.94986,0.94986,0.94986,1
764,LIDO/ALUMINUM/SIMET,correct short drug name,IN,low,single,764,0,LIDO/ALUMINUM/SIMET,LIDO/ALUMINUM/SIMET,lido/aluminum/simet,IN,low,0.99999988,0.99999988,0.99999988,1,0.70772719,0.70772719,0.70772719,1,1.0,0.0,0.0,1,0.99418,0.99418,0.99418,1,0.99339,0.99339,0.99339,1
765,econopred,correct drug name,BN,low,single,765,0,econopred,econopred,econopred,BN,low,4.647e-05,4.647e-05,4.647e-05,0,0.27730978,0.27730978,0.27730978,0,0.0,0.0,0.0,0,0.01578,0.01578,0.01578,0,0.00362,0.00362,0.00362,0
766,Endodan,correct drug name,BN,low,single,766,0,Endodan,Endodan,endodan,BN,low,0.99999976,0.99999976,0.99999976,1,0.37611312,0.37611312,0.37611312,0,0.0,0.0,0.0,0,0.00173,0.00173,0.00173,0,0.99724,0.99724,0.99724,1
767,calciumcarbonate,mispelled drug name,IN,low,single,767,1,calciumcarbonate,calciumcarbonate,calciumcarbonate,IN,low,0.99788994,0.99788994,0.99788994,1,0.63901079,0.63901079,0.63901079,1,1.0,0.0,0.0,1,0.00151,0.00151,0.00151,0,0.99459,0.99459,0.99459,1
768,cataplex,correct drug name,BN,low,single,768,0,cataplex,cataplex,cataplex,BN,low,0.0001164,0.0001164,0.0001164,0,0.28460547,0.28460547,0.28460547,0,1.0,1.0,0.25,1,0.00303,0.00303,0.00303,0,0.01005,0.01005,0.01005,0
769,Fenofibric,correct drug name,IN,low,single,769,0,Fenofibric,Fenofibric,fenofibric,IN,low,3.48e-06,3.48e-06,3.48e-06,0,0.20748048,0.20748048,0.20748048,0,0.0,0.0,0.0,0,0.00147,0.00147,0.00147,0,0.00118,0.00118,0.00118,0
770,HYDRAZALINE,mispelled drug name,IN,low,single,770,1,HYDRAZALINE,HYDRAZALINE,hydrazaline,IN,low,0.02543787,0.02543787,0.02543787,0,0.18046582,0.18046582,0.18046582,0,1.0,11.0,1.0,1,0.99917,0.99917,0.99917,1,0.00114,0.00114,0.00114,0
771,versatel,correct drug name,BN,low,single,771,0,versatel,versatel,versatel,BN,low,0.00300266,0.00300266,0.00300266,0,0.70772719,0.70772719,0.70772719,1,1.0,2.0,0.5,1,0.00401,0.00401,0.00401,0,0.66542,0.66542,0.66542,1
772,wonder,correct non-drug name,,low,single,772,0,wonder,wonder,wonder,nan,low,1.432e-05,1.432e-05,1.432e-05,0,0.53233451,0.53233451,0.53233451,1,0.0,0.0,0.0,0,0.99818,0.99818,0.99818,1,0.995,0.995,0.995,1
773,colestyramine,correct drug name,IN,low,single,773,0,colestyramine,colestyramine,colestyramine,IN,low,1.046e-05,1.046e-05,1.046e-05,0,0.28148636,0.28148636,0.28148636,0,0.0,0.0,0.0,0,0.00122,0.00122,0.00122,0,0.0008,0.0008,0.0008,0
774,proch0oloperzine,mispelled drug name,IN,low,single,774,1,proch0oloperzine,proch0oloperzine,proch0oloperzine,IN,low,0.5787279,0.5787279,0.5787279,1,0.70772719,0.70772719,0.70772719,1,1.0,0.0,0.0,1,0.99996,0.99996,0.99996,1,0.99933,0.99933,0.99933,1
775,zaroxylin,mispelled drug name,BN,low,single,775,1,zaroxylin,zaroxylin,zaroxylin,BN,low,4.657e-05,4.657e-05,4.657e-05,0,0.24222085,0.24222085,0.24222085,0,1.0,2.0,0.5,1,0.99922,0.99922,0.99922,1,0.00223,0.00223,0.00223,0
776,lutein[OTC]tab,correct drug name,"BN,IN",low,single,776,0,lutein[OTC]tab,lutein[OTC]tab,lutein[otc]tab,"BN, IN",low,2.179e-05,2.179e-05,2.179e-05,0,0.70772719,0.70772719,0.70772719,1,1.0,0.0,0.0,1,0.00127,0.00127,0.00127,0,0.06935,0.06935,0.06935,0
777,doxicycline,mispelled drug name,IN,low,single,777,1,doxicycline,doxicycline,doxicycline,IN,low,9.819e-05,9.819e-05,9.819e-05,0,0.23714887,0.23714887,0.23714887,0,1.0,1.0,0.25,1,0.00024,0.00024,0.00024,0,0.0006,0.0006,0.0006,0
778,camaseptine,mispelled drug name,BN,low,single,778,1,camaseptine,camaseptine,camaseptine,BN,low,0.0016237,0.0016237,0.0016237,0,0.70772719,0.70772719,0.70772719,1,1.0,2.0,0.5,1,0.99959,0.99959,0.99959,1,0.99957,0.99957,0.99957,1
779,nitrofurentoin,mispelled drug name,IN,low,single,779,1,nitrofurentoin,nitrofurentoin,nitrofurentoin,IN,low,7.57e-06,7.57e-06,7.57e-06,0,0.70772719,0.70772719,0.70772719,1,1.0,1.0,0.25,1,0.99937,0.99937,0.99937,1,0.99578,0.99578,0.99578,1
780,Glucosam-Chond,correct short drug name,IN,low,single,780,0,Glucosam-Chond,Glucosam-Chond,glucosam-chond,IN,low,0.99999905,0.99999905,0.99999905,1,0.70772719,0.70772719,0.70772719,1,1.0,0.0,0.0,1,0.99556,0.99556,0.99556,1,0.99988,0.99988,0.99988,1
781,ambagio,mispelled drug name,BN,low,single,781,1,ambagio,ambagio,ambagio,BN,low,0.67006516,0.67006516,0.67006516,1,0.70772719,0.70772719,0.70772719,1,1.0,2.0,0.5,1,0.99913,0.99913,0.99913,1,0.06488,0.06488,0.06488,0
782,Dextromethphan-guaifene,mispelled drug name,BN,low,single,782,1,Dextromethphan-guaifene,Dextromethphan-guaifene,dextromethphan-guaifene,BN,low,0.99999976,0.99999976,0.99999976,1,0.70772719,0.70772719,0.70772719,1,1.0,0.0,0.0,1,0.99712,0.99712,0.99712,1,0.99794,0.99794,0.99794,1
783,2,correct non-drug name,,low,single,783,0,2,2,2,nan,low,2.716e-05,2.716e-05,2.716e-05,0,0.76043379,0.76043379,0.76043379,1,0.0,0.0,0.0,0,0.95866,0.95866,0.95866,1,0.87796,0.87796,0.87796,1
784,colistimethate,correct drug name,IN,low,single,784,0,colistimethate,colistimethate,colistimethate,IN,low,0.00037318,0.00037318,0.00037318,0,0.24641441,0.24641441,0.24641441,0,0.0,0.0,0.0,0,0.00099,0.00099,0.00099,0,0.00318,0.00318,0.00318,0
785,dompridone,mispelled drug name,IN,low,single,785,1,dompridone,dompridone,dompridone,IN,low,1.343e-05,1.343e-05,1.343e-05,0,0.70772719,0.70772719,0.70772719,1,1.0,1.0,0.25,1,0.87878,0.87878,0.87878,1,0.99985,0.99985,0.99985,1
786,Aerds,mispelled drug name,BN,low,single,786,1,Aerds,Aerds,aerds,BN,low,2.314e-05,2.314e-05,2.314e-05,0,0.61866671,0.61866671,0.61866671,1,1.0,1.0,0.25,1,0.99991,0.99991,0.99991,1,0.99987,0.99987,0.99987,1
787,proglitazone,mispelled drug name,IN,low,single,787,1,proglitazone,proglitazone,proglitazone,IN,low,3.3e-06,3.3e-06,3.3e-06,0,0.15008514,0.15008514,0.15008514,0,1.0,1.0,0.25,1,0.06476,0.06476,0.06476,0,0.03204,0.03204,0.03204,0
788,LIDOCAINE/MYLANTA/DPH,correct short drug name,"BN,IN",low,single,788,0,LIDOCAINE/MYLANTA/DPH,LIDOCAINE/MYLANTA/DPH,lidocaine/mylanta/dph,"BN, IN",low,0.11397491,0.11397491,0.11397491,0,0.70772719,0.70772719,0.70772719,1,1.0,0.0,0.0,1,0.0018,0.0018,0.0018,0,0.00793,0.00793,0.00793,0
789,maxiprol,mispelled drug name,BN,low,single,789,1,maxiprol,maxiprol,maxiprol,BN,low,4.18e-06,4.18e-06,4.18e-06,0,0.70772719,0.70772719,0.70772719,1,1.0,0.0,0.0,1,0.00134,0.00134,0.00134,0,0.00552,0.00552,0.00552,0
790,Ready-To-Use,correct non-drug name,IN,low,single,790,0,Ready-To-Use,Ready-To-Use,ready-to-use,IN,low,0.99392974,0.99392974,0.99392974,1,0.26670855,0.26670855,0.26670855,0,0.0,0.0,0.0,0,0.00027,0.00027,0.00027,0,0.00465,0.00465,0.00465,0
791,ester,correct drug name,IN,low,single,791,0,ester,ester,ester,IN,low,8.602e-05,8.602e-05,8.602e-05,0,0.74987948,0.74987948,0.74987948,1,0.0,0.0,0.0,0,0.00805,0.00805,0.00805,0,0.02952,0.02952,0.02952,0
792,hydratherablue,mispelled drug name,IN,low,single,792,1,hydratherablue,hydratherablue,hydratherablue,IN,low,0.00013454,0.00013454,0.00013454,0,0.70772719,0.70772719,0.70772719,1,1.0,0.0,0.0,1,0.99986,0.99986,0.99986,1,0.99983,0.99983,0.99983,1
793,multivitamin/iron/minerals,correct drug name,IN,low,single,793,0,multivitamin/iron/minerals,multivitamin/iron/minerals,multivitamin/iron/minerals,IN,low,0.0015785,0.0015785,0.0015785,0,0.70772719,0.70772719,0.70772719,1,1.0,0.0,0.0,1,0.00021,0.00021,0.00021,0,0.00078,0.00078,0.00078,0
794,Restore-X,correct drug name,BN,low,single,794,0,Restore-X,Restore-X,restore-x,BN,low,8.04e-06,8.04e-06,8.04e-06,0,0.70772719,0.70772719,0.70772719,1,1.0,3.0,0.75,1,0.00178,0.00178,0.00178,0,0.00088,0.00088,0.00088,0
795,BMP,correct non-drug name,,low,single,795,0,BMP,BMP,bmp,nan,low,3.19e-06,3.19e-06,3.19e-06,0,0.4989242,0.4989242,0.4989242,1,1.0,4.0,1.0,1,0.49912,0.49912,0.49912,0,0.94906,0.94906,0.94906,1
796,Lotrizone,mispelled drug name,BN,low,single,796,1,Lotrizone,Lotrizone,lotrizone,BN,low,1.945e-05,1.945e-05,1.945e-05,0,0.70772719,0.70772719,0.70772719,1,1.0,2.0,0.5,1,0.00139,0.00139,0.00139,0,0.0086,0.0086,0.0086,0
797,D-Mannose/CranActin,correct drug name,BN,low,single,797,0,D-Mannose/CranActin,D-Mannose/CranActin,d-mannose/cranactin,BN,low,0.41613862,0.41613862,0.41613862,1,0.70772719,0.70772719,0.70772719,1,1.0,0.0,0.0,1,0.99993,0.99993,0.99993,1,0.53767,0.53767,0.53767,1
798,philadelphia,correct non-drug name,,low,single,798,0,philadelphia,philadelphia,philadelphia,nan,low,8.258e-05,8.258e-05,8.258e-05,0,0.33341551,0.33341551,0.33341551,0,0.0,0.0,0.0,0,0.0018,0.0018,0.0018,0,0.00062,0.00062,0.00062,0
799,Xylocream,correct drug name,BN,low,single,799,0,Xylocream,Xylocream,xylocream,BN,low,0.0077955,0.0077955,0.0077955,0,0.70772719,0.70772719,0.70772719,1,1.0,2.0,0.5,1,0.0007,0.0007,0.0007,0,0.99987,0.99987,0.99987,1
800,Plavx,mispelled drug name,BN,low,single,800,1,Plavx,Plavx,plavx,BN,low,0.99999917,0.99999917,0.99999917,1,0.30158198,0.30158198,0.30158198,0,1.0,3.0,0.75,1,0.99982,0.99982,0.99982,1,0.99972,0.99972,0.99972,1
801,Hydrocodone5/325,mispelled drug name,IN,low,single,801,1,Hydrocodone5/325,Hydrocodone5/325,hydrocodone5/325,IN,low,0.99999452,0.99999452,0.99999452,1,0.70772719,0.70772719,0.70772719,1,1.0,0.0,0.0,1,0.00482,0.00482,0.00482,0,0.9998,0.9998,0.9998,1
802,sodiumbicarbonate,mispelled drug name,IN,low,single,802,1,sodiumbicarbonate,sodiumbicarbonate,sodiumbicarbonate,IN,low,0.05370145,0.05370145,0.05370145,0,0.43103552,0.43103552,0.43103552,1,1.0,0.0,0.0,1,0.00946,0.00946,0.00946,0,0.60044,0.60044,0.60044,1
803,Pain-A-Trat,mispelled drug name,BN,low,single,803,1,Pain-A-Trat,Pain-A-Trat,pain-a-trat,BN,low,0.99999964,0.99999964,0.99999964,1,0.70772719,0.70772719,0.70772719,1,1.0,0.0,0.0,1,0.03198,0.03198,0.03198,0,0.99967,0.99967,0.99967,1
804,multitvitamin-minerals,mispelled drug name,BN,low,single,804,1,multitvitamin-minerals,multitvitamin-minerals,multitvitamin-minerals,BN,low,0.99999928,0.99999928,0.99999928,1,0.70772719,0.70772719,0.70772719,1,1.0,1.0,0.25,1,0.99997,0.99997,0.99997,1,0.99986,0.99986,0.99986,1
805,hyptotears,mispelled drug name,BN,low,single,805,1,hyptotears,hyptotears,hyptotears,BN,low,0.45713583,0.45713583,0.45713583,1,0.70772719,0.70772719,0.70772719,1,1.0,1.0,0.25,1,0.95832,0.95832,0.95832,1,0.99975,0.99975,0.99975,1
806,Eligen-B-12,mispelled drug name,BN,low,single,806,1,Eligen-B-12,Eligen-B-12,eligen-b-12,BN,low,5.821e-05,5.821e-05,5.821e-05,0,0.70772719,0.70772719,0.70772719,1,1.0,0.0,0.0,1,0.00548,0.00548,0.00548,0,0.99977,0.99977,0.99977,1
807,Synovacin,correct drug name,BN,low,single,807,0,Synovacin,Synovacin,synovacin,BN,low,7.99e-06,7.99e-06,7.99e-06,0,0.70772719,0.70772719,0.70772719,1,0.0,0.0,0.0,0,0.01605,0.01605,0.01605,0,0.00782,0.00782,0.00782,0
808,kyodophilus,mispelled drug name,BN,low,single,808,1,kyodophilus,kyodophilus,kyodophilus,BN,low,0.98075151,0.98075151,0.98075151,1,0.70772719,0.70772719,0.70772719,1,1.0,0.0,0.0,1,0.99992,0.99992,0.99992,1,0.9905,0.9905,0.9905,1
809,neomycin/polymyxin/hydrocort,correct short drug name,"BN,IN",low,single,809,0,neomycin/polymyxin/hydrocort,neomycin/polymyxin/hydrocort,neomycin/polymyxin/hydrocort,"BN, IN",low,0.0001446,0.0001446,0.0001446,0,0.70772719,0.70772719,0.70772719,1,1.0,0.0,0.0,1,0.00103,0.00103,0.00103,0,0.00527,0.00527,0.00527,0
810,golytley,mispelled drug name,BN,low,single,810,1,golytley,golytley,golytley,BN,low,0.99999952,0.99999952,0.99999952,1,0.33830258,0.33830258,0.33830258,0,1.0,0.0,0.0,1,0.91233,0.91233,0.91233,1,0.03366,0.03366,0.03366,0
811,bacitracin:zinc:nystatin,correct drug name,IN,low,single,811,0,bacitracin:zinc:nystatin,bacitracin:zinc:nystatin,bacitracin:zinc:nystatin,IN,low,0.73443747,0.73443747,0.73443747,1,0.70772719,0.70772719,0.70772719,1,1.0,0.0,0.0,1,0.00099,0.00099,0.00099,0,0.00072,0.00072,0.00072,0
812,chondroitin-Glucosami,mispelled drug name,BN,low,single,812,1,chondroitin-Glucosami,chondroitin-Glucosami,chondroitin-glucosami,BN,low,0.99999893,0.99999893,0.99999893,1,0.70772719,0.70772719,0.70772719,1,1.0,3.0,0.75,1,0.99994,0.99994,0.99994,1,0.99984,0.99984,0.99984,1
813,hydrocodone/tylenol,correct drug name,"BN,IN",low,single,813,0,hydrocodone/tylenol,hydrocodone/tylenol,hydrocodone/tylenol,"BN, IN",low,0.00323592,0.00323592,0.00323592,0,0.26659089,0.26659089,0.26659089,0,1.0,0.0,0.0,1,0.00029,0.00029,0.00029,0,0.00027,0.00027,0.00027,0
814,flu-vaccine,correct drug name,IN,low,single,814,0,flu-vaccine,flu-vaccine,flu-vaccine,IN,low,0.00042765,0.00042765,0.00042765,0,0.50406277,0.50406277,0.50406277,1,1.0,0.0,0.0,1,0.00264,0.00264,0.00264,0,0.00054,0.00054,0.00054,0
815,Soltice,correct short drug name,BN,low,single,815,0,Soltice,Soltice,soltice,BN,low,0.99999988,0.99999988,0.99999988,1,0.70772719,0.70772719,0.70772719,1,0.0,0.0,0.0,0,0.05034,0.05034,0.05034,0,0.01449,0.01449,0.01449,0
816,Capryl,correct drug name,IN,low,single,816,0,Capryl,Capryl,capryl,IN,low,9.83e-06,9.83e-06,9.83e-06,0,0.64483571,0.64483571,0.64483571,1,0.0,0.0,0.0,0,0.00063,0.00063,0.00063,0,0.0003,0.0003,0.0003,0
817,ACETAMINOPHEN/BULTALBITAL/CAFFEINE,mispelled drug name,IN,low,single,817,1,ACETAMINOPHEN/BULTALBITAL/CAFFEINE,ACETAMINOPHEN/BULTALBITAL/CAFFEINE,acetaminophen/bultalbital/caffeine,IN,low,0.00083363,0.00083363,0.00083363,0,0.70772719,0.70772719,0.70772719,1,1.0,0.0,0.0,1,0.99944,0.99944,0.99944,1,0.99889,0.99889,0.99889,1
818,metalonezone,mispelled drug name,IN,low,single,818,1,metalonezone,metalonezone,metalonezone,IN,low,1.45e-06,1.45e-06,1.45e-06,0,0.70772719,0.70772719,0.70772719,1,1.0,0.0,0.0,1,0.24518,0.24518,0.24518,0,0.74043,0.74043,0.74043,1
819,Omeperazole,mispelled drug name,IN,low,single,819,1,Omeperazole,Omeperazole,omeperazole,IN,low,1.852e-05,1.852e-05,1.852e-05,0,0.0992463,0.0992463,0.0992463,0,1.0,2.0,0.5,1,0.22229,0.22229,0.22229,0,0.99412,0.99412,0.99412,1
820,lantaseptic,mispelled drug name,IN,low,single,820,1,lantaseptic,lantaseptic,lantaseptic,IN,low,1.7e-06,1.7e-06,1.7e-06,0,0.70772719,0.70772719,0.70772719,1,1.0,1.0,0.25,1,0.99991,0.99991,0.99991,1,0.98737,0.98737,0.98737,1
821,silva/2%mico/025%triamcream,not sure,BN,low,single,821,1,silva/2%mico/025%triamcream,silva/2%mico/025%triamcream,silva/2%mico/025%triamcream,BN,low,0.00090973,0.00090973,0.00090973,0,0.70772719,0.70772719,0.70772719,1,1.0,0.0,0.0,1,0.99984,0.99984,0.99984,1,0.99971,0.99971,0.99971,1
822,PNV-VP-U,correct drug name,BN,low,single,822,0,PNV-VP-U,PNV-VP-U,pnv-vp-u,BN,low,0.00031423,0.00031423,0.00031423,0,0.70772719,0.70772719,0.70772719,1,1.0,0.0,0.0,1,0.99989,0.99989,0.99989,1,0.9726,0.9726,0.9726,1
823,amoxicillin-benadryl-mycostatin-prednisone,correct drug name,"BN,IN",low,single,823,0,amoxicillin-benadryl-mycostatin-prednisone,amoxicillin-benadryl-mycostatin-prednisone,amoxicillin-benadryl-mycostatin-prednisone,"BN, IN",low,0.00164794,0.00164794,0.00164794,0,0.70772719,0.70772719,0.70772719,1,1.0,0.0,0.0,1,0.00121,0.00121,0.00121,0,0.00049,0.00049,0.00049,0
824,levafloxcin,mispelled drug name,IN,low,single,824,1,levafloxcin,levafloxcin,levafloxcin,IN,low,0.95656157,0.95656157,0.95656157,1,0.18594271,0.18594271,0.18594271,0,1.0,2.0,0.5,1,0.99967,0.99967,0.99967,1,0.99923,0.99923,0.99923,1
825,doxycillin,mispelled drug name,IN,low,single,825,1,doxycillin,doxycillin,doxycillin,IN,low,3.28e-06,3.28e-06,3.28e-06,0,0.24135779,0.24135779,0.24135779,0,1.0,2.0,0.5,1,0.00815,0.00815,0.00815,0,0.99867,0.99867,0.99867,1
826,dexamethaxone,mispelled drug name,IN,low,single,826,1,dexamethaxone,dexamethaxone,dexamethaxone,IN,low,0.94708616,0.94708616,0.94708616,1,0.20085005,0.20085005,0.20085005,0,1.0,1.0,0.25,1,0.99758,0.99758,0.99758,1,0.99785,0.99785,0.99785,1
827,geri-mucil-68%-POWD,mispelled drug name,IN,low,single,827,1,geri-mucil-68%-POWD,geri-mucil-68%-POWD,geri-mucil-68%-powd,IN,low,3.9e-07,3.9e-07,3.9e-07,0,0.70772719,0.70772719,0.70772719,1,1.0,0.0,0.0,1,0.99976,0.99976,0.99976,1,0.97658,0.97658,0.97658,1
828,Imatinibmes,mispelled drug name,IN,low,single,828,1,Imatinibmes,Imatinibmes,imatinibmes,IN,low,0.99999642,0.99999642,0.99999642,1,0.70772719,0.70772719,0.70772719,1,1.0,0.0,0.0,1,0.99996,0.99996,0.99996,1,0.75615,0.75615,0.75615,1
829,triamterene/htz,mispelled drug name,IN,low,single,829,1,triamterene/htz,triamterene/htz,triamterene/htz,IN,low,0.99999988,0.99999988,0.99999988,1,0.70772719,0.70772719,0.70772719,1,1.0,0.0,0.0,1,0.00329,0.00329,0.00329,0,0.9998,0.9998,0.9998,1
830,Erenumab,correct drug name,IN,low,single,830,0,Erenumab,Erenumab,erenumab,IN,low,4.62e-06,4.62e-06,4.62e-06,0,0.05170294,0.05170294,0.05170294,0,0.0,0.0,0.0,0,0.00672,0.00672,0.00672,0,0.00911,0.00911,0.00911,0
831,caltrate-vitaminD,mispelled drug name,"BN,IN",low,single,831,1,caltrate-vitaminD,caltrate-vitaminD,caltrate-vitamind,"BN, IN",low,1.31e-05,1.31e-05,1.31e-05,0,0.70772719,0.70772719,0.70772719,1,1.0,0.0,0.0,1,0.0008,0.0008,0.0008,0,0.34121,0.34121,0.34121,0
832,Teveten,correct drug name,BN,low,single,832,0,Teveten,Teveten,teveten,BN,low,0.96742868,0.96742868,0.96742868,1,0.19049521,0.19049521,0.19049521,0,1.0,3.0,0.75,1,0.99604,0.99604,0.99604,1,0.99689,0.99689,0.99689,1
833,Cresceo,correct drug name,BN,low,single,833,0,Cresceo,Cresceo,cresceo,BN,low,0.0047803,0.0047803,0.0047803,0,0.70772719,0.70772719,0.70772719,1,1.0,3.0,0.75,1,0.99996,0.99996,0.99996,1,0.99781,0.99781,0.99781,1
834,hydrochlorot,mispelled drug name,IN,low,single,834,1,hydrochlorot,hydrochlorot,hydrochlorot,IN,low,0.66195399,0.66195399,0.66195399,1,0.17018186,0.17018186,0.17018186,0,1.0,2.0,0.5,1,0.99984,0.99984,0.99984,1,0.99929,0.99929,0.99929,1
835,epotein,mispelled drug name,IN,low,single,835,1,epotein,epotein,epotein,IN,low,0.27222577,0.27222577,0.27222577,1,0.29150623,0.29150623,0.29150623,0,1.0,1.0,0.25,1,0.99994,0.99994,0.99994,1,0.99642,0.99642,0.99642,1
836,oculotrophin-PMG,correct drug name,BN,low,single,836,0,oculotrophin-PMG,oculotrophin-PMG,oculotrophin-pmg,BN,low,2.2e-06,2.2e-06,2.2e-06,0,0.70772719,0.70772719,0.70772719,1,1.0,0.0,0.0,1,0.31144,0.31144,0.31144,0,0.9998,0.9998,0.9998,1
837,levetiraceta(keppra),mispelled drug name,"BN,IN",low,single,837,1,levetiraceta(keppra),levetiraceta(keppra),levetiraceta(keppra),"BN, IN",low,0.99594396,0.99594396,0.99594396,1,0.70772719,0.70772719,0.70772719,1,1.0,0.0,0.0,1,0.99976,0.99976,0.99976,1,0.99915,0.99915,0.99915,1
838,Flurogel,mispelled drug name,BN,low,single,838,1,Flurogel,Flurogel,flurogel,BN,low,0.61418927,0.61418927,0.61418927,1,0.70772719,0.70772719,0.70772719,1,1.0,1.0,0.25,1,0.00516,0.00516,0.00516,0,0.00243,0.00243,0.00243,0
839,Rivaoxaban,mispelled drug name,IN,low,single,839,1,Rivaoxaban,Rivaoxaban,rivaoxaban,IN,low,0.98996186,0.98996186,0.98996186,1,0.70772719,0.70772719,0.70772719,1,1.0,2.0,0.5,1,0.99996,0.99996,0.99996,1,0.00067,0.00067,0.00067,0
840,Thera-400,correct drug name,BN,low,single,840,0,Thera-400,Thera-400,thera-400,BN,low,0.28984222,0.28984222,0.28984222,1,0.70772719,0.70772719,0.70772719,1,1.0,0.0,0.0,1,0.00162,0.00162,0.00162,0,0.00048,0.00048,0.00048,0
841,senna-docuste,mispelled drug name,IN,low,single,841,1,senna-docuste,senna-docuste,senna-docuste,IN,low,0.46793464,0.46793464,0.46793464,1,0.70772719,0.70772719,0.70772719,1,1.0,0.0,0.0,1,0.99993,0.99993,0.99993,1,0.99551,0.99551,0.99551,1
842,zymacap,correct drug name,BN,low,single,842,0,zymacap,zymacap,zymacap,BN,low,0.00078999,0.00078999,0.00078999,0,0.70772719,0.70772719,0.70772719,1,0.0,0.0,0.0,0,0.00173,0.00173,0.00173,0,0.00073,0.00073,0.00073,0
843,protontix,mispelled drug name,BN,low,single,843,1,protontix,protontix,protontix,BN,low,0.8848989,0.8848989,0.8848989,1,0.70772719,0.70772719,0.70772719,1,1.0,1.0,0.25,1,0.99988,0.99988,0.99988,1,0.96785,0.96785,0.96785,1
844,hyzing,mispelled drug name,BN,low,single,844,1,hyzing,hyzing,hyzing,BN,low,0.999345,0.999345,0.999345,1,0.70772719,0.70772719,0.70772719,1,1.0,1.0,0.25,1,0.71792,0.71792,0.71792,1,0.99498,0.99498,0.99498,1
845,sprivia,mispelled drug name,BN,low,single,845,1,sprivia,sprivia,sprivia,BN,low,2.508e-05,2.508e-05,2.508e-05,0,0.31729436,0.31729436,0.31729436,0,1.0,2.0,0.5,1,0.89323,0.89323,0.89323,1,0.99752,0.99752,0.99752,1
846,L-vit,correct short drug name,IN,low,single,846,0,L-vit,L-vit,l-vit,IN,low,2.6e-06,2.6e-06,2.6e-06,0,0.70772719,0.70772719,0.70772719,1,1.0,2.0,0.5,1,0.96524,0.96524,0.96524,1,0.5647,0.5647,0.5647,1
847,"CBC,CMP,UA",correct non-drug name,,low,single,847,0,"CBC,CMP,UA","CBC,CMP,UA","cbc,cmp,ua",nan,low,0.99999869,0.99999869,0.99999869,1,0.70772719,0.70772719,0.70772719,1,1.0,0.0,0.0,1,0.75584,0.75584,0.75584,1,0.99805,0.99805,0.99805,1
848,Bigamox,mispelled drug name,BN,low,single,848,1,Bigamox,Bigamox,bigamox,BN,low,1.95e-06,1.95e-06,1.95e-06,0,0.70772719,0.70772719,0.70772719,1,1.0,1.0,0.25,1,0.00355,0.00355,0.00355,0,0.00987,0.00987,0.00987,0
849,cefurocxime,mispelled drug name,IN,low,single,849,1,cefurocxime,cefurocxime,cefurocxime,IN,low,0.99938262,0.99938262,0.99938262,1,0.70772719,0.70772719,0.70772719,1,1.0,1.0,0.25,1,0.99996,0.99996,0.99996,1,0.99983,0.99983,0.99983,1
850,omnipen,correct drug name,BN,low,single,850,0,omnipen,omnipen,omnipen,BN,low,3.629e-05,3.629e-05,3.629e-05,0,0.27109176,0.27109176,0.27109176,0,0.0,0.0,0.0,0,0.00053,0.00053,0.00053,0,0.00104,0.00104,0.00104,0
851,aztheonam,mispelled drug name,IN,low,single,851,1,aztheonam,aztheonam,aztheonam,IN,low,0.99952042,0.99952042,0.99952042,1,0.70772719,0.70772719,0.70772719,1,1.0,1.0,0.25,1,0.95233,0.95233,0.95233,1,0.99195,0.99195,0.99195,1
852,remerom,mispelled drug name,BN,low,single,852,1,remerom,remerom,remerom,BN,low,0.98679763,0.98679763,0.98679763,1,0.70772719,0.70772719,0.70772719,1,1.0,1.0,0.25,1,0.94179,0.94179,0.94179,1,0.95259,0.95259,0.95259,1
853,omega3-dha-epa-fish-tumeric,mispelled drug name,IN,low,single,853,1,omega3-dha-epa-fish-tumeric,omega3-dha-epa-fish-tumeric,omega3-dha-epa-fish-tumeric,IN,low,0.99707019,0.99707019,0.99707019,1,0.70772719,0.70772719,0.70772719,1,1.0,0.0,0.0,1,0.89103,0.89103,0.89103,1,0.99985,0.99985,0.99985,1
854,5-MTHF,correct short drug name,IN,low,single,854,0,5-MTHF,5-MTHF,5-mthf,IN,low,6.45e-05,6.45e-05,6.45e-05,0,0.28465489,0.28465489,0.28465489,0,0.0,0.0,0.0,0,0.00255,0.00255,0.00255,0,0.00109,0.00109,0.00109,0
855,Lidocaine/mylanta/benadryl,correct drug name,"BN,IN",low,single,855,0,Lidocaine/mylanta/benadryl,Lidocaine/mylanta/benadryl,lidocaine/mylanta/benadryl,"BN, IN",low,0.99999797,0.99999797,0.99999797,1,0.70772719,0.70772719,0.70772719,1,1.0,0.0,0.0,1,0.00083,0.00083,0.00083,0,0.00054,0.00054,0.00054,0
856,Sopordren,mispelled drug name,BN,low,single,856,1,Sopordren,Sopordren,sopordren,BN,low,0.99999905,0.99999905,0.99999905,1,0.70772719,0.70772719,0.70772719,1,1.0,0.0,0.0,1,0.99868,0.99868,0.99868,1,0.99838,0.99838,0.99838,1
857,morphine20mg/ml,mispelled drug name,IN,low,single,857,1,morphine20mg/ml,morphine20mg/ml,morphine20mg/ml,IN,low,0.99999535,0.99999535,0.99999535,1,0.70772719,0.70772719,0.70772719,1,1.0,0.0,0.0,1,0.23655,0.23655,0.23655,0,0.99983,0.99983,0.99983,1
858,NuvaRing,correct non-drug name,BN,low,single,858,0,NuvaRing,NuvaRing,nuvaring,BN,low,0.0028104,0.0028104,0.0028104,0,0.13095582,0.13095582,0.13095582,0,0.0,0.0,0.0,0,0.00079,0.00079,0.00079,0,0.0065,0.0065,0.0065,0
859,max-freeze,correct short drug name,BN,low,single,859,0,max-freeze,max-freeze,max-freeze,BN,low,4.379e-05,4.379e-05,4.379e-05,0,0.70772719,0.70772719,0.70772719,1,0.0,0.0,0.0,0,0.00042,0.00042,0.00042,0,0.00034,0.00034,0.00034,0
860,Nicaprin,correct drug name,BN,low,single,860,0,Nicaprin,Nicaprin,nicaprin,BN,low,1.833e-05,1.833e-05,1.833e-05,0,0.70772719,0.70772719,0.70772719,1,1.0,2.0,0.5,1,0.00846,0.00846,0.00846,0,0.00902,0.00902,0.00902,0
861,AUGEMENTIN,mispelled drug name,BN,low,single,861,1,AUGEMENTIN,AUGEMENTIN,augementin,BN,low,2.68e-06,2.68e-06,2.68e-06,0,0.35673496,0.35673496,0.35673496,0,1.0,10.0,1.0,1,0.98852,0.98852,0.98852,1,0.99985,0.99985,0.99985,1
862,Levetiracetam.,mispelled drug name,IN,low,single,862,1,Levetiracetam.,Levetiracetam.,levetiracetam.,IN,low,0.0270809,0.0270809,0.0270809,0,0.18054242,0.18054242,0.18054242,0,1.0,2.0,0.5,1,0.00051,0.00051,0.00051,0,0.00026,0.00026,0.00026,0
863,menaquinone,correct drug name,IN,low,single,863,0,menaquinone,menaquinone,menaquinone,IN,low,6.18e-05,6.18e-05,6.18e-05,0,0.38373196,0.38373196,0.38373196,0,0.0,0.0,0.0,0,0.00077,0.00077,0.00077,0,0.0006,0.0006,0.0006,0
864,IROFOL,correct drug name,BN,low,single,864,0,IROFOL,IROFOL,irofol,BN,low,1.26e-06,1.26e-06,1.26e-06,0,0.70772719,0.70772719,0.70772719,1,0.0,0.0,0.0,0,0.99991,0.99991,0.99991,1,0.9999,0.9999,0.9999,1
865,Eloctate,correct drug name,BN,low,single,865,0,Eloctate,Eloctate,eloctate,BN,low,1.015e-05,1.015e-05,1.015e-05,0,0.47486091,0.47486091,0.47486091,1,0.0,0.0,0.0,0,0.93337,0.93337,0.93337,1,0.00948,0.00948,0.00948,0
866,carboxymethylcellulose-glycerine,mispelled drug name,IN,low,single,866,1,carboxymethylcellulose-glycerine,carboxymethylcellulose-glycerine,carboxymethylcellulose-glycerine,IN,low,0.00688083,0.00688083,0.00688083,0,0.70772719,0.70772719,0.70772719,1,1.0,0.0,0.0,1,0.00226,0.00226,0.00226,0,0.00086,0.00086,0.00086,0
867,cynnocohalamin,mispelled drug name,IN,low,single,867,1,cynnocohalamin,cynnocohalamin,cynnocohalamin,IN,low,0.99999976,0.99999976,0.99999976,1,0.70772719,0.70772719,0.70772719,1,1.0,2.0,0.5,1,0.99985,0.99985,0.99985,1,0.99914,0.99914,0.99914,1
868,ondesetron,mispelled drug name,IN,low,single,868,1,ondesetron,ondesetron,ondesetron,IN,low,0.99999738,0.99999738,0.99999738,1,0.115135,0.115135,0.115135,0,1.0,2.0,0.5,1,0.99988,0.99988,0.99988,1,0.99739,0.99739,0.99739,1
869,lisinopril2.5mg,mispelled drug name,IN,low,single,869,1,lisinopril2.5mg,lisinopril2.5mg,lisinopril2.5mg,IN,low,0.99665976,0.99665976,0.99665976,1,0.70772719,0.70772719,0.70772719,1,1.0,0.0,0.0,1,0.99945,0.99945,0.99945,1,0.99987,0.99987,0.99987,1
870,NPHinsulin,mispelled drug name,IN,low,single,870,1,NPHinsulin,NPHinsulin,nphinsulin,IN,low,0.0001113,0.0001113,0.0001113,0,0.70772719,0.70772719,0.70772719,1,1.0,0.0,0.0,1,0.99997,0.99997,0.99997,1,0.99985,0.99985,0.99985,1
871,cysreplete,correct drug name,BN,low,single,871,0,cysreplete,cysreplete,cysreplete,BN,low,0.99999917,0.99999917,0.99999917,1,0.70772719,0.70772719,0.70772719,1,1.0,0.0,0.0,1,0.99987,0.99987,0.99987,1,0.10106,0.10106,0.10106,0
872,thora,correct short drug name,IN,low,single,872,0,thora,thora,thora,IN,low,7.12e-06,7.12e-06,7.12e-06,0,0.70772719,0.70772719,0.70772719,1,1.0,1.0,0.25,1,0.96652,0.96652,0.96652,1,0.99148,0.99148,0.99148,1
873,prevnar23,not sure,BN,low,single,873,1,prevnar23,prevnar23,prevnar23,BN,low,0.00155875,0.00155875,0.00155875,0,0.70772719,0.70772719,0.70772719,1,1.0,2.0,0.5,1,0.99495,0.99495,0.99495,1,0.94211,0.94211,0.94211,1
874,MULTIVATIMN,mispelled drug name,IN,low,single,874,1,MULTIVATIMN,MULTIVATIMN,multivatimn,IN,low,5.802e-05,5.802e-05,5.802e-05,0,0.70772719,0.70772719,0.70772719,1,1.0,11.0,1.0,1,0.99997,0.99997,0.99997,1,0.656,0.656,0.656,1
875,calccium500/vitD3500,mispelled drug name,IN,low,single,875,1,calccium500/vitD3500,calccium500/vitD3500,calccium500/vitd3500,IN,low,0.90401816,0.90401816,0.90401816,1,0.70772719,0.70772719,0.70772719,1,1.0,0.0,0.0,1,0.99985,0.99985,0.99985,1,0.99913,0.99913,0.99913,1
876,multivitiman,mispelled drug name,IN,low,single,876,1,multivitiman,multivitiman,multivitiman,IN,low,0.99997878,0.99997878,0.99997878,1,0.70772719,0.70772719,0.70772719,1,1.0,2.0,0.5,1,0.97041,0.97041,0.97041,1,0.98765,0.98765,0.98765,1
877,atropine1%drops,mispelled drug name,IN,low,single,877,1,atropine1%drops,atropine1%drops,atropine1%drops,IN,low,0.9999994,0.9999994,0.9999994,1,0.70772719,0.70772719,0.70772719,1,1.0,0.0,0.0,1,0.63984,0.63984,0.63984,1,0.99982,0.99982,0.99982,1
878,probeneocid/colchicine,mispelled drug name,IN,low,single,878,1,probeneocid/colchicine,probeneocid/colchicine,probeneocid/colchicine,IN,low,0.8006717,0.8006717,0.8006717,1,0.70772719,0.70772719,0.70772719,1,1.0,0.0,0.0,1,0.9999,0.9999,0.9999,1,0.92294,0.92294,0.92294,1
879,lactibacillus,mispelled drug name,IN,low,single,879,1,lactibacillus,lactibacillus,lactibacillus,IN,low,7.358e-05,7.358e-05,7.358e-05,0,0.70772719,0.70772719,0.70772719,1,1.0,1.0,0.25,1,0.00042,0.00042,0.00042,0,0.86232,0.86232,0.86232,1
880,Dueoneb,mispelled drug name,BN,low,single,880,1,Dueoneb,Dueoneb,dueoneb,BN,low,0.99999964,0.99999964,0.99999964,1,0.70772719,0.70772719,0.70772719,1,1.0,3.0,0.75,1,0.99989,0.99989,0.99989,1,0.99979,0.99979,0.99979,1
881,80mg,correct non-drug name,,low,single,881,0,80mg,80mg,80mg,nan,low,2.14e-05,2.14e-05,2.14e-05,0,0.31035301,0.31035301,0.31035301,0,1.0,1.0,0.25,1,0.61232,0.61232,0.61232,1,0.03804,0.03804,0.03804,0
882,invantz,mispelled drug name,BN,low,single,882,1,invantz,invantz,invantz,BN,low,0.99999976,0.99999976,0.99999976,1,0.70772719,0.70772719,0.70772719,1,1.0,1.0,0.25,1,0.7991,0.7991,0.7991,1,0.47507,0.47507,0.47507,0
883,cognitex,correct drug name,BN,low,single,883,0,cognitex,cognitex,cognitex,BN,low,0.01544476,0.01544476,0.01544476,0,0.2184355,0.2184355,0.2184355,0,1.0,2.0,0.5,1,0.89639,0.89639,0.89639,1,0.99963,0.99963,0.99963,1
884,EB-N6,correct drug name,BN,low,single,884,0,EB-N6,EB-N6,eb-n6,BN,low,6.213e-05,6.213e-05,6.213e-05,0,0.70772719,0.70772719,0.70772719,1,1.0,5.0,1.0,1,0.9997,0.9997,0.9997,1,0.99983,0.99983,0.99983,1
885,MycologII,mispelled drug name,BN,low,single,885,1,MycologII,MycologII,mycologii,BN,low,0.99999762,0.99999762,0.99999762,1,0.70772719,0.70772719,0.70772719,1,1.0,4.0,1.0,1,0.99996,0.99996,0.99996,1,0.99962,0.99962,0.99962,1
886,velanfaxine,mispelled drug name,IN,low,single,886,1,velanfaxine,velanfaxine,velanfaxine,IN,low,0.9965539,0.9965539,0.9965539,1,0.06930926,0.06930926,0.06930926,0,1.0,2.0,0.5,1,0.99905,0.99905,0.99905,1,0.99923,0.99923,0.99923,1
887,menthol-camphorl,mispelled drug name,IN,low,single,887,1,menthol-camphorl,menthol-camphorl,menthol-camphorl,IN,low,0.99894887,0.99894887,0.99894887,1,0.70772719,0.70772719,0.70772719,1,1.0,0.0,0.0,1,0.99985,0.99985,0.99985,1,0.00136,0.00136,0.00136,0
888,calmicid,correct drug name,BN,low,single,888,0,calmicid,calmicid,calmicid,BN,low,0.99998128,0.99998128,0.99998128,1,0.70772719,0.70772719,0.70772719,1,1.0,2.0,0.5,1,0.98861,0.98861,0.98861,1,0.01974,0.01974,0.01974,0
889,glucophage-ER,not sure,BN,low,single,889,1,glucophage-ER,glucophage-ER,glucophage-er,BN,low,3.2e-06,3.2e-06,3.2e-06,0,0.70772719,0.70772719,0.70772719,1,1.0,0.0,0.0,1,0.00318,0.00318,0.00318,0,0.00328,0.00328,0.00328,0
890,depakine,mispelled drug name,BN,low,single,890,1,depakine,depakine,depakine,BN,low,2.269e-05,2.269e-05,2.269e-05,0,0.12320656,0.12320656,0.12320656,0,1.0,2.0,0.5,1,0.99851,0.99851,0.99851,1,0.00543,0.00543,0.00543,0
891,D5NS20meqKCL,mispelled drug name,BN,low,single,891,1,D5NS20meqKCL,D5NS20meqKCL,d5ns20meqkcl,BN,low,2.019e-05,2.019e-05,2.019e-05,0,0.70772719,0.70772719,0.70772719,1,1.0,0.0,0.0,1,0.99996,0.99996,0.99996,1,0.99752,0.99752,0.99752,1
892,luminite,correct drug name,BN,low,single,892,0,luminite,luminite,luminite,BN,low,0.00012551,0.00012551,0.00012551,0,0.70772719,0.70772719,0.70772719,1,1.0,2.0,0.5,1,0.99611,0.99611,0.99611,1,0.00315,0.00315,0.00315,0
893,Docsuate-senna,mispelled drug name,BN,low,single,893,1,Docsuate-senna,Docsuate-senna,docsuate-senna,BN,low,0.99999976,0.99999976,0.99999976,1,0.70772719,0.70772719,0.70772719,1,1.0,3.0,0.75,1,0.99996,0.99996,0.99996,1,0.9999,0.9999,0.9999,1
894,Zaroroxolyn,mispelled drug name,BN,low,single,894,1,Zaroroxolyn,Zaroroxolyn,zaroroxolyn,BN,low,0.99999976,0.99999976,0.99999976,1,0.70772719,0.70772719,0.70772719,1,1.0,3.0,0.75,1,0.99969,0.99969,0.99969,1,0.98644,0.98644,0.98644,1
895,Paraplatin,correct drug name,BN,low,single,895,0,Paraplatin,Paraplatin,paraplatin,BN,low,1.338e-05,1.338e-05,1.338e-05,0,0.08650266,0.08650266,0.08650266,0,0.0,0.0,0.0,0,0.00069,0.00069,0.00069,0,0.00948,0.00948,0.00948,0
896,PPD#1,correct short drug name,IN,low,single,896,0,PPD#1,PPD#1,ppd#1,IN,low,2.1e-06,2.1e-06,2.1e-06,0,0.70772719,0.70772719,0.70772719,1,1.0,4.0,1.0,1,0.87802,0.87802,0.87802,1,0.07521,0.07521,0.07521,0
897,Neomycin-Polymycin-Dexamethosone,mispelled drug name,IN,low,single,897,1,Neomycin-Polymycin-Dexamethosone,Neomycin-Polymycin-Dexamethosone,neomycin-polymycin-dexamethosone,IN,low,0.0027064,0.0027064,0.0027064,0,0.70772719,0.70772719,0.70772719,1,1.0,0.0,0.0,1,0.99931,0.99931,0.99931,1,0.0056,0.0056,0.0056,0
898,Zyncof,correct drug name,BN,low,single,898,0,Zyncof,Zyncof,zyncof,BN,low,2.94e-06,2.94e-06,2.94e-06,0,0.70772719,0.70772719,0.70772719,1,0.0,0.0,0.0,0,0.005,0.005,0.005,0,0.00652,0.00652,0.00652,0
899,Victrelis,correct drug name,BN,low,single,899,0,Victrelis,Victrelis,victrelis,BN,low,0.99999988,0.99999988,0.99999988,1,0.08308886,0.08308886,0.08308886,0,1.0,0.0,0.0,1,0.94538,0.94538,0.94538,1,0.99626,0.99626,0.99626,1
900,calamide,mispelled drug name,IN,low,single,900,1,calamide,calamide,calamide,IN,low,3.3e-06,3.3e-06,3.3e-06,0,0.70772719,0.70772719,0.70772719,1,1.0,1.0,0.25,1,0.00313,0.00313,0.00313,0,0.99954,0.99954,0.99954,1
901,OraMoist,correct non-drug name,,low,single,901,0,OraMoist,OraMoist,oramoist,nan,low,5.99e-06,5.99e-06,5.99e-06,0,0.22050759,0.22050759,0.22050759,0,1.0,3.0,0.75,1,0.65023,0.65023,0.65023,1,0.99681,0.99681,0.99681,1
902,azathrioprine,mispelled drug name,IN,low,single,902,1,azathrioprine,azathrioprine,azathrioprine,IN,low,0.99990439,0.99990439,0.99990439,1,0.08387362,0.08387362,0.08387362,0,1.0,1.0,0.25,1,0.99948,0.99948,0.99948,1,0.99982,0.99982,0.99982,1
903,Prednison,mispelled drug name,IN,low,single,903,1,Prednison,Prednison,prednison,IN,low,0.99343878,0.99343878,0.99343878,1,0.35386431,0.35386431,0.35386431,0,1.0,2.0,0.5,1,0.01383,0.01383,0.01383,0,0.99987,0.99987,0.99987,1
904,fluctcasone,mispelled drug name,IN,low,single,904,1,fluctcasone,fluctcasone,fluctcasone,IN,low,0.99999928,0.99999928,0.99999928,1,0.70772719,0.70772719,0.70772719,1,1.0,2.0,0.5,1,0.99997,0.99997,0.99997,1,0.99989,0.99989,0.99989,1
905,E-400IU,correct short drug name,IN,low,single,905,0,E-400IU,E-400IU,e-400iu,IN,low,6.5e-07,6.5e-07,6.5e-07,0,0.70772719,0.70772719,0.70772719,1,1.0,3.0,0.75,1,0.99989,0.99989,0.99989,1,0.99704,0.99704,0.99704,1
906,destress,correct non-drug name,,low,single,906,0,destress,destress,destress,nan,low,8.49e-06,8.49e-06,8.49e-06,0,0.56670183,0.56670183,0.56670183,1,1.0,1.0,0.25,1,0.00387,0.00387,0.00387,0,0.99784,0.99784,0.99784,1
907,Clotrim-Betam/Zinc,correct short drug name,IN,low,single,907,0,Clotrim-Betam/Zinc,Clotrim-Betam/Zinc,clotrim-betam/zinc,IN,low,0.9999994,0.9999994,0.9999994,1,0.70772719,0.70772719,0.70772719,1,1.0,0.0,0.0,1,0.9995,0.9995,0.9995,1,0.99964,0.99964,0.99964,1
908,thymol-chlorophyllin,correct drug name,IN,low,single,908,0,thymol-chlorophyllin,thymol-chlorophyllin,thymol-chlorophyllin,IN,low,7.805e-05,7.805e-05,7.805e-05,0,0.70772719,0.70772719,0.70772719,1,1.0,0.0,0.0,1,0.02246,0.02246,0.02246,0,0.00059,0.00059,0.00059,0
909,OMPERPRAZOLE,mispelled drug name,IN,low,single,909,1,OMPERPRAZOLE,OMPERPRAZOLE,omperprazole,IN,low,0.99818355,0.99818355,0.99818355,1,0.70772719,0.70772719,0.70772719,1,1.0,12.0,1.0,1,0.99409,0.99409,0.99409,1,0.99974,0.99974,0.99974,1
910,Ketoprofen-Baclofen-Gabapentin,correct drug name,IN,low,single,910,0,Ketoprofen-Baclofen-Gabapentin,Ketoprofen-Baclofen-Gabapentin,ketoprofen-baclofen-gabapentin,IN,low,0.81432307,0.81432307,0.81432307,1,0.70772719,0.70772719,0.70772719,1,1.0,0.0,0.0,1,0.00055,0.00055,0.00055,0,0.00059,0.00059,0.00059,0
911,talwin,correct drug name,BN,low,single,911,0,talwin,talwin,talwin,BN,low,3.265e-05,3.265e-05,3.265e-05,0,0.30964831,0.30964831,0.30964831,0,0.0,0.0,0.0,0,0.00061,0.00061,0.00061,0,0.00149,0.00149,0.00149,0
912,triameterene-HCTZ,mispelled drug name,IN,low,single,912,1,triameterene-HCTZ,triameterene-HCTZ,triameterene-hctz,IN,low,3.2e-05,3.2e-05,3.2e-05,0,0.26888651,0.26888651,0.26888651,0,1.0,0.0,0.0,1,0.01868,0.01868,0.01868,0,0.99988,0.99988,0.99988,1
913,bextra,correct drug name,BN,low,single,913,0,bextra,bextra,bextra,BN,low,7.77e-06,7.77e-06,7.77e-06,0,0.30357414,0.30357414,0.30357414,0,0.0,0.0,0.0,0,0.00042,0.00042,0.00042,0,0.00358,0.00358,0.00358,0
914,Dulcolax/bisacodyl,correct drug name,BN,low,single,914,0,Dulcolax/bisacodyl,Dulcolax/bisacodyl,dulcolax/bisacodyl,BN,low,0.00604406,0.00604406,0.00604406,0,0.70772719,0.70772719,0.70772719,1,1.0,0.0,0.0,1,0.00024,0.00024,0.00024,0,0.0012,0.0012,0.0012,0
915,elylea,mispelled drug name,BN,low,single,915,1,elylea,elylea,elylea,BN,low,0.41389889,0.41389889,0.41389889,1,0.70772719,0.70772719,0.70772719,1,1.0,1.0,0.25,1,0.99923,0.99923,0.99923,1,0.99562,0.99562,0.99562,1
916,Deborax,mispelled drug name,BN,low,single,916,1,Deborax,Deborax,deborax,BN,low,5.59e-06,5.59e-06,5.59e-06,0,0.70772719,0.70772719,0.70772719,1,1.0,2.0,0.5,1,0.99549,0.99549,0.99549,1,0.99865,0.99865,0.99865,1
917,loratadine-disintergrating,mispelled drug name,IN,low,single,917,1,loratadine-disintergrating,loratadine-disintergrating,loratadine-disintergrating,IN,low,3.121e-05,3.121e-05,3.121e-05,0,0.70772719,0.70772719,0.70772719,1,1.0,0.0,0.0,1,0.99869,0.99869,0.99869,1,0.99956,0.99956,0.99956,1
918,fluoncinonide,mispelled drug name,IN,low,single,918,1,fluoncinonide,fluoncinonide,fluoncinonide,IN,low,4.585e-05,4.585e-05,4.585e-05,0,0.09347681,0.09347681,0.09347681,0,1.0,1.0,0.25,1,0.99995,0.99995,0.99995,1,0.99985,0.99985,0.99985,1
919,Inflamma-T,correct drug name,BN,low,single,919,0,Inflamma-T,Inflamma-T,inflamma-t,BN,low,2.6e-06,2.6e-06,2.6e-06,0,0.70772719,0.70772719,0.70772719,1,1.0,0.0,0.0,1,0.77831,0.77831,0.77831,1,0.99769,0.99769,0.99769,1
920,Imipenim,mispelled drug name,IN,low,single,920,1,Imipenim,Imipenim,imipenim,IN,low,0.73079246,0.73079246,0.73079246,1,0.24064374,0.24064374,0.24064374,0,1.0,2.0,0.5,1,0.9995,0.9995,0.9995,1,0.84601,0.84601,0.84601,1
921,Mebolic,correct drug name,BN,low,single,921,0,Mebolic,Mebolic,mebolic,BN,low,7.62e-06,7.62e-06,7.62e-06,0,0.70772719,0.70772719,0.70772719,1,0.0,0.0,0.0,0,0.00551,0.00551,0.00551,0,0.00349,0.00349,0.00349,0
922,amoxicillin-clavuanate,mispelled drug name,BN,low,single,922,1,amoxicillin-clavuanate,amoxicillin-clavuanate,amoxicillin-clavuanate,BN,low,0.16104192,0.16104192,0.16104192,1,0.70772719,0.70772719,0.70772719,1,1.0,1.0,0.25,1,0.99991,0.99991,0.99991,1,0.9999,0.9999,0.9999,1
923,Mercuroclear,correct drug name,BN,low,single,923,0,Mercuroclear,Mercuroclear,mercuroclear,BN,low,1.721e-05,1.721e-05,1.721e-05,0,0.70772719,0.70772719,0.70772719,1,1.0,0.0,0.0,1,0.0016,0.0016,0.0016,0,0.99882,0.99882,0.99882,1
924,AUGMENTIN875MG,mispelled drug name,BN,low,single,924,1,AUGMENTIN875MG,AUGMENTIN875MG,augmentin875mg,BN,low,0.06022877,0.06022877,0.06022877,0,0.70772719,0.70772719,0.70772719,1,1.0,0.0,0.0,1,0.98505,0.98505,0.98505,1,0.99947,0.99947,0.99947,1
925,Eqliquis,mispelled drug name,BN,low,single,925,1,Eqliquis,Eqliquis,eqliquis,BN,low,0.99925262,0.99925262,0.99925262,1,0.70772719,0.70772719,0.70772719,1,1.0,2.0,0.5,1,0.9999,0.9999,0.9999,1,0.99427,0.99427,0.99427,1
926,wobenzyme,mispelled drug name,BN,low,single,926,1,wobenzyme,wobenzyme,wobenzyme,BN,low,0.02948526,0.02948526,0.02948526,0,0.17014016,0.17014016,0.17014016,0,1.0,2.0,0.5,1,0.99997,0.99997,0.99997,1,0.9958,0.9958,0.9958,1
927,trimethoprim-sulfamethoxazoleDS,correct drug name,IN,low,single,927,0,trimethoprim-sulfamethoxazoleDS,trimethoprim-sulfamethoxazoleDS,trimethoprim-sulfamethoxazoleds,IN,low,0.00114352,0.00114352,0.00114352,0,0.70772719,0.70772719,0.70772719,1,1.0,0.0,0.0,1,0.99995,0.99995,0.99995,1,0.36267,0.36267,0.36267,0
928,omega-3-oral,correct drug name,IN,low,single,928,0,omega-3-oral,omega-3-oral,omega-3-oral,IN,low,3.455e-05,3.455e-05,3.455e-05,0,0.70772719,0.70772719,0.70772719,1,1.0,0.0,0.0,1,0.00143,0.00143,0.00143,0,0.00028,0.00028,0.00028,0
929,Bio-Therm,correct non-drug name,BN,low,single,929,0,Bio-Therm,Bio-Therm,bio-therm,BN,low,0.99999964,0.99999964,0.99999964,1,0.70772719,0.70772719,0.70772719,1,1.0,0.0,0.0,1,0.00873,0.00873,0.00873,0,0.93608,0.93608,0.93608,1
930,ceftin500mg,mispelled drug name,BN,low,single,930,1,ceftin500mg,ceftin500mg,ceftin500mg,BN,low,0.00023262,0.00023262,0.00023262,0,0.70772719,0.70772719,0.70772719,1,1.0,0.0,0.0,1,0.59836,0.59836,0.59836,1,0.99856,0.99856,0.99856,1
931,Kayoxelate,mispelled drug name,BN,low,single,931,1,Kayoxelate,Kayoxelate,kayoxelate,BN,low,0.9999994,0.9999994,0.9999994,1,0.44404754,0.44404754,0.44404754,1,1.0,3.0,0.75,1,0.00062,0.00062,0.00062,0,0.00138,0.00138,0.00138,0
932,adren-All,correct drug name,BN,low,single,932,0,adren-All,adren-All,adren-all,BN,low,0.99994779,0.99994779,0.99994779,1,0.70772719,0.70772719,0.70772719,1,1.0,3.0,0.75,1,0.0085,0.0085,0.0085,0,0.97043,0.97043,0.97043,1
933,Latanoprast,mispelled drug name,IN,low,single,933,1,Latanoprast,Latanoprast,latanoprast,IN,low,0.99999893,0.99999893,0.99999893,1,0.70772719,0.70772719,0.70772719,1,1.0,2.0,0.5,1,0.00081,0.00081,0.00081,0,0.99266,0.99266,0.99266,1
934,Teds/,correct non-drug name,,low,single,934,0,Teds/,Teds/,teds/,nan,low,0.98824722,0.98824722,0.98824722,1,0.69692951,0.69692951,0.69692951,1,1.0,2.0,0.5,1,0.01735,0.01735,0.01735,0,0.00099,0.00099,0.00099,0
935,ipratroium-albuterol,mispelled drug name,IN,low,single,935,1,ipratroium-albuterol,ipratroium-albuterol,ipratroium-albuterol,IN,low,0.99999893,0.99999893,0.99999893,1,0.70772719,0.70772719,0.70772719,1,1.0,0.0,0.0,1,0.99994,0.99994,0.99994,1,0.99991,0.99991,0.99991,1
936,chromogen,correct non-drug name,,low,single,936,0,chromogen,chromogen,chromogen,nan,low,0.74723727,0.74723727,0.74723727,1,0.44020545,0.44020545,0.44020545,1,0.0,0.0,0.0,0,0.00124,0.00124,0.00124,0,0.08186,0.08186,0.08186,0
937,metronidzadole,mispelled drug name,IN,low,single,937,1,metronidzadole,metronidzadole,metronidzadole,IN,low,0.99999988,0.99999988,0.99999988,1,0.70772719,0.70772719,0.70772719,1,1.0,2.0,0.5,1,0.99996,0.99996,0.99996,1,0.99767,0.99767,0.99767,1
938,Oregamax,correct drug name,BN,low,single,938,0,Oregamax,Oregamax,oregamax,BN,low,1.34e-05,1.34e-05,1.34e-05,0,0.70772719,0.70772719,0.70772719,1,1.0,0.0,0.0,1,0.99845,0.99845,0.99845,1,0.9978,0.9978,0.9978,1
939,PPD-admission-2step,correct non-drug name,IN,low,single,939,0,PPD-admission-2step,PPD-admission-2step,ppd-admission-2step,IN,low,0.99931788,0.99931788,0.99931788,1,0.70772719,0.70772719,0.70772719,1,1.0,0.0,0.0,1,0.06619,0.06619,0.06619,0,0.99841,0.99841,0.99841,1
940,vancouver,correct non-drug name,,low,single,940,0,vancouver,vancouver,vancouver,nan,low,0.00071627,0.00071627,0.00071627,0,0.41051877,0.41051877,0.41051877,1,0.0,0.0,0.0,0,0.00835,0.00835,0.00835,0,0.00066,0.00066,0.00066,0
941,Moist,correct non-drug name,BN,low,single,941,0,Moist,Moist,moist,BN,low,9.33e-06,9.33e-06,9.33e-06,0,0.46001005,0.46001005,0.46001005,1,0.0,0.0,0.0,0,0.55431,0.55431,0.55431,1,0.00071,0.00071,0.00071,0
942,mefloquine,correct drug name,IN,low,single,942,0,mefloquine,mefloquine,mefloquine,IN,low,5.51e-06,5.51e-06,5.51e-06,0,0.18886998,0.18886998,0.18886998,0,0.0,0.0,0.0,0,0.00083,0.00083,0.00083,0,0.00041,0.00041,0.00041,0
943,arithromycin,mispelled drug name,IN,low,single,943,1,arithromycin,arithromycin,arithromycin,IN,low,0.00515716,0.00515716,0.00515716,0,0.30284956,0.30284956,0.30284956,0,1.0,1.0,0.25,1,0.99952,0.99952,0.99952,1,0.99556,0.99556,0.99556,1
944,Aladopine,mispelled drug name,IN,low,single,944,1,Aladopine,Aladopine,aladopine,IN,low,0.01479728,0.01479728,0.01479728,0,0.70772719,0.70772719,0.70772719,1,1.0,0.0,0.0,1,0.98175,0.98175,0.98175,1,0.83721,0.83721,0.83721,1
945,fluticasone-salmetrerol,mispelled drug name,BN,low,single,945,1,fluticasone-salmetrerol,fluticasone-salmetrerol,fluticasone-salmetrerol,BN,low,0.69107646,0.69107646,0.69107646,1,0.70772719,0.70772719,0.70772719,1,1.0,1.0,0.25,1,0.99994,0.99994,0.99994,1,0.99832,0.99832,0.99832,1
946,Reltone,correct drug name,BN,low,single,946,0,Reltone,Reltone,reltone,BN,low,1.338e-05,1.338e-05,1.338e-05,0,0.70772719,0.70772719,0.70772719,1,0.0,0.0,0.0,0,0.99854,0.99854,0.99854,1,0.99934,0.99934,0.99934,1
947,Meczline,mispelled drug name,IN,low,single,947,1,Meczline,Meczline,meczline,IN,low,0.99999952,0.99999952,0.99999952,1,0.70772719,0.70772719,0.70772719,1,1.0,2.0,0.5,1,0.99954,0.99954,0.99954,1,0.9996,0.9996,0.9996,1
948,Gentle,correct non-drug name,BN,low,single,948,0,Gentle,Gentle,gentle,BN,low,0.48915723,0.48915723,0.48915723,1,0.46005753,0.46005753,0.46005753,1,0.0,0.0,0.0,0,0.00034,0.00034,0.00034,0,0.00064,0.00064,0.00064,0
949,TRIMOTION,correct non-drug name,,low,single,949,0,TRIMOTION,TRIMOTION,trimotion,nan,low,3.51e-06,3.51e-06,3.51e-06,0,0.70772719,0.70772719,0.70772719,1,1.0,9.0,1.0,1,0.77874,0.77874,0.77874,1,0.97339,0.97339,0.97339,1
950,sulcralfate,mispelled drug name,IN,low,single,950,1,sulcralfate,sulcralfate,sulcralfate,IN,low,0.99999869,0.99999869,0.99999869,1,0.33411121,0.33411121,0.33411121,0,1.0,1.0,0.25,1,0.97368,0.97368,0.97368,1,0.02207,0.02207,0.02207,0
951,prednsone,mispelled drug name,IN,low,single,951,1,prednsone,prednsone,prednsone,IN,low,0.99992287,0.99992287,0.99992287,1,0.31975895,0.31975895,0.31975895,0,1.0,1.0,0.25,1,0.99955,0.99955,0.99955,1,0.99987,0.99987,0.99987,1
952,antacapone,mispelled drug name,IN,low,single,952,1,antacapone,antacapone,antacapone,IN,low,2.459e-05,2.459e-05,2.459e-05,0,0.70772719,0.70772719,0.70772719,1,1.0,1.0,0.25,1,0.99834,0.99834,0.99834,1,0.00061,0.00061,0.00061,0
953,floxetine,mispelled drug name,IN,low,single,953,1,floxetine,floxetine,floxetine,IN,low,3.47e-06,3.47e-06,3.47e-06,0,0.12002791,0.12002791,0.12002791,0,1.0,1.0,0.25,1,0.0017,0.0017,0.0017,0,0.99988,0.99988,0.99988,1
954,anivert,mispelled drug name,BN,low,single,954,1,anivert,anivert,anivert,BN,low,0.99999952,0.99999952,0.99999952,1,0.41346076,0.41346076,0.41346076,1,1.0,1.0,0.25,1,0.85247,0.85247,0.85247,1,0.99875,0.99875,0.99875,1
955,cucurmin,mispelled drug name,IN,low,single,955,1,cucurmin,cucurmin,cucurmin,IN,low,0.99999952,0.99999952,0.99999952,1,0.17807142,0.17807142,0.17807142,0,1.0,2.0,0.5,1,0.99586,0.99586,0.99586,1,0.99986,0.99986,0.99986,1
956,glyberide5mg,mispelled drug name,IN,low,single,956,1,glyberide5mg,glyberide5mg,glyberide5mg,IN,low,0.99999976,0.99999976,0.99999976,1,0.70772719,0.70772719,0.70772719,1,1.0,0.0,0.0,1,0.99989,0.99989,0.99989,1,0.99905,0.99905,0.99905,1
957,tramalol-acetaminophen,mispelled drug name,IN,low,single,957,1,tramalol-acetaminophen,tramalol-acetaminophen,tramalol-acetaminophen,IN,low,0.000176,0.000176,0.000176,0,0.70772719,0.70772719,0.70772719,1,1.0,0.0,0.0,1,0.02494,0.02494,0.02494,0,0.99969,0.99969,0.99969,1
958,docusate-senna(50mg-187mg),mispelled drug name,IN,low,single,958,1,docusate-senna(50mg-187mg),docusate-senna(50mg-187mg),docusate-senna(50mg-187mg),IN,low,0.00073676,0.00073676,0.00073676,0,0.70772719,0.70772719,0.70772719,1,1.0,0.0,0.0,1,0.97583,0.97583,0.97583,1,0.10059,0.10059,0.10059,0
959,lotvisone,mispelled drug name,BN,low,single,959,1,lotvisone,lotvisone,lotvisone,BN,low,0.99999762,0.99999762,0.99999762,1,0.70772719,0.70772719,0.70772719,1,1.0,1.0,0.25,1,0.99997,0.99997,0.99997,1,0.99964,0.99964,0.99964,1
960,Sof-Lax,correct drug name,BN,low,single,960,0,Sof-Lax,Sof-Lax,sof-lax,BN,low,8.96e-06,8.96e-06,8.96e-06,0,0.70772719,0.70772719,0.70772719,1,0.0,0.0,0.0,0,0.99981,0.99981,0.99981,1,0.99734,0.99734,0.99734,1
961,glycopyrolate,mispelled drug name,IN,low,single,961,1,glycopyrolate,glycopyrolate,glycopyrolate,IN,low,0.000353,0.000353,0.000353,0,0.36330199,0.36330199,0.36330199,0,1.0,1.0,0.25,1,0.00803,0.00803,0.00803,0,0.01307,0.01307,0.01307,0
962,Patiromer,correct drug name,BN,low,single,962,0,Patiromer,Patiromer,patiromer,BN,low,0.35449368,0.35449368,0.35449368,1,0.32271904,0.32271904,0.32271904,0,0.0,0.0,0.0,0,0.00068,0.00068,0.00068,0,0.00034,0.00034,0.00034,0
963,nitroglycrin,mispelled drug name,IN,low,single,963,1,nitroglycrin,nitroglycrin,nitroglycrin,IN,low,0.99957222,0.99957222,0.99957222,1,0.15857536,0.15857536,0.15857536,0,1.0,1.0,0.25,1,0.99994,0.99994,0.99994,1,0.64143,0.64143,0.64143,1
964,Genoptic,correct drug name,BN,low,single,964,0,Genoptic,Genoptic,genoptic,BN,low,1.125e-05,1.125e-05,1.125e-05,0,0.3103874,0.3103874,0.3103874,0,0.0,0.0,0.0,0,0.00031,0.00031,0.00031,0,0.00069,0.00069,0.00069,0
965,Exkivity,correct drug name,BN,low,single,965,0,Exkivity,Exkivity,exkivity,BN,low,0.99985099,0.99985099,0.99985099,1,0.70772719,0.70772719,0.70772719,1,0.0,0.0,0.0,0,0.99991,0.99991,0.99991,1,0.47883,0.47883,0.47883,0
966,acetaminophen300mg-codeine30mg,mispelled drug name,IN,low,single,966,1,acetaminophen300mg-codeine30mg,acetaminophen300mg-codeine30mg,acetaminophen300mg-codeine30mg,IN,low,0.99714631,0.99714631,0.99714631,1,0.70772719,0.70772719,0.70772719,1,1.0,0.0,0.0,1,0.088,0.088,0.088,0,0.99988,0.99988,0.99988,1
967,Simethocone,mispelled drug name,IN,low,single,967,1,Simethocone,Simethocone,simethocone,IN,low,0.40426552,0.40426552,0.40426552,1,0.27803531,0.27803531,0.27803531,0,1.0,2.0,0.5,1,0.57325,0.57325,0.57325,1,0.03668,0.03668,0.03668,0
968,Clarithomycin,mispelled drug name,IN,low,single,968,1,Clarithomycin,Clarithomycin,clarithomycin,IN,low,4.25e-06,4.25e-06,4.25e-06,0,0.10726268,0.10726268,0.10726268,0,1.0,2.0,0.5,1,0.00072,0.00072,0.00072,0,0.99884,0.99884,0.99884,1
969,xoponexHFA,mispelled drug name,BN,low,single,969,1,xoponexHFA,xoponexHFA,xoponexhfa,BN,low,0.98894942,0.98894942,0.98894942,1,0.70772719,0.70772719,0.70772719,1,1.0,0.0,0.0,1,0.99994,0.99994,0.99994,1,0.99754,0.99754,0.99754,1
970,chondroitin-glucoasamine,mispelled drug name,BN,low,single,970,1,chondroitin-glucoasamine,chondroitin-glucoasamine,chondroitin-glucoasamine,BN,low,0.99998927,0.99998927,0.99998927,1,0.70772719,0.70772719,0.70772719,1,1.0,1.0,0.25,1,0.99976,0.99976,0.99976,1,0.00931,0.00931,0.00931,0
971,Eloquis,mispelled drug name,BN,low,single,971,1,Eloquis,Eloquis,eloquis,BN,low,0.3198553,0.3198553,0.3198553,1,0.70772719,0.70772719,0.70772719,1,1.0,2.0,0.5,1,0.98184,0.98184,0.98184,1,0.95589,0.95589,0.95589,1
972,Celluvise,mispelled drug name,BN,low,single,972,1,Celluvise,Celluvise,celluvise,BN,low,0.94806325,0.94806325,0.94806325,1,0.70772719,0.70772719,0.70772719,1,1.0,2.0,0.5,1,0.0019,0.0019,0.0019,0,0.00042,0.00042,0.00042,0
973,lexaderm,mispelled drug name,BN,low,single,973,1,lexaderm,lexaderm,lexaderm,BN,low,0.98186904,0.98186904,0.98186904,1,0.70772719,0.70772719,0.70772719,1,1.0,2.0,0.5,1,0.09937,0.09937,0.09937,0,0.00045,0.00045,0.00045,0
974,Digeszen,mispelled drug name,BN,low,single,974,1,Digeszen,Digeszen,digeszen,BN,low,0.9999994,0.9999994,0.9999994,1,0.70772719,0.70772719,0.70772719,1,1.0,3.0,0.75,1,0.99976,0.99976,0.99976,1,0.01623,0.01623,0.01623,0
975,gadapentin,mispelled drug name,IN,low,single,975,1,gadapentin,gadapentin,gadapentin,IN,low,6.165e-05,6.165e-05,6.165e-05,0,0.70772719,0.70772719,0.70772719,1,1.0,1.0,0.25,1,0.0034,0.0034,0.0034,0,0.98475,0.98475,0.98475,1
976,orphenadrine,correct drug name,IN,low,single,976,0,orphenadrine,orphenadrine,orphenadrine,IN,low,1.031e-05,1.031e-05,1.031e-05,0,0.13095519,0.13095519,0.13095519,0,0.0,0.0,0.0,0,0.00052,0.00052,0.00052,0,0.00093,0.00093,0.00093,0
977,zzerxraloxifene,mispelled drug name,IN,low,single,977,1,zzerxraloxifene,zzerxraloxifene,zzerxraloxifene,IN,low,1.0,1.0,1.0,1,0.70772719,0.70772719,0.70772719,1,1.0,0.0,0.0,1,0.99988,0.99988,0.99988,1,0.99882,0.99882,0.99882,1
978,Respaire-30,correct drug name,BN,low,single,978,0,Respaire-30,Respaire-30,respaire-30,BN,low,0.10720497,0.10720497,0.10720497,0,0.70772719,0.70772719,0.70772719,1,1.0,0.0,0.0,1,0.11136,0.11136,0.11136,0,0.9998,0.9998,0.9998,1
979,zycam,mispelled drug name,BN,low,single,979,1,zycam,zycam,zycam,BN,low,1.89e-06,1.89e-06,1.89e-06,0,0.70772719,0.70772719,0.70772719,1,1.0,1.0,0.25,1,0.50024,0.50024,0.50024,1,0.02006,0.02006,0.02006,0
980,D5/.45ns,correct drug name,IN,low,single,980,0,D5/.45ns,D5/.45ns,d5/.45ns,IN,low,0.00180345,0.00180345,0.00180345,0,0.31604952,0.31604952,0.31604952,0,1.0,0.0,0.0,1,0.63662,0.63662,0.63662,1,0.56133,0.56133,0.56133,1
981,Atopine1%,mispelled drug name,IN,low,single,981,1,Atopine1%,Atopine1%,atopine1%,IN,low,0.99999964,0.99999964,0.99999964,1,0.70772719,0.70772719,0.70772719,1,1.0,0.0,0.0,1,0.9998,0.9998,0.9998,1,0.99986,0.99986,0.99986,1
982,depro-provera,mispelled drug name,BN,low,single,982,1,depro-provera,depro-provera,depro-provera,BN,low,1.77e-06,1.77e-06,1.77e-06,0,0.17255409,0.17255409,0.17255409,0,1.0,1.0,0.25,1,0.00044,0.00044,0.00044,0,0.99988,0.99988,0.99988,1
983,medseptic,correct drug name,BN,low,single,983,0,medseptic,medseptic,medseptic,BN,low,0.02338047,0.02338047,0.02338047,0,0.70772719,0.70772719,0.70772719,1,0.0,0.0,0.0,0,0.99944,0.99944,0.99944,1,0.96721,0.96721,0.96721,1
984,actetaminophen,mispelled drug name,IN,low,single,984,1,actetaminophen,actetaminophen,actetaminophen,IN,low,0.99995136,0.99995136,0.99995136,1,0.23637909,0.23637909,0.23637909,0,1.0,1.0,0.25,1,0.99972,0.99972,0.99972,1,0.99944,0.99944,0.99944,1
985,ELIOUIS,mispelled drug name,BN,low,single,985,1,ELIOUIS,ELIOUIS,eliouis,BN,low,3.855e-05,3.855e-05,3.855e-05,0,0.70772719,0.70772719,0.70772719,1,1.0,7.0,1.0,1,0.99993,0.99993,0.99993,1,0.95773,0.95773,0.95773,1
986,fluticasone/umecidinium/vilanterol,mispelled drug name,IN,low,single,986,1,fluticasone/umecidinium/vilanterol,fluticasone/umecidinium/vilanterol,fluticasone/umecidinium/vilanterol,IN,low,0.28653178,0.28653178,0.28653178,1,0.70772719,0.70772719,0.70772719,1,1.0,0.0,0.0,1,0.00242,0.00242,0.00242,0,0.99991,0.99991,0.99991,1
987,d5/0.45%NS,correct drug name,IN,low,single,987,0,d5/0.45%NS,d5/0.45%NS,d5/0.45%ns,IN,low,0.0137861,0.0137861,0.0137861,0,0.70772719,0.70772719,0.70772719,1,1.0,0.0,0.0,1,0.89453,0.89453,0.89453,1,0.82619,0.82619,0.82619,1
988,Alercap,correct drug name,BN,low,single,988,0,Alercap,Alercap,alercap,BN,low,1.433e-05,1.433e-05,1.433e-05,0,0.70772719,0.70772719,0.70772719,1,1.0,3.0,0.75,1,0.99974,0.99974,0.99974,1,0.25147,0.25147,0.25147,0
989,Nexafed,correct drug name,BN,low,single,989,0,Nexafed,Nexafed,nexafed,BN,low,5.86e-06,5.86e-06,5.86e-06,0,0.4216547,0.4216547,0.4216547,1,0.0,0.0,0.0,0,0.00018,0.00018,0.00018,0,0.0011,0.0011,0.0011,0
990,compound,correct non-drug name,IN,low,single,990,0,compound,compound,compound,IN,low,9.2e-06,9.2e-06,9.2e-06,0,0.62817544,0.62817544,0.62817544,1,0.0,0.0,0.0,0,0.06872,0.06872,0.06872,0,0.00184,0.00184,0.00184,0
991,Dexbrompheniramine-Phenyleph,correct short drug name,IN,low,single,991,0,Dexbrompheniramine-Phenyleph,Dexbrompheniramine-Phenyleph,dexbrompheniramine-phenyleph,IN,low,6.523e-05,6.523e-05,6.523e-05,0,0.70772719,0.70772719,0.70772719,1,1.0,0.0,0.0,1,0.92792,0.92792,0.92792,1,0.99965,0.99965,0.99965,1
992,magicmouth,mispelled drug name,IN,low,single,992,1,magicmouth,magicmouth,magicmouth,IN,low,7.244e-05,7.244e-05,7.244e-05,0,0.39016303,0.39016303,0.39016303,1,1.0,0.0,0.0,1,0.00032,0.00032,0.00032,0,0.9983,0.9983,0.9983,1
993,Nutraplus,correct drug name,BN,low,single,993,0,Nutraplus,Nutraplus,nutraplus,BN,low,0.00057041,0.00057041,0.00057041,0,0.70772719,0.70772719,0.70772719,1,0.0,0.0,0.0,0,0.00145,0.00145,0.00145,0,0.99909,0.99909,0.99909,1
994,Enjuvia,correct drug name,BN,low,single,994,0,Enjuvia,Enjuvia,enjuvia,BN,low,2.063e-05,2.063e-05,2.063e-05,0,0.21479665,0.21479665,0.21479665,0,0.0,0.0,0.0,0,0.00581,0.00581,0.00581,0,0.22388,0.22388,0.22388,0
995,fivanq,mispelled drug name,BN,low,single,995,1,fivanq,fivanq,fivanq,BN,low,0.99999905,0.99999905,0.99999905,1,0.70772719,0.70772719,0.70772719,1,1.0,1.0,0.25,1,0.99941,0.99941,0.99941,1,0.97323,0.97323,0.97323,1
996,domperadone,mispelled drug name,IN,low,single,996,1,domperadone,domperadone,domperadone,IN,low,8.79e-06,8.79e-06,8.79e-06,0,0.70772719,0.70772719,0.70772719,1,1.0,1.0,0.25,1,0.13365,0.13365,0.13365,0,0.99972,0.99972,0.99972,1
997,hurricane,mispelled drug name,BN,low,single,997,1,hurricane,hurricane,hurricane,BN,low,3.962e-05,3.962e-05,3.962e-05,0,0.39181408,0.39181408,0.39181408,1,0.0,0.0,0.0,0,0.01623,0.01623,0.01623,0,0.00114,0.00114,0.00114,0
998,Cholestin,correct drug name,BN,low,single,998,0,Cholestin,Cholestin,cholestin,BN,low,0.49842012,0.49842012,0.49842012,1,0.22789472,0.22789472,0.22789472,0,0.0,0.0,0.0,0,0.00069,0.00069,0.00069,0,0.00063,0.00063,0.00063,0
999,Turmeric-Tamarind,correct drug name,IN,low,single,999,0,Turmeric-Tamarind,Turmeric-Tamarind,turmeric-tamarind,IN,low,0.85600609,0.85600609,0.85600609,1,0.70772719,0.70772719,0.70772719,1,1.0,0.0,0.0,1,0.00082,0.00082,0.00082,0,0.00026,0.00026,0.00026,0
1000,certa-vite-lutin,mispelled drug name,BN,low,single,1000,1,certa-vite-lutin,certa-vite-lutin,certa-vite-lutin,BN,low,0.28109515,0.28109515,0.28109515,1,0.70772719,0.70772719,0.70772719,1,1.0,0.0,0.0,1,0.07675,0.07675,0.07675,0,0.03286,0.03286,0.03286,0
1001,Multibetic,mispelled drug name,BN,low,single,1001,1,Multibetic,Multibetic,multibetic,BN,low,1.182e-05,1.182e-05,1.182e-05,0,0.70772719,0.70772719,0.70772719,1,1.0,2.0,0.5,1,0.01581,0.01581,0.01581,0,0.99916,0.99916,0.99916,1
1002,hydrochlorothyazide,mispelled drug name,IN,low,single,1002,1,hydrochlorothyazide,hydrochlorothyazide,hydrochlorothyazide,IN,low,0.00067071,0.00067071,0.00067071,0,0.11058518,0.11058518,0.11058518,0,1.0,1.0,0.25,1,0.99658,0.99658,0.99658,1,0.99985,0.99985,0.99985,1
1003,Belatacept,correct drug name,IN,low,single,1003,0,Belatacept,Belatacept,belatacept,IN,low,3.51e-05,3.51e-05,3.51e-05,0,0.15402125,0.15402125,0.15402125,0,1.0,3.0,0.75,1,0.00117,0.00117,0.00117,0,0.0014,0.0014,0.0014,0
1004,Fe,correct drug name,IN,low,single,1004,0,Fe,Fe,fe,IN,low,0.10023579,0.10023579,0.10023579,0,0.62802434,0.62802434,0.62802434,1,0.0,0.0,0.0,0,0.5026,0.5026,0.5026,1,0.69806,0.69806,0.69806,1
1005,Lid,correct short drug name,IN,low,single,1005,0,Lid,Lid,lid,IN,low,0.02339436,0.02339436,0.02339436,0,0.57849038,0.57849038,0.57849038,1,0.0,0.0,0.0,0,0.99956,0.99956,0.99956,1,0.91103,0.91103,0.91103,1
1006,Joy-Filled,correct drug name,IN,low,single,1006,0,Joy-Filled,Joy-Filled,joy-filled,IN,low,0.99999952,0.99999952,0.99999952,1,0.56953716,0.56953716,0.56953716,1,1.0,0.0,0.0,1,0.98591,0.98591,0.98591,1,0.33069,0.33069,0.33069,0
1007,Crixivan,correct drug name,BN,low,single,1007,0,Crixivan,Crixivan,crixivan,BN,low,7.44e-06,7.44e-06,7.44e-06,0,0.13017996,0.13017996,0.13017996,0,0.0,0.0,0.0,0,0.01164,0.01164,0.01164,0,0.00857,0.00857,0.00857,0
1008,Bacitracin-zinc-nystatin,correct drug name,IN,low,single,1008,0,Bacitracin-zinc-nystatin,Bacitracin-zinc-nystatin,bacitracin-zinc-nystatin,IN,low,0.31148753,0.31148753,0.31148753,1,0.70772719,0.70772719,0.70772719,1,1.0,0.0,0.0,1,0.00031,0.00031,0.00031,0,0.00047,0.00047,0.00047,0
1009,hiscyamine,mispelled drug name,IN,low,single,1009,1,hiscyamine,hiscyamine,hiscyamine,IN,low,0.71770853,0.71770853,0.71770853,1,0.70772719,0.70772719,0.70772719,1,1.0,2.0,0.5,1,0.99994,0.99994,0.99994,1,0.99822,0.99822,0.99822,1
1010,tenosyn,not sure,BN,low,single,1010,1,tenosyn,tenosyn,tenosyn,BN,low,8.69e-06,8.69e-06,8.69e-06,0,0.70772719,0.70772719,0.70772719,1,1.0,2.0,0.5,1,0.00103,0.00103,0.00103,0,0.99776,0.99776,0.99776,1
1011,Nifurtimox,correct drug name,IN,low,single,1011,0,Nifurtimox,Nifurtimox,nifurtimox,IN,low,2.2e-06,2.2e-06,2.2e-06,0,0.05618824,0.05618824,0.05618824,0,0.0,0.0,0.0,0,0.00424,0.00424,0.00424,0,0.00669,0.00669,0.00669,0
1012,Ketoprofen-Lidocaine-Gabapent,mispelled drug name,IN,low,single,1012,1,Ketoprofen-Lidocaine-Gabapent,Ketoprofen-Lidocaine-Gabapent,ketoprofen-lidocaine-gabapent,IN,low,0.03618605,0.03618605,0.03618605,0,0.70772719,0.70772719,0.70772719,1,1.0,0.0,0.0,1,0.00077,0.00077,0.00077,0,0.9977,0.9977,0.9977,1
1013,Guaifenesin/Dexromethorphan,mispelled drug name,IN,low,single,1013,1,Guaifenesin/Dexromethorphan,Guaifenesin/Dexromethorphan,guaifenesin/dexromethorphan,IN,low,0.99992979,0.99992979,0.99992979,1,0.70772719,0.70772719,0.70772719,1,1.0,4.0,1.0,1,0.9997,0.9997,0.9997,1,0.99986,0.99986,0.99986,1
1014,methrotrexate,mispelled drug name,IN,low,single,1014,1,methrotrexate,methrotrexate,methrotrexate,IN,low,0.0001193,0.0001193,0.0001193,0,0.10350545,0.10350545,0.10350545,0,1.0,1.0,0.25,1,0.94909,0.94909,0.94909,1,0.00141,0.00141,0.00141,0
1015,iron-mfolate-b12-c-biot-zn-dss,mispelled drug name,IN,low,single,1015,1,iron-mfolate-b12-c-biot-zn-dss,iron-mfolate-b12-c-biot-zn-dss,iron-mfolate-b12-c-biot-zn-dss,IN,low,0.96525472,0.96525472,0.96525472,1,0.70772719,0.70772719,0.70772719,1,1.0,0.0,0.0,1,0.99997,0.99997,0.99997,1,0.99988,0.99988,0.99988,1
1016,Ibu-Drops,correct drug name,BN,low,single,1016,0,Ibu-Drops,Ibu-Drops,ibu-drops,BN,low,0.01368234,0.01368234,0.01368234,0,0.70772719,0.70772719,0.70772719,1,1.0,0.0,0.0,1,0.00405,0.00405,0.00405,0,0.00053,0.00053,0.00053,0
1017,pnuemovax,mispelled drug name,BN,low,single,1017,1,pnuemovax,pnuemovax,pnuemovax,BN,low,0.9999994,0.9999994,0.9999994,1,0.43673041,0.43673041,0.43673041,1,1.0,2.0,0.5,1,0.99897,0.99897,0.99897,1,0.99968,0.99968,0.99968,1
1018,levaguin,mispelled drug name,BN,low,single,1018,1,levaguin,levaguin,levaguin,BN,low,0.99406427,0.99406427,0.99406427,1,0.28442162,0.28442162,0.28442162,0,1.0,1.0,0.25,1,0.17102,0.17102,0.17102,0,0.99976,0.99976,0.99976,1
1019,Invsnz,mispelled drug name,BN,low,single,1019,1,Invsnz,Invsnz,invsnz,BN,low,0.99999726,0.99999726,0.99999726,1,0.70772719,0.70772719,0.70772719,1,1.0,2.0,0.5,1,0.99975,0.99975,0.99975,1,0.99988,0.99988,0.99988,1
1020,serverdi,not sure,BN,low,single,1020,1,serverdi,serverdi,serverdi,BN,low,0.00220935,0.00220935,0.00220935,0,0.70772719,0.70772719,0.70772719,1,1.0,2.0,0.5,1,0.99902,0.99902,0.99902,1,0.99987,0.99987,0.99987,1
1021,docustae-senna,mispelled drug name,BN,low,single,1021,1,docustae-senna,docustae-senna,docustae-senna,BN,low,0.00022234,0.00022234,0.00022234,0,0.70772719,0.70772719,0.70772719,1,1.0,2.0,0.5,1,0.99997,0.99997,0.99997,1,0.99976,0.99976,0.99976,1
1022,morphine100mg/5ml,mispelled drug name,IN,low,single,1022,1,morphine100mg/5ml,morphine100mg/5ml,morphine100mg/5ml,IN,low,0.9999994,0.9999994,0.9999994,1,0.70772719,0.70772719,0.70772719,1,1.0,0.0,0.0,1,0.22414,0.22414,0.22414,0,0.99984,0.99984,0.99984,1
1023,Methaver,correct drug name,BN,low,single,1023,0,Methaver,Methaver,methaver,BN,low,1.127e-05,1.127e-05,1.127e-05,0,0.70772719,0.70772719,0.70772719,1,1.0,3.0,0.75,1,0.12679,0.12679,0.12679,0,0.99951,0.99951,0.99951,1
1024,coenzyne,mispelled drug name,IN,low,single,1024,1,coenzyne,coenzyne,coenzyne,IN,low,0.9992373,0.9992373,0.9992373,1,0.70772719,0.70772719,0.70772719,1,1.0,1.0,0.25,1,0.00548,0.00548,0.00548,0,0.08563,0.08563,0.08563,0
1025,prapranolol,mispelled drug name,IN,low,single,1025,1,prapranolol,prapranolol,prapranolol,IN,low,2.195e-05,2.195e-05,2.195e-05,0,0.10834927,0.10834927,0.10834927,0,1.0,1.0,0.25,1,0.62339,0.62339,0.62339,1,0.99445,0.99445,0.99445,1
1026,aceteminophen,mispelled drug name,IN,low,single,1026,1,aceteminophen,aceteminophen,aceteminophen,IN,low,0.02333249,0.02333249,0.02333249,0,0.37092707,0.37092707,0.37092707,0,1.0,1.0,0.25,1,0.00037,0.00037,0.00037,0,0.99984,0.99984,0.99984,1
1027,flovinef,mispelled drug name,BN,low,single,1027,1,flovinef,flovinef,flovinef,BN,low,5.09e-05,5.09e-05,5.09e-05,0,0.70772719,0.70772719,0.70772719,1,1.0,1.0,0.25,1,0.99997,0.99997,0.99997,1,0.98522,0.98522,0.98522,1
1028,protecTN,not sure,BN,low,single,1028,1,protecTN,protecTN,protectn,BN,low,0.92100871,0.92100871,0.92100871,1,0.70772719,0.70772719,0.70772719,1,1.0,2.0,0.5,1,0.99803,0.99803,0.99803,1,0.93612,0.93612,0.93612,1
1029,Xlfaxen,mispelled drug name,BN,low,single,1029,1,Xlfaxen,Xlfaxen,xlfaxen,BN,low,0.92347109,0.92347109,0.92347109,1,0.70772719,0.70772719,0.70772719,1,1.0,2.0,0.5,1,0.99991,0.99991,0.99991,1,0.99963,0.99963,0.99963,1
1030,prednisone10mg,mispelled drug name,IN,low,single,1030,1,prednisone10mg,prednisone10mg,prednisone10mg,IN,low,0.01468894,0.01468894,0.01468894,0,0.70772719,0.70772719,0.70772719,1,1.0,0.0,0.0,1,0.04187,0.04187,0.04187,0,0.9998,0.9998,0.9998,1
1031,Milkshake,correct non-drug name,,low,single,1031,0,Milkshake,Milkshake,milkshake,nan,low,0.99999964,0.99999964,0.99999964,1,0.56795824,0.56795824,0.56795824,1,0.0,0.0,0.0,0,0.9611,0.9611,0.9611,1,0.81443,0.81443,0.81443,1
1032,dentemp,correct drug name,BN,low,single,1032,0,dentemp,dentemp,dentemp,BN,low,3.27e-06,3.27e-06,3.27e-06,0,0.27304435,0.27304435,0.27304435,0,1.0,2.0,0.5,1,0.99232,0.99232,0.99232,1,0.99987,0.99987,0.99987,1
1033,DuoNeds,mispelled drug name,BN,low,single,1033,1,DuoNeds,DuoNeds,duoneds,BN,low,0.00110724,0.00110724,0.00110724,0,0.70772719,0.70772719,0.70772719,1,1.0,4.0,1.0,1,0.99994,0.99994,0.99994,1,0.998,0.998,0.998,1
1034,cholestid,mispelled drug name,BN,low,single,1034,1,cholestid,cholestid,cholestid,BN,low,0.99998426,0.99998426,0.99998426,1,0.32026717,0.32026717,0.32026717,0,1.0,1.0,0.25,1,0.99991,0.99991,0.99991,1,0.00205,0.00205,0.00205,0
1035,proventil/vento,correct short drug name,BN,low,single,1035,0,proventil/vento,proventil/vento,proventil/vento,BN,low,5.76e-06,5.76e-06,5.76e-06,0,0.70772719,0.70772719,0.70772719,1,1.0,0.0,0.0,1,0.99824,0.99824,0.99824,1,0.63615,0.63615,0.63615,1
1036,clopidogrel/PLAVIX,correct drug name,"BN,IN",low,single,1036,0,clopidogrel/PLAVIX,clopidogrel/PLAVIX,clopidogrel/plavix,"BN, IN",low,0.04790336,0.04790336,0.04790336,0,0.22617622,0.22617622,0.22617622,0,1.0,0.0,0.0,1,0.00021,0.00021,0.00021,0,0.00035,0.00035,0.00035,0
1037,Cerovita,mispelled drug name,BN,low,single,1037,1,Cerovita,Cerovita,cerovita,BN,low,0.12736131,0.12736131,0.12736131,0,0.70772719,0.70772719,0.70772719,1,1.0,2.0,0.5,1,0.01,0.01,0.01,0,0.97193,0.97193,0.97193,1
1038,malidobent,not sure,,low,single,1038,1,malidobent,malidobent,malidobent,nan,low,0.82528651,0.82528651,0.82528651,1,0.70772719,0.70772719,0.70772719,1,1.0,0.0,0.0,1,0.111,0.111,0.111,0,0.99941,0.99941,0.99941,1
1039,diciofenac,mispelled drug name,IN,low,single,1039,1,diciofenac,diciofenac,diciofenac,IN,low,0.87447381,0.87447381,0.87447381,1,0.70772719,0.70772719,0.70772719,1,1.0,1.0,0.25,1,0.99963,0.99963,0.99963,1,0.00756,0.00756,0.00756,0
1040,kyolic,correct drug name,BN,low,single,1040,0,kyolic,kyolic,kyolic,BN,low,0.99839634,0.99839634,0.99839634,1,0.31330603,0.31330603,0.31330603,0,1.0,2.0,0.5,1,0.99964,0.99964,0.99964,1,0.96483,0.96483,0.96483,1
1041,multiv-min-,mispelled drug name,IN,low,single,1041,1,multiv-min-,multiv-min-,multiv-min-,IN,low,5.881e-05,5.881e-05,5.881e-05,0,0.70772719,0.70772719,0.70772719,1,1.0,0.0,0.0,1,0.99984,0.99984,0.99984,1,0.99906,0.99906,0.99906,1
1042,Azostix,correct non-drug name,,low,single,1042,0,Azostix,Azostix,azostix,nan,low,0.37743127,0.37743127,0.37743127,1,0.21165901,0.21165901,0.21165901,0,1.0,3.0,0.75,1,0.9988,0.9988,0.9988,1,0.99969,0.99969,0.99969,1
1043,MagnesiumChloride,mispelled drug name,IN,low,single,1043,1,MagnesiumChloride,MagnesiumChloride,magnesiumchloride,IN,low,0.99999952,0.99999952,0.99999952,1,0.57063603,0.57063603,0.57063603,1,1.0,0.0,0.0,1,0.00057,0.00057,0.00057,0,0.99908,0.99908,0.99908,1
1044,hystoscyamine,mispelled drug name,IN,low,single,1044,1,hystoscyamine,hystoscyamine,hystoscyamine,IN,low,1.223e-05,1.223e-05,1.223e-05,0,0.70772719,0.70772719,0.70772719,1,1.0,2.0,0.5,1,0.99994,0.99994,0.99994,1,0.00111,0.00111,0.00111,0
1045,tricamcinelone,mispelled drug name,IN,low,single,1045,1,tricamcinelone,tricamcinelone,tricamcinelone,IN,low,0.99979013,0.99979013,0.99979013,1,0.70772719,0.70772719,0.70772719,1,1.0,2.0,0.5,1,0.09886,0.09886,0.09886,0,0.99682,0.99682,0.99682,1
1046,tuberosol,mispelled drug name,BN,low,single,1046,1,tuberosol,tuberosol,tuberosol,BN,low,9.7e-06,9.7e-06,9.7e-06,0,0.70772719,0.70772719,0.70772719,1,1.0,1.0,0.25,1,0.00085,0.00085,0.00085,0,0.04276,0.04276,0.04276,0
1047,Levafloaxin,mispelled drug name,IN,low,single,1047,1,Levafloaxin,Levafloaxin,levafloaxin,IN,low,0.99999952,0.99999952,0.99999952,1,0.70772719,0.70772719,0.70772719,1,1.0,0.0,0.0,1,0.99991,0.99991,0.99991,1,0.99938,0.99938,0.99938,1
1048,doxycyclin,mispelled drug name,IN,low,single,1048,1,doxycyclin,doxycyclin,doxycyclin,IN,low,1.736e-05,1.736e-05,1.736e-05,0,0.26877618,0.26877618,0.26877618,0,1.0,1.0,0.25,1,0.00154,0.00154,0.00154,0,0.97969,0.97969,0.97969,1
1049,arlplprazole,mispelled drug name,IN,low,single,1049,1,arlplprazole,arlplprazole,arlplprazole,IN,low,0.99999869,0.99999869,0.99999869,1,0.70772719,0.70772719,0.70772719,1,1.0,2.0,0.5,1,0.99997,0.99997,0.99997,1,0.99951,0.99951,0.99951,1
1050,Piracetam,correct drug name,IN,low,single,1050,0,Piracetam,Piracetam,piracetam,IN,low,0.00040882,0.00040882,0.00040882,0,0.09069563,0.09069563,0.09069563,0,0.0,0.0,0.0,0,0.00084,0.00084,0.00084,0,0.00025,0.00025,0.00025,0
1051,spirotine,mispelled drug name,BN,low,single,1051,1,spirotine,spirotine,spirotine,BN,low,0.00046704,0.00046704,0.00046704,0,0.70772719,0.70772719,0.70772719,1,1.0,2.0,0.5,1,0.00469,0.00469,0.00469,0,0.99894,0.99894,0.99894,1
1052,famvar,mispelled drug name,BN,low,single,1052,1,famvar,famvar,famvar,BN,low,0.99999988,0.99999988,0.99999988,1,0.70772719,0.70772719,0.70772719,1,1.0,1.0,0.25,1,0.93531,0.93531,0.93531,1,0.23954,0.23954,0.23954,0
1053,Dextromethorphan/lidocaine,correct drug name,IN,low,single,1053,0,Dextromethorphan/lidocaine,Dextromethorphan/lidocaine,dextromethorphan/lidocaine,IN,low,0.17221707,0.17221707,0.17221707,1,0.70772719,0.70772719,0.70772719,1,1.0,0.0,0.0,1,0.00042,0.00042,0.00042,0,0.00181,0.00181,0.00181,0
1054,Cartivisc,correct drug name,BN,low,single,1054,0,Cartivisc,Cartivisc,cartivisc,BN,low,0.9999963,0.9999963,0.9999963,1,0.70772719,0.70772719,0.70772719,1,1.0,0.0,0.0,1,0.99964,0.99964,0.99964,1,0.9972,0.9972,0.9972,1
1055,donzalamide,mispelled drug name,IN,low,single,1055,1,donzalamide,donzalamide,donzalamide,IN,low,0.00017391,0.00017391,0.00017391,0,0.70772719,0.70772719,0.70772719,1,1.0,2.0,0.5,1,0.99992,0.99992,0.99992,1,0.99979,0.99979,0.99979,1
1056,duvelisib,correct drug name,IN,low,single,1056,0,duvelisib,duvelisib,duvelisib,IN,low,5.89e-06,5.89e-06,5.89e-06,0,0.07059284,0.07059284,0.07059284,0,0.0,0.0,0.0,0,0.00143,0.00143,0.00143,0,0.0152,0.0152,0.0152,0
1057,ceftazadine,mispelled drug name,IN,low,single,1057,1,ceftazadine,ceftazadine,ceftazadine,IN,low,3.33e-06,3.33e-06,3.33e-06,0,0.17988163,0.17988163,0.17988163,0,1.0,2.0,0.5,1,0.00299,0.00299,0.00299,0,0.995,0.995,0.995,1
1058,Combivent(ipratropium-albuterol),correct drug name,"BN,IN",low,single,1058,0,Combivent(ipratropium-albuterol),Combivent(ipratropium-albuterol),combivent(ipratropium-albuterol),"BN, IN",low,0.00012742,0.00012742,0.00012742,0,0.70772719,0.70772719,0.70772719,1,1.0,0.0,0.0,1,0.00036,0.00036,0.00036,0,0.0301,0.0301,0.0301,0
1059,Eucrine,mispelled drug name,BN,low,single,1059,1,Eucrine,Eucrine,eucrine,BN,low,1.002e-05,1.002e-05,1.002e-05,0,0.21286011,0.21286011,0.21286011,0,1.0,2.0,0.5,1,0.89713,0.89713,0.89713,1,0.9998,0.9998,0.9998,1
1060,m.o.m.,correct short drug name,IN,low,single,1060,0,m.o.m.,m.o.m.,m.o.m.,IN,low,0.49395758,0.49395758,0.49395758,1,0.27135646,0.27135646,0.27135646,0,1.0,2.0,0.5,1,0.99902,0.99902,0.99902,1,0.99969,0.99969,0.99969,1
1061,pottaSSIUM,mispelled drug name,IN,low,single,1061,1,pottaSSIUM,pottaSSIUM,pottassium,IN,low,0.9999994,0.9999994,0.9999994,1,0.67475694,0.67475694,0.67475694,1,1.0,6.0,1.0,1,0.99939,0.99939,0.99939,1,0.99973,0.99973,0.99973,1
1062,spironalactone,mispelled drug name,IN,low,single,1062,1,spironalactone,spironalactone,spironalactone,IN,low,0.08230589,0.08230589,0.08230589,0,0.1005537,0.1005537,0.1005537,0,1.0,1.0,0.25,1,0.0031,0.0031,0.0031,0,0.04555,0.04555,0.04555,0
1063,reuteri,correct drug name,IN,low,single,1063,0,reuteri,reuteri,reuteri,IN,low,3.114e-05,3.114e-05,3.114e-05,0,0.51637304,0.51637304,0.51637304,1,0.0,0.0,0.0,0,0.0519,0.0519,0.0519,0,0.03177,0.03177,0.03177,0
1064,guifanessin/pseudoephedrine,mispelled drug name,IN,low,single,1064,1,guifanessin/pseudoephedrine,guifanessin/pseudoephedrine,guifanessin/pseudoephedrine,IN,low,0.0053254,0.0053254,0.0053254,0,0.70772719,0.70772719,0.70772719,1,1.0,0.0,0.0,1,0.99976,0.99976,0.99976,1,0.99978,0.99978,0.99978,1
1065,Al/hydroxide/Mg/Simeticone,mispelled drug name,IN,low,single,1065,1,Al/hydroxide/Mg/Simeticone,Al/hydroxide/Mg/Simeticone,al/hydroxide/mg/simeticone,IN,low,4.393e-05,4.393e-05,4.393e-05,0,0.70772719,0.70772719,0.70772719,1,1.0,0.0,0.0,1,0.99985,0.99985,0.99985,1,0.99986,0.99986,0.99986,1
1066,hydroxurea,mispelled drug name,IN,low,single,1066,1,hydroxurea,hydroxurea,hydroxurea,IN,low,0.28189811,0.28189811,0.28189811,1,0.42527738,0.42527738,0.42527738,1,1.0,1.0,0.25,1,0.00181,0.00181,0.00181,0,0.99942,0.99942,0.99942,1
1067,Nivolumab,correct drug name,IN,low,single,1067,0,Nivolumab,Nivolumab,nivolumab,IN,low,1.885e-05,1.885e-05,1.885e-05,0,0.08842432,0.08842432,0.08842432,0,0.0,0.0,0.0,0,0.00188,0.00188,0.00188,0,0.00044,0.00044,0.00044,0
1068,Stress-600/Zinc,correct drug name,"BN,IN",low,single,1068,0,Stress-600/Zinc,Stress-600/Zinc,stress-600/zinc,"BN, IN",low,0.66476917,0.66476917,0.66476917,1,0.70772719,0.70772719,0.70772719,1,1.0,0.0,0.0,1,0.00519,0.00519,0.00519,0,0.00047,0.00047,0.00047,0
1069,zinc-paste,correct drug name,IN,low,single,1069,0,zinc-paste,zinc-paste,zinc-paste,IN,low,1.402e-05,1.402e-05,1.402e-05,0,0.70772719,0.70772719,0.70772719,1,1.0,0.0,0.0,1,0.00741,0.00741,0.00741,0,0.00045,0.00045,0.00045,0
1070,cobalamine,mispelled drug name,IN,low,single,1070,1,cobalamine,cobalamine,cobalamine,IN,low,5.39e-06,5.39e-06,5.39e-06,0,0.3616226,0.3616226,0.3616226,0,1.0,1.0,0.25,1,0.00293,0.00293,0.00293,0,0.00884,0.00884,0.00884,0
1071,phytodefense,correct drug name,BN,low,single,1071,0,phytodefense,phytodefense,phytodefense,BN,low,0.00018349,0.00018349,0.00018349,0,0.70772719,0.70772719,0.70772719,1,1.0,0.0,0.0,1,0.99837,0.99837,0.99837,1,0.99568,0.99568,0.99568,1
1072,amolodopin,mispelled drug name,IN,low,single,1072,1,amolodopin,amolodopin,amolodopin,IN,low,0.99999535,0.99999535,0.99999535,1,0.70772719,0.70772719,0.70772719,1,1.0,0.0,0.0,1,0.99839,0.99839,0.99839,1,0.9638,0.9638,0.9638,1
1073,tamsulon,correct drug name,BN,low,single,1073,0,tamsulon,tamsulon,tamsulon,BN,low,0.99336433,0.99336433,0.99336433,1,0.12038647,0.12038647,0.12038647,0,1.0,2.0,0.5,1,0.52541,0.52541,0.52541,1,0.99805,0.99805,0.99805,1
1074,Renflexis,correct drug name,BN,low,single,1074,0,Renflexis,Renflexis,renflexis,BN,low,7.77e-06,7.77e-06,7.77e-06,0,0.25172195,0.25172195,0.25172195,0,0.0,0.0,0.0,0,0.00132,0.00132,0.00132,0,0.00206,0.00206,0.00206,0
1075,RadiaGuard,correct drug name,BN,low,single,1075,0,RadiaGuard,RadiaGuard,radiaguard,BN,low,0.00016266,0.00016266,0.00016266,0,0.70772719,0.70772719,0.70772719,1,0.0,0.0,0.0,0,0.00047,0.00047,0.00047,0,0.9997,0.9997,0.9997,1
1076,cepalexin,mispelled drug name,IN,low,single,1076,1,cepalexin,cepalexin,cepalexin,IN,low,0.00010784,0.00010784,0.00010784,0,0.70772719,0.70772719,0.70772719,1,1.0,1.0,0.25,1,0.9997,0.9997,0.9997,1,0.99957,0.99957,0.99957,1
1077,cyancobalamin,mispelled drug name,IN,low,single,1077,1,cyancobalamin,cyancobalamin,cyancobalamin,IN,low,7.16e-06,7.16e-06,7.16e-06,0,0.30788517,0.30788517,0.30788517,0,1.0,1.0,0.25,1,0.14061,0.14061,0.14061,0,0.00239,0.00239,0.00239,0
1078,mutli-vitamin,mispelled drug name,IN,low,single,1078,1,mutli-vitamin,mutli-vitamin,mutli-vitamin,IN,low,0.9999994,0.9999994,0.9999994,1,0.70772719,0.70772719,0.70772719,1,1.0,2.0,0.5,1,0.99994,0.99994,0.99994,1,0.99991,0.99991,0.99991,1
1079,magoxide400mg,mispelled drug name,IN,low,single,1079,1,magoxide400mg,magoxide400mg,magoxide400mg,IN,low,3.298e-05,3.298e-05,3.298e-05,0,0.70772719,0.70772719,0.70772719,1,1.0,0.0,0.0,1,0.00186,0.00186,0.00186,0,0.99963,0.99963,0.99963,1
1080,potassimin,mispelled drug name,BN,low,single,1080,1,potassimin,potassimin,potassimin,BN,low,5.073e-05,5.073e-05,5.073e-05,0,0.42230749,0.42230749,0.42230749,1,1.0,0.0,0.0,1,0.8845,0.8845,0.8845,1,0.32578,0.32578,0.32578,0
1081,Xofigo,correct drug name,BN,low,single,1081,0,Xofigo,Xofigo,xofigo,BN,low,3.6e-06,3.6e-06,3.6e-06,0,0.10807315,0.10807315,0.10807315,0,0.0,0.0,0.0,0,0.00094,0.00094,0.00094,0,0.01064,0.01064,0.01064,0
1082,clobetasone,correct drug name,IN,low,single,1082,0,clobetasone,clobetasone,clobetasone,IN,low,3.069e-05,3.069e-05,3.069e-05,0,0.30657658,0.30657658,0.30657658,0,0.0,0.0,0.0,0,0.00731,0.00731,0.00731,0,0.03145,0.03145,0.03145,0
1083,pazopanib,correct drug name,IN,low,single,1083,0,pazopanib,pazopanib,pazopanib,IN,low,3.77e-06,3.77e-06,3.77e-06,0,0.11481045,0.11481045,0.11481045,0,0.0,0.0,0.0,0,0.01032,0.01032,0.01032,0,0.42446,0.42446,0.42446,0
1084,testestorone/dhea,mispelled drug name,IN,low,single,1084,1,testestorone/dhea,testestorone/dhea,testestorone/dhea,IN,low,0.98401803,0.98401803,0.98401803,1,0.70772719,0.70772719,0.70772719,1,1.0,0.0,0.0,1,0.07108,0.07108,0.07108,0,0.99376,0.99376,0.99376,1
1085,oxylift,correct drug name,BN,low,single,1085,0,oxylift,oxylift,oxylift,BN,low,0.99487239,0.99487239,0.99487239,1,0.70772719,0.70772719,0.70772719,1,1.0,0.0,0.0,1,0.95154,0.95154,0.95154,1,0.99727,0.99727,0.99727,1
1086,ativan-benadryl-hadol,mispelled drug name,BN,low,single,1086,1,ativan-benadryl-hadol,ativan-benadryl-hadol,ativan-benadryl-hadol,BN,low,0.9998343,0.9998343,0.9998343,1,0.70772719,0.70772719,0.70772719,1,1.0,0.0,0.0,1,0.9999,0.9999,0.9999,1,0.94114,0.94114,0.94114,1
1087,retaine,correct drug name,BN,low,single,1087,0,retaine,retaine,retaine,BN,low,9.641e-05,9.641e-05,9.641e-05,0,0.57296973,0.57296973,0.57296973,1,0.0,0.0,0.0,0,0.9947,0.9947,0.9947,1,0.98745,0.98745,0.98745,1
1088,Promethazine25mg,mispelled drug name,IN,low,single,1088,1,Promethazine25mg,Promethazine25mg,promethazine25mg,IN,low,0.99999976,0.99999976,0.99999976,1,0.70772719,0.70772719,0.70772719,1,1.0,0.0,0.0,1,0.01999,0.01999,0.01999,0,0.99959,0.99959,0.99959,1
1089,minerals/multivitamins,correct drug name,IN,low,single,1089,0,minerals/multivitamins,minerals/multivitamins,minerals/multivitamins,IN,low,0.98472381,0.98472381,0.98472381,1,0.70772719,0.70772719,0.70772719,1,1.0,0.0,0.0,1,0.00026,0.00026,0.00026,0,0.00107,0.00107,0.00107,0
1090,Phaxlovid,mispelled drug name,BN,low,single,1090,1,Phaxlovid,Phaxlovid,phaxlovid,BN,low,0.99935764,0.99935764,0.99935764,1,0.70772719,0.70772719,0.70772719,1,1.0,0.0,0.0,1,0.99985,0.99985,0.99985,1,0.99891,0.99891,0.99891,1
1091,AZELSASTINE,mispelled drug name,IN,low,single,1091,1,AZELSASTINE,AZELSASTINE,azelsastine,IN,low,0.03674721,0.03674721,0.03674721,0,0.70772719,0.70772719,0.70772719,1,1.0,11.0,1.0,1,0.99988,0.99988,0.99988,1,0.99533,0.99533,0.99533,1
1092,guafenisan,mispelled drug name,IN,low,single,1092,1,guafenisan,guafenisan,guafenisan,IN,low,2.53e-06,2.53e-06,2.53e-06,0,0.24564484,0.24564484,0.24564484,0,1.0,0.0,0.0,1,0.63905,0.63905,0.63905,1,0.99595,0.99595,0.99595,1
1093,Pravoachol,mispelled drug name,BN,low,single,1093,1,Pravoachol,Pravoachol,pravoachol,BN,low,0.99999917,0.99999917,0.99999917,1,0.70772719,0.70772719,0.70772719,1,1.0,2.0,0.5,1,0.99986,0.99986,0.99986,1,0.99981,0.99981,0.99981,1
1094,glypyrrolate,mispelled drug name,IN,low,single,1094,1,glypyrrolate,glypyrrolate,glypyrrolate,IN,low,0.9995321,0.9995321,0.9995321,1,0.70772719,0.70772719,0.70772719,1,1.0,2.0,0.5,1,0.00435,0.00435,0.00435,0,0.99982,0.99982,0.99982,1
1095,platel,correct drug name,BN,low,single,1095,0,platel,platel,platel,BN,low,0.00079373,0.00079373,0.00079373,0,0.2360428,0.2360428,0.2360428,0,1.0,1.0,0.25,1,0.99986,0.99986,0.99986,1,0.00115,0.00115,0.00115,0
1096,Protefood,correct drug name,BN,low,single,1096,0,Protefood,Protefood,protefood,BN,low,0.99999928,0.99999928,0.99999928,1,0.70772719,0.70772719,0.70772719,1,1.0,0.0,0.0,1,0.99985,0.99985,0.99985,1,0.99985,0.99985,0.99985,1
1097,Oveeza,correct drug name,BN,low,single,1097,0,Oveeza,Oveeza,oveeza,BN,low,3.21e-06,3.21e-06,3.21e-06,0,0.70772719,0.70772719,0.70772719,1,1.0,2.0,0.5,1,0.00873,0.00873,0.00873,0,0.26265,0.26265,0.26265,0
1098,hyosayamine,mispelled drug name,IN,low,single,1098,1,hyosayamine,hyosayamine,hyosayamine,IN,low,8.64e-06,8.64e-06,8.64e-06,0,0.70772719,0.70772719,0.70772719,1,1.0,1.0,0.25,1,0.99989,0.99989,0.99989,1,0.9931,0.9931,0.9931,1
1099,uniquinone,mispelled drug name,IN,low,single,1099,1,uniquinone,uniquinone,uniquinone,IN,low,1.054e-05,1.054e-05,1.054e-05,0,0.48732954,0.48732954,0.48732954,1,1.0,1.0,0.25,1,0.04713,0.04713,0.04713,0,0.99834,0.99834,0.99834,1
1100,aminodarone,mispelled drug name,IN,low,single,1100,1,aminodarone,aminodarone,aminodarone,IN,low,0.00336146,0.00336146,0.00336146,0,0.18139032,0.18139032,0.18139032,0,1.0,1.0,0.25,1,0.66223,0.66223,0.66223,1,0.97814,0.97814,0.97814,1
1101,deseryl,mispelled drug name,BN,low,single,1101,1,deseryl,deseryl,deseryl,BN,low,1.972e-05,1.972e-05,1.972e-05,0,0.28282085,0.28282085,0.28282085,0,1.0,1.0,0.25,1,0.00242,0.00242,0.00242,0,0.98952,0.98952,0.98952,1
1102,lotrison,mispelled drug name,BN,low,single,1102,1,lotrison,lotrison,lotrison,BN,low,9e-06,9e-06,9e-06,0,0.70772719,0.70772719,0.70772719,1,1.0,1.0,0.25,1,0.99615,0.99615,0.99615,1,0.0038,0.0038,0.0038,0
1103,albuterol-Ipratropin,mispelled drug name,IN,low,single,1103,1,albuterol-Ipratropin,albuterol-Ipratropin,albuterol-ipratropin,IN,low,1.238e-05,1.238e-05,1.238e-05,0,0.70772719,0.70772719,0.70772719,1,1.0,3.0,0.75,1,0.00078,0.00078,0.00078,0,0.02177,0.02177,0.02177,0
1104,PVK,correct drug name,IN,low,single,1104,0,PVK,PVK,pvk,IN,low,7.26e-06,7.26e-06,7.26e-06,0,0.82854396,0.82854396,0.82854396,1,1.0,3.0,0.75,1,0.91753,0.91753,0.91753,1,0.99917,0.99917,0.99917,1
1105,bactrium,mispelled drug name,BN,low,single,1105,1,bactrium,bactrium,bactrium,BN,low,3.92e-06,3.92e-06,3.92e-06,0,0.46463048,0.46463048,0.46463048,1,1.0,1.0,0.25,1,0.00221,0.00221,0.00221,0,0.03881,0.03881,0.03881,0
1106,clodidine,mispelled drug name,IN,low,single,1106,1,clodidine,clodidine,clodidine,IN,low,0.00124367,0.00124367,0.00124367,0,0.27258003,0.27258003,0.27258003,0,1.0,1.0,0.25,1,0.00351,0.00351,0.00351,0,0.99969,0.99969,0.99969,1
1107,n-acetylcyctine,mispelled drug name,BN,low,single,1107,1,n-acetylcyctine,n-acetylcyctine,n-acetylcyctine,BN,low,0.99998498,0.99998498,0.99998498,1,0.70772719,0.70772719,0.70772719,1,1.0,2.0,0.5,1,0.01095,0.01095,0.01095,0,0.9926,0.9926,0.9926,1
1108,sigagliptin,mispelled drug name,IN,low,single,1108,1,sigagliptin,sigagliptin,sigagliptin,IN,low,0.00147518,0.00147518,0.00147518,0,0.70772719,0.70772719,0.70772719,1,1.0,1.0,0.25,1,0.01896,0.01896,0.01896,0,0.0491,0.0491,0.0491,0
1109,Provil,mispelled drug name,BN,low,single,1109,1,Provil,Provil,provil,BN,low,0.98800534,0.98800534,0.98800534,1,0.3278906,0.3278906,0.3278906,0,1.0,3.0,0.75,1,0.99928,0.99928,0.99928,1,0.6666,0.6666,0.6666,1
1110,kcl(potassium),correct drug name,IN,low,single,1110,0,kcl(potassium),kcl(potassium),kcl(potassium),IN,low,0.99888462,0.99888462,0.99888462,1,0.70772719,0.70772719,0.70772719,1,1.0,0.0,0.0,1,0.00094,0.00094,0.00094,0,0.00494,0.00494,0.00494,0
1111,sol-umedrol,mispelled drug name,BN,low,single,1111,1,sol-umedrol,sol-umedrol,sol-umedrol,BN,low,6.24e-06,6.24e-06,6.24e-06,0,0.70772719,0.70772719,0.70772719,1,1.0,2.0,0.5,1,0.99997,0.99997,0.99997,1,0.9998,0.9998,0.9998,1
1112,FNASTERIDE,mispelled drug name,IN,low,single,1112,1,FNASTERIDE,FNASTERIDE,fnasteride,IN,low,0.94632906,0.94632906,0.94632906,1,0.70772719,0.70772719,0.70772719,1,1.0,11.0,1.0,1,0.99997,0.99997,0.99997,1,0.99985,0.99985,0.99985,1
1113,maxide-25mg,mispelled drug name,BN,low,single,1113,1,maxide-25mg,maxide-25mg,maxide-25mg,BN,low,0.00056974,0.00056974,0.00056974,0,0.70772719,0.70772719,0.70772719,1,1.0,0.0,0.0,1,0.97717,0.97717,0.97717,1,0.00155,0.00155,0.00155,0
1114,Aquacel,correct non-drug name,BN,low,single,1114,0,Aquacel,Aquacel,aquacel,BN,low,1.99e-06,1.99e-06,1.99e-06,0,0.53998637,0.53998637,0.53998637,1,1.0,3.0,0.75,1,0.02232,0.02232,0.02232,0,0.00039,0.00039,0.00039,0
1115,de-mannose,mispelled drug name,IN,low,single,1115,1,de-mannose,de-mannose,de-mannose,IN,low,1.826e-05,1.826e-05,1.826e-05,0,0.70772719,0.70772719,0.70772719,1,1.0,1.0,0.25,1,0.00113,0.00113,0.00113,0,0.00074,0.00074,0.00074,0
1116,ceftriaxlone,mispelled drug name,IN,low,single,1116,1,ceftriaxlone,ceftriaxlone,ceftriaxlone,IN,low,0.19077037,0.19077037,0.19077037,1,0.70772719,0.70772719,0.70772719,1,1.0,1.0,0.25,1,0.99996,0.99996,0.99996,1,0.99135,0.99135,0.99135,1
1117,fluticasone-salemeterol,mispelled drug name,BN,low,single,1117,1,fluticasone-salemeterol,fluticasone-salemeterol,fluticasone-salemeterol,BN,low,0.00048222,0.00048222,0.00048222,0,0.70772719,0.70772719,0.70772719,1,1.0,1.0,0.25,1,0.99988,0.99988,0.99988,1,0.99987,0.99987,0.99987,1
1118,glucosamine/ostsebifiber,mispelled drug name,IN,low,single,1118,1,glucosamine/ostsebifiber,glucosamine/ostsebifiber,glucosamine/ostsebifiber,IN,low,0.99949443,0.99949443,0.99949443,1,0.70772719,0.70772719,0.70772719,1,1.0,0.0,0.0,1,0.99997,0.99997,0.99997,1,0.99989,0.99989,0.99989,1
1119,chlorhexadine,mispelled drug name,IN,low,single,1119,1,chlorhexadine,chlorhexadine,chlorhexadine,IN,low,0.004903,0.004903,0.004903,0,0.26262006,0.26262006,0.26262006,0,1.0,1.0,0.25,1,0.00036,0.00036,0.00036,0,0.0022,0.0022,0.0022,0
1120,OXY-IR,correct drug name,BN,low,single,1120,0,OXY-IR,OXY-IR,oxy-ir,BN,low,3.12e-06,3.12e-06,3.12e-06,0,0.41189826,0.41189826,0.41189826,1,1.0,6.0,1.0,1,0.00342,0.00342,0.00342,0,0.00476,0.00476,0.00476,0
1121,robitussen-AC,mispelled drug name,BN,low,single,1121,1,robitussen-AC,robitussen-AC,robitussen-ac,BN,low,0.00037927,0.00037927,0.00037927,0,0.70772719,0.70772719,0.70772719,1,1.0,3.0,0.75,1,0.00102,0.00102,0.00102,0,0.9998,0.9998,0.9998,1
1122,glucosemine,mispelled drug name,IN,low,single,1122,1,glucosemine,glucosemine,glucosemine,IN,low,1.277e-05,1.277e-05,1.277e-05,0,0.42889014,0.42889014,0.42889014,1,1.0,1.0,0.25,1,0.76681,0.76681,0.76681,1,0.00056,0.00056,0.00056,0
1123,Azo-Tabs,correct drug name,BN,low,single,1123,0,Azo-Tabs,Azo-Tabs,azo-tabs,BN,low,0.42555991,0.42555991,0.42555991,1,0.70772719,0.70772719,0.70772719,1,1.0,0.0,0.0,1,0.00073,0.00073,0.00073,0,0.00031,0.00031,0.00031,0
1124,tobramcyin,mispelled drug name,IN,low,single,1124,1,tobramcyin,tobramcyin,tobramcyin,IN,low,0.9999994,0.9999994,0.9999994,1,0.35674959,0.35674959,0.35674959,0,1.0,2.0,0.5,1,0.99996,0.99996,0.99996,1,0.24595,0.24595,0.24595,0
1125,orthowax,correct non-drug name,,low,single,1125,0,orthowax,orthowax,orthowax,nan,low,0.00012124,0.00012124,0.00012124,0,0.70772719,0.70772719,0.70772719,1,1.0,2.0,0.5,1,0.99864,0.99864,0.99864,1,0.03491,0.03491,0.03491,0
1126,doxycycline-nystatin-lidocaine-benadryl,correct drug name,"BN,IN",low,single,1126,0,doxycycline-nystatin-lidocaine-benadryl,doxycycline-nystatin-lidocaine-benadryl,doxycycline-nystatin-lidocaine-benadryl,"BN, IN",low,0.00117769,0.00117769,0.00117769,0,0.70772719,0.70772719,0.70772719,1,1.0,0.0,0.0,1,0.0013,0.0013,0.0013,0,0.00302,0.00302,0.00302,0
1127,"Zinc,chelated",correct drug name,IN,low,single,1127,0,"Zinc,chelated","Zinc,chelated","zinc,chelated",IN,low,0.91075242,0.91075242,0.91075242,1,0.70772719,0.70772719,0.70772719,1,1.0,0.0,0.0,1,0.00027,0.00027,0.00027,0,0.00039,0.00039,0.00039,0
1128,Tycolene,correct drug name,BN,low,single,1128,0,Tycolene,Tycolene,tycolene,BN,low,0.99998879,0.99998879,0.99998879,1,0.70772719,0.70772719,0.70772719,1,0.0,0.0,0.0,0,0.00673,0.00673,0.00673,0,0.00046,0.00046,0.00046,0
1129,cipro250,mispelled drug name,BN,low,single,1129,1,cipro250,cipro250,cipro250,BN,low,1.296e-05,1.296e-05,1.296e-05,0,0.70772719,0.70772719,0.70772719,1,1.0,0.0,0.0,1,0.99282,0.99282,0.99282,1,0.17871,0.17871,0.17871,0
1130,azythromax,mispelled drug name,BN,low,single,1130,1,azythromax,azythromax,azythromax,BN,low,0.93982232,0.93982232,0.93982232,1,0.16223437,0.16223437,0.16223437,0,1.0,2.0,0.5,1,0.95986,0.95986,0.95986,1,0.99896,0.99896,0.99896,1
1131,Dipentocaine,correct drug name,BN,low,single,1131,0,Dipentocaine,Dipentocaine,dipentocaine,BN,low,1.95e-06,1.95e-06,1.95e-06,0,0.70772719,0.70772719,0.70772719,1,1.0,0.0,0.0,1,0.00237,0.00237,0.00237,0,0.9996,0.9996,0.9996,1
1132,albuterol/aerosol,correct drug name,IN,low,single,1132,0,albuterol/aerosol,albuterol/aerosol,albuterol/aerosol,IN,low,0.47679061,0.47679061,0.47679061,1,0.70772719,0.70772719,0.70772719,1,1.0,0.0,0.0,1,0.00047,0.00047,0.00047,0,0.00046,0.00046,0.00046,0
1133,l-methylfolate-pyridoxal-methylcobalamin,correct drug name,"BN,IN",low,single,1133,0,l-methylfolate-pyridoxal-methylcobalamin,l-methylfolate-pyridoxal-methylcobalamin,l-methylfolate-pyridoxal-methylcobalamin,"BN, IN",low,0.00177158,0.00177158,0.00177158,0,0.70772719,0.70772719,0.70772719,1,1.0,0.0,0.0,1,0.00106,0.00106,0.00106,0,0.00177,0.00177,0.00177,0
1134,Diclifenac,mispelled drug name,IN,low,single,1134,1,Diclifenac,Diclifenac,diclifenac,IN,low,0.01011468,0.01011468,0.01011468,0,0.12748906,0.12748906,0.12748906,0,1.0,2.0,0.5,1,0.01447,0.01447,0.01447,0,0.99963,0.99963,0.99963,1
1135,calcium-carb-cholecaciferol,mispelled drug name,IN,low,single,1135,1,calcium-carb-cholecaciferol,calcium-carb-cholecaciferol,calcium-carb-cholecaciferol,IN,low,0.21184267,0.21184267,0.21184267,1,0.70772719,0.70772719,0.70772719,1,1.0,0.0,0.0,1,0.00193,0.00193,0.00193,0,0.99946,0.99946,0.99946,1
1136,Paslovid,mispelled drug name,BN,low,single,1136,1,Paslovid,Paslovid,paslovid,BN,low,0.99999046,0.99999046,0.99999046,1,0.70772719,0.70772719,0.70772719,1,1.0,3.0,0.75,1,0.99266,0.99266,0.99266,1,0.04112,0.04112,0.04112,0
1137,CellWise,not sure,,low,single,1137,1,CellWise,CellWise,cellwise,nan,low,0.9999944,0.9999944,0.9999944,1,0.46613052,0.46613052,0.46613052,1,1.0,3.0,0.75,1,0.98125,0.98125,0.98125,1,0.9988,0.9988,0.9988,1
1138,chloroxazone,mispelled drug name,IN,low,single,1138,1,chloroxazone,chloroxazone,chloroxazone,IN,low,3.78e-06,3.78e-06,3.78e-06,0,0.05181631,0.05181631,0.05181631,0,1.0,1.0,0.25,1,0.00243,0.00243,0.00243,0,0.97785,0.97785,0.97785,1
1139,Tab-A-Vite/Theragran,correct drug name,BN,low,single,1139,0,Tab-A-Vite/Theragran,Tab-A-Vite/Theragran,tab-a-vite/theragran,BN,low,0.99999988,0.99999988,0.99999988,1,0.70772719,0.70772719,0.70772719,1,1.0,0.0,0.0,1,0.00053,0.00053,0.00053,0,0.12997,0.12997,0.12997,0
1140,ezthromycin,mispelled drug name,IN,low,single,1140,1,ezthromycin,ezthromycin,ezthromycin,IN,low,0.9999994,0.9999994,0.9999994,1,0.70772719,0.70772719,0.70772719,1,1.0,2.0,0.5,1,0.99977,0.99977,0.99977,1,0.99957,0.99957,0.99957,1
1141,cetirzine-pseudoephedrine,mispelled drug name,IN,low,single,1141,1,cetirzine-pseudoephedrine,cetirzine-pseudoephedrine,cetirzine-pseudoephedrine,IN,low,0.00179517,0.00179517,0.00179517,0,0.70772719,0.70772719,0.70772719,1,1.0,1.0,0.25,1,0.99995,0.99995,0.99995,1,0.99383,0.99383,0.99383,1
1142,EssentialZyme,correct drug name,BN,low,single,1142,0,EssentialZyme,EssentialZyme,essentialzyme,BN,low,0.00029647,0.00029647,0.00029647,0,0.70772719,0.70772719,0.70772719,1,1.0,0.0,0.0,1,0.01214,0.01214,0.01214,0,0.68359,0.68359,0.68359,1
1143,Prochlorazine,mispelled drug name,IN,low,single,1143,1,Prochlorazine,Prochlorazine,prochlorazine,IN,low,2.81e-06,2.81e-06,2.81e-06,0,0.70772719,0.70772719,0.70772719,1,1.0,0.0,0.0,1,0.00072,0.00072,0.00072,0,0.00064,0.00064,0.00064,0
1144,domperidome,mispelled drug name,IN,low,single,1144,1,domperidome,domperidome,domperidome,IN,low,0.04284066,0.04284066,0.04284066,0,0.40440136,0.40440136,0.40440136,1,1.0,1.0,0.25,1,0.87381,0.87381,0.87381,1,0.99836,0.99836,0.99836,1
1145,glucosamine-chondroitan,mispelled drug name,IN,low,single,1145,1,glucosamine-chondroitan,glucosamine-chondroitan,glucosamine-chondroitan,IN,low,0.25901759,0.25901759,0.25901759,1,0.70772719,0.70772719,0.70772719,1,1.0,1.0,0.25,1,0.99742,0.99742,0.99742,1,0.00074,0.00074,0.00074,0
1146,systolic,correct non-drug name,,low,single,1146,0,systolic,systolic,systolic,nan,low,0.59912097,0.59912097,0.59912097,1,0.69844776,0.69844776,0.69844776,1,0.0,0.0,0.0,0,0.00228,0.00228,0.00228,0,0.00064,0.00064,0.00064,0
1147,erythomycin,mispelled drug name,IN,low,single,1147,1,erythomycin,erythomycin,erythomycin,IN,low,2.07e-06,2.07e-06,2.07e-06,0,0.17644975,0.17644975,0.17644975,0,1.0,1.0,0.25,1,0.00558,0.00558,0.00558,0,0.9977,0.9977,0.9977,1
1148,cepchol,mispelled drug name,BN,low,single,1148,1,cepchol,cepchol,cepchol,BN,low,0.99999988,0.99999988,0.99999988,1,0.70772719,0.70772719,0.70772719,1,1.0,2.0,0.5,1,0.99392,0.99392,0.99392,1,0.99925,0.99925,0.99925,1
1149,Versabase,mispelled drug name,BN,low,single,1149,1,Versabase,Versabase,versabase,BN,low,4.8e-07,4.8e-07,4.8e-07,0,0.4187057,0.4187057,0.4187057,1,1.0,2.0,0.5,1,0.02697,0.02697,0.02697,0,0.50878,0.50878,0.50878,1
1150,cardesartan,mispelled drug name,IN,low,single,1150,1,cardesartan,cardesartan,cardesartan,IN,low,0.00178739,0.00178739,0.00178739,0,0.19300182,0.19300182,0.19300182,0,1.0,1.0,0.25,1,0.99869,0.99869,0.99869,1,0.00042,0.00042,0.00042,0
1151,mucofen,correct drug name,BN,low,single,1151,0,mucofen,mucofen,mucofen,BN,low,0.00056437,0.00056437,0.00056437,0,0.70772719,0.70772719,0.70772719,1,1.0,1.0,0.25,1,0.99258,0.99258,0.99258,1,0.98657,0.98657,0.98657,1
1152,VITAMINB-6,mispelled drug name,IN,low,single,1152,1,VITAMINB-6,VITAMINB-6,vitaminb-6,IN,low,1.142e-05,1.142e-05,1.142e-05,0,0.70772719,0.70772719,0.70772719,1,1.0,0.0,0.0,1,0.99993,0.99993,0.99993,1,0.99909,0.99909,0.99909,1
1153,Quadrivalent,correct drug name,IN,low,single,1153,0,Quadrivalent,Quadrivalent,quadrivalent,IN,low,0.99999869,0.99999869,0.99999869,1,0.48919201,0.48919201,0.48919201,1,0.0,0.0,0.0,0,0.00031,0.00031,0.00031,0,0.00057,0.00057,0.00057,0
1154,combivant,mispelled drug name,BN,low,single,1154,1,combivant,combivant,combivant,BN,low,3.472e-05,3.472e-05,3.472e-05,0,0.3342827,0.3342827,0.3342827,0,1.0,1.0,0.25,1,0.08318,0.08318,0.08318,0,0.0014,0.0014,0.0014,0
1155,Revesta,correct drug name,BN,low,single,1155,0,Revesta,Revesta,revesta,BN,low,0.01432582,0.01432582,0.01432582,0,0.70772719,0.70772719,0.70772719,1,1.0,2.0,0.5,1,0.00155,0.00155,0.00155,0,0.00103,0.00103,0.00103,0
1156,diclosenac,mispelled drug name,IN,low,single,1156,1,diclosenac,diclosenac,diclosenac,IN,low,5.38e-06,5.38e-06,5.38e-06,0,0.70772719,0.70772719,0.70772719,1,1.0,1.0,0.25,1,0.98801,0.98801,0.98801,1,0.99977,0.99977,0.99977,1
1157,Depacon,correct drug name,BN,low,single,1157,0,Depacon,Depacon,depacon,BN,low,6.61e-06,6.61e-06,6.61e-06,0,0.13274695,0.13274695,0.13274695,0,0.0,0.0,0.0,0,0.00098,0.00098,0.00098,0,0.00111,0.00111,0.00111,0
1158,calcium600-vitaminD,mispelled drug name,IN,low,single,1158,1,calcium600-vitaminD,calcium600-vitaminD,calcium600-vitamind,IN,low,1.013e-05,1.013e-05,1.013e-05,0,0.70772719,0.70772719,0.70772719,1,1.0,0.0,0.0,1,0.99982,0.99982,0.99982,1,0.99599,0.99599,0.99599,1
1159,BUPROPIN,mispelled drug name,IN,low,single,1159,1,BUPROPIN,BUPROPIN,bupropin,IN,low,1.08e-06,1.08e-06,1.08e-06,0,0.14008869,0.14008869,0.14008869,0,1.0,9.0,1.0,1,0.65629,0.65629,0.65629,1,0.98512,0.98512,0.98512,1
1160,Cyanobalamin,mispelled drug name,IN,low,single,1160,1,Cyanobalamin,Cyanobalamin,cyanobalamin,IN,low,1.143e-05,1.143e-05,1.143e-05,0,0.31511256,0.31511256,0.31511256,0,1.0,3.0,0.75,1,0.00082,0.00082,0.00082,0,0.99523,0.99523,0.99523,1
1161,Lorsatan-Hydrochlorotiazide,mispelled drug name,IN,low,single,1161,1,Lorsatan-Hydrochlorotiazide,Lorsatan-Hydrochlorotiazide,lorsatan-hydrochlorotiazide,IN,low,0.99611282,0.99611282,0.99611282,1,0.70772719,0.70772719,0.70772719,1,1.0,0.0,0.0,1,0.99957,0.99957,0.99957,1,0.99981,0.99981,0.99981,1
1162,A,not sure,IN,low,single,1162,1,A,A,a,IN,low,7.17e-06,7.17e-06,7.17e-06,0,0.69131416,0.69131416,0.69131416,1,0.0,0.0,0.0,0,0.99988,0.99988,0.99988,1,0.9545,0.9545,0.9545,1
1163,Polysporin/SANTYL,correct drug name,BN,low,single,1163,0,Polysporin/SANTYL,Polysporin/SANTYL,polysporin/santyl,BN,low,0.99752992,0.99752992,0.99752992,1,0.70772719,0.70772719,0.70772719,1,1.0,0.0,0.0,1,0.97594,0.97594,0.97594,1,0.00167,0.00167,0.00167,0
1164,bioten,mispelled drug name,IN,low,single,1164,1,bioten,bioten,bioten,IN,low,1.277e-05,1.277e-05,1.277e-05,0,0.29737842,0.29737842,0.29737842,0,1.0,1.0,0.25,1,0.99959,0.99959,0.99959,1,0.01301,0.01301,0.01301,0
1165,lidobenolox,mispelled drug name,BN,low,single,1165,1,lidobenolox,lidobenolox,lidobenolox,BN,low,4.6e-06,4.6e-06,4.6e-06,0,0.70772719,0.70772719,0.70772719,1,1.0,0.0,0.0,1,0.94385,0.94385,0.94385,1,0.99942,0.99942,0.99942,1
1166,Natesto,correct drug name,BN,low,single,1166,0,Natesto,Natesto,natesto,BN,low,7.77e-06,7.77e-06,7.77e-06,0,0.2094828,0.2094828,0.2094828,0,0.0,0.0,0.0,0,0.00654,0.00654,0.00654,0,0.07443,0.07443,0.07443,0
1167,bromhist-dm,correct drug name,BN,low,single,1167,0,bromhist-dm,bromhist-dm,bromhist-dm,BN,low,6.66e-06,6.66e-06,6.66e-06,0,0.70772719,0.70772719,0.70772719,1,0.0,0.0,0.0,0,0.00136,0.00136,0.00136,0,0.00234,0.00234,0.00234,0
1168,hydrocodone-acetaminohen,mispelled drug name,IN,low,single,1168,1,hydrocodone-acetaminohen,hydrocodone-acetaminohen,hydrocodone-acetaminohen,IN,low,0.3135905,0.3135905,0.3135905,1,0.70772719,0.70772719,0.70772719,1,1.0,0.0,0.0,1,0.99994,0.99994,0.99994,1,0.99988,0.99988,0.99988,1
1169,cycancobalamin,mispelled drug name,IN,low,single,1169,1,cycancobalamin,cycancobalamin,cycancobalamin,IN,low,1.005e-05,1.005e-05,1.005e-05,0,0.70772719,0.70772719,0.70772719,1,1.0,2.0,0.5,1,0.99984,0.99984,0.99984,1,0.06095,0.06095,0.06095,0
1170,metoprolopl,mispelled drug name,IN,low,single,1170,1,metoprolopl,metoprolopl,metoprolopl,IN,low,0.99999857,0.99999857,0.99999857,1,0.70772719,0.70772719,0.70772719,1,1.0,1.0,0.25,1,0.99995,0.99995,0.99995,1,0.99977,0.99977,0.99977,1
1171,guaiatussin,correct drug name,BN,low,single,1171,0,guaiatussin,guaiatussin,guaiatussin,BN,low,0.00026697,0.00026697,0.00026697,0,0.20655967,0.20655967,0.20655967,0,0.0,0.0,0.0,0,0.00057,0.00057,0.00057,0,0.00684,0.00684,0.00684,0
1172,L-Menthol,correct drug name,IN,low,single,1172,0,L-Menthol,L-Menthol,l-menthol,IN,low,0.99999964,0.99999964,0.99999964,1,0.2696735,0.2696735,0.2696735,0,1.0,3.0,0.75,1,0.00018,0.00018,0.00018,0,0.00245,0.00245,0.00245,0
1173,cliostazol,mispelled drug name,IN,low,single,1173,1,cliostazol,cliostazol,cliostazol,IN,low,0.99848503,0.99848503,0.99848503,1,0.70772719,0.70772719,0.70772719,1,1.0,2.0,0.5,1,0.22761,0.22761,0.22761,0,0.99987,0.99987,0.99987,1
1174,Oraxinol,correct drug name,BN,low,single,1174,0,Oraxinol,Oraxinol,oraxinol,BN,low,0.00023199,0.00023199,0.00023199,0,0.70772719,0.70772719,0.70772719,1,1.0,3.0,0.75,1,0.99102,0.99102,0.99102,1,0.97173,0.97173,0.97173,1
1175,Inter-dry,not sure,IN,low,single,1175,1,Inter-dry,Inter-dry,inter-dry,IN,low,0.60317671,0.60317671,0.60317671,1,0.70772719,0.70772719,0.70772719,1,1.0,2.0,0.5,1,0.98919,0.98919,0.98919,1,0.54524,0.54524,0.54524,1
1176,Kerafoam,correct drug name,BN,low,single,1176,0,Kerafoam,Kerafoam,kerafoam,BN,low,3.271e-05,3.271e-05,3.271e-05,0,0.23969162,0.23969162,0.23969162,0,0.0,0.0,0.0,0,0.0046,0.0046,0.0046,0,0.02029,0.02029,0.02029,0
1177,"valacyclovir(Valtrex),",correct drug name,"BN,IN",low,single,1177,0,"valacyclovir(Valtrex),","valacyclovir(Valtrex),","valacyclovir(valtrex),","BN, IN",low,0.00173412,0.00173412,0.00173412,0,0.70772719,0.70772719,0.70772719,1,1.0,0.0,0.0,1,0.00175,0.00175,0.00175,0,0.00043,0.00043,0.00043,0
1178,Floranet,mispelled drug name,BN,low,single,1178,1,Floranet,Floranet,floranet,BN,low,0.99930739,0.99930739,0.99930739,1,0.70772719,0.70772719,0.70772719,1,1.0,2.0,0.5,1,0.99916,0.99916,0.99916,1,0.99732,0.99732,0.99732,1
1179,toresmide,mispelled drug name,IN,low,single,1179,1,toresmide,toresmide,toresmide,IN,low,0.99999952,0.99999952,0.99999952,1,0.28266072,0.28266072,0.28266072,0,1.0,2.0,0.5,1,0.0076,0.0076,0.0076,0,0.99988,0.99988,0.99988,1
1180,planetary,mispelled drug name,BN,low,single,1180,1,planetary,planetary,planetary,BN,low,1.35e-06,1.35e-06,1.35e-06,0,0.444572,0.444572,0.444572,1,0.0,0.0,0.0,0,0.00252,0.00252,0.00252,0,0.06542,0.06542,0.06542,0
1181,buspironeHCL5mg,mispelled drug name,IN,low,single,1181,1,buspironeHCL5mg,buspironeHCL5mg,buspironehcl5mg,IN,low,0.99999988,0.99999988,0.99999988,1,0.70772719,0.70772719,0.70772719,1,1.0,0.0,0.0,1,0.99997,0.99997,0.99997,1,0.99948,0.99948,0.99948,1
1182,AMOXICILLIIN-CLAVULANATE,mispelled drug name,BN,low,single,1182,1,AMOXICILLIIN-CLAVULANATE,AMOXICILLIIN-CLAVULANATE,amoxicilliin-clavulanate,BN,low,0.54880959,0.54880959,0.54880959,1,0.70772719,0.70772719,0.70772719,1,1.0,23.0,1.0,1,0.99991,0.99991,0.99991,1,0.99991,0.99991,0.99991,1
1183,LoSeasonique,correct drug name,BN,low,single,1183,0,LoSeasonique,LoSeasonique,loseasonique,BN,low,1.279e-05,1.279e-05,1.279e-05,0,0.70772719,0.70772719,0.70772719,1,0.0,0.0,0.0,0,0.99987,0.99987,0.99987,1,0.99976,0.99976,0.99976,1
1184,roxianol,mispelled drug name,BN,low,single,1184,1,roxianol,roxianol,roxianol,BN,low,3.47e-06,3.47e-06,3.47e-06,0,0.70772719,0.70772719,0.70772719,1,1.0,1.0,0.25,1,0.99988,0.99988,0.99988,1,0.99984,0.99984,0.99984,1
1185,sanytl,mispelled drug name,BN,low,single,1185,1,sanytl,sanytl,sanytl,BN,low,0.99999845,0.99999845,0.99999845,1,0.70772719,0.70772719,0.70772719,1,1.0,2.0,0.5,1,0.99997,0.99997,0.99997,1,0.99867,0.99867,0.99867,1
1186,restatis,mispelled drug name,BN,low,single,1186,1,restatis,restatis,restatis,BN,low,4.94e-06,4.94e-06,4.94e-06,0,0.4607752,0.4607752,0.4607752,1,1.0,1.0,0.25,1,0.97,0.97,0.97,1,0.99948,0.99948,0.99948,1
1187,simethione,mispelled drug name,IN,low,single,1187,1,simethione,simethione,simethione,IN,low,0.00035398,0.00035398,0.00035398,0,0.70772719,0.70772719,0.70772719,1,1.0,1.0,0.25,1,0.00168,0.00168,0.00168,0,0.98686,0.98686,0.98686,1
1188,Retinovite,correct drug name,BN,low,single,1188,0,Retinovite,Retinovite,retinovite,BN,low,0.00101357,0.00101357,0.00101357,0,0.70772719,0.70772719,0.70772719,1,1.0,3.0,0.75,1,0.00456,0.00456,0.00456,0,0.01532,0.01532,0.01532,0
1189,hyal-joint,correct drug name,BN,low,single,1189,0,hyal-joint,hyal-joint,hyal-joint,BN,low,1.391e-05,1.391e-05,1.391e-05,0,0.42968735,0.42968735,0.42968735,1,1.0,0.0,0.0,1,0.99975,0.99975,0.99975,1,0.99921,0.99921,0.99921,1
1190,sulamyrel,not sure,,low,single,1190,1,sulamyrel,sulamyrel,sulamyrel,nan,low,7.78e-06,7.78e-06,7.78e-06,0,0.70772719,0.70772719,0.70772719,1,1.0,0.0,0.0,1,0.37099,0.37099,0.37099,0,0.00491,0.00491,0.00491,0
1191,ceftodoxime,mispelled drug name,IN,low,single,1191,1,ceftodoxime,ceftodoxime,ceftodoxime,IN,low,0.96670371,0.96670371,0.96670371,1,0.70772719,0.70772719,0.70772719,1,1.0,1.0,0.25,1,0.00078,0.00078,0.00078,0,0.00049,0.00049,0.00049,0
1192,Clorpres,correct drug name,BN,low,single,1192,0,Clorpres,Clorpres,clorpres,BN,low,2.73e-06,2.73e-06,2.73e-06,0,0.70772719,0.70772719,0.70772719,1,0.0,0.0,0.0,0,0.00173,0.00173,0.00173,0,0.00988,0.00988,0.00988,0
1193,lidodrem,mispelled drug name,BN,low,single,1193,1,lidodrem,lidodrem,lidodrem,BN,low,0.99999893,0.99999893,0.99999893,1,0.15019512,0.15019512,0.15019512,0,1.0,2.0,0.5,1,0.99969,0.99969,0.99969,1,0.99834,0.99834,0.99834,1
1194,Telmisatan,mispelled drug name,IN,low,single,1194,1,Telmisatan,Telmisatan,telmisatan,IN,low,0.99573439,0.99573439,0.99573439,1,0.70772719,0.70772719,0.70772719,1,1.0,2.0,0.5,1,0.8658,0.8658,0.8658,1,0.99359,0.99359,0.99359,1
1195,naltroxone,mispelled drug name,IN,low,single,1195,1,naltroxone,naltroxone,naltroxone,IN,low,1.106e-05,1.106e-05,1.106e-05,0,0.15287639,0.15287639,0.15287639,0,1.0,1.0,0.25,1,0.00309,0.00309,0.00309,0,0.99936,0.99936,0.99936,1
1196,Quinixil,correct drug name,BN,low,single,1196,0,Quinixil,Quinixil,quinixil,BN,low,0.99999952,0.99999952,0.99999952,1,0.70772719,0.70772719,0.70772719,1,1.0,0.0,0.0,1,0.00355,0.00355,0.00355,0,0.97909,0.97909,0.97909,1
1197,Quasense,correct drug name,BN,low,single,1197,0,Quasense,Quasense,quasense,BN,low,0.99999857,0.99999857,0.99999857,1,0.70772719,0.70772719,0.70772719,1,1.0,2.0,0.5,1,0.99951,0.99951,0.99951,1,0.99256,0.99256,0.99256,1
1198,betamethasone-chlotrimazole,mispelled drug name,BN,low,single,1198,1,betamethasone-chlotrimazole,betamethasone-chlotrimazole,betamethasone-chlotrimazole,BN,low,5.41e-05,5.41e-05,5.41e-05,0,0.70772719,0.70772719,0.70772719,1,1.0,0.0,0.0,1,0.99798,0.99798,0.99798,1,0.99957,0.99957,0.99957,1
1199,glucosamine-chondro,mispelled drug name,BN,low,single,1199,1,glucosamine-chondro,glucosamine-chondro,glucosamine-chondro,BN,low,9.83e-06,9.83e-06,9.83e-06,0,0.70772719,0.70772719,0.70772719,1,1.0,0.0,0.0,1,0.01794,0.01794,0.01794,0,0.99927,0.99927,0.99927,1
1200,LC-5,correct drug name,BN,low,single,1200,0,LC-5,LC-5,lc-5,BN,low,0.00037063,0.00037063,0.00037063,0,0.14820354,0.14820354,0.14820354,0,1.0,2.0,0.5,1,0.97911,0.97911,0.97911,1,0.95903,0.95903,0.95903,1
1201,Methanol,correct non-drug name,IN,low,single,1201,0,Methanol,Methanol,methanol,IN,low,4.221e-05,4.221e-05,4.221e-05,0,0.68691379,0.68691379,0.68691379,1,0.0,0.0,0.0,0,0.00221,0.00221,0.00221,0,0.00111,0.00111,0.00111,0
1202,Alieve,mispelled drug name,BN,low,single,1202,1,Alieve,Alieve,alieve,BN,low,0.97554147,0.97554147,0.97554147,1,0.48139787,0.48139787,0.48139787,1,1.0,2.0,0.5,1,0.99848,0.99848,0.99848,1,0.96625,0.96625,0.96625,1
1203,zinc-copper-iodine,correct drug name,IN,low,single,1203,0,zinc-copper-iodine,zinc-copper-iodine,zinc-copper-iodine,IN,low,0.00493852,0.00493852,0.00493852,0,0.70772719,0.70772719,0.70772719,1,1.0,0.0,0.0,1,0.00337,0.00337,0.00337,0,0.00031,0.00031,0.00031,0
1204,clytis,not sure,BN,low,single,1204,1,clytis,clytis,clytis,BN,low,0.99999952,0.99999952,0.99999952,1,0.70772719,0.70772719,0.70772719,1,1.0,2.0,0.5,1,0.99986,0.99986,0.99986,1,0.99926,0.99926,0.99926,1
1205,Chap-Aid,correct drug name,BN,low,single,1205,0,Chap-Aid,Chap-Aid,chap-aid,BN,low,0.00028555,0.00028555,0.00028555,0,0.70772719,0.70772719,0.70772719,1,1.0,4.0,1.0,1,0.00392,0.00392,0.00392,0,0.00133,0.00133,0.00133,0
1206,Rocephin1gm,mispelled drug name,BN,low,single,1206,1,Rocephin1gm,Rocephin1gm,rocephin1gm,BN,low,0.00897262,0.00897262,0.00897262,0,0.70772719,0.70772719,0.70772719,1,1.0,0.0,0.0,1,0.9933,0.9933,0.9933,1,0.99765,0.99765,0.99765,1
1207,alleve,mispelled drug name,BN,low,single,1207,1,alleve,alleve,alleve,BN,low,3.994e-05,3.994e-05,3.994e-05,0,0.44866112,0.44866112,0.44866112,1,1.0,1.0,0.25,1,0.87655,0.87655,0.87655,1,0.00071,0.00071,0.00071,0
1208,astorvastin,mispelled drug name,IN,low,single,1208,1,astorvastin,astorvastin,astorvastin,IN,low,0.0002325,0.0002325,0.0002325,0,0.70772719,0.70772719,0.70772719,1,1.0,0.0,0.0,1,0.9963,0.9963,0.9963,1,0.99933,0.99933,0.99933,1
1209,ABHcream(1-12.5-1)mg/ml,correct drug name,IN,low,single,1209,0,ABHcream(1-12.5-1)mg/ml,ABHcream(1-12.5-1)mg/ml,abhcream(1-12.5-1)mg/ml,IN,low,0.99999976,0.99999976,0.99999976,1,0.70772719,0.70772719,0.70772719,1,1.0,0.0,0.0,1,0.99997,0.99997,0.99997,1,0.99956,0.99956,0.99956,1
1210,nupagen,mispelled drug name,BN,low,single,1210,1,nupagen,nupagen,nupagen,BN,low,2.979e-05,2.979e-05,2.979e-05,0,0.08480979,0.08480979,0.08480979,0,1.0,2.0,0.5,1,0.99652,0.99652,0.99652,1,0.99982,0.99982,0.99982,1
1211,Sulfur,correct drug name,IN,low,single,1211,0,Sulfur,Sulfur,sulfur,IN,low,0.18753628,0.18753628,0.18753628,1,0.63795191,0.63795191,0.63795191,1,0.0,0.0,0.0,0,0.00231,0.00231,0.00231,0,0.0006,0.0006,0.0006,0
1212,Intensol,correct drug name,BN,low,single,1212,0,Intensol,Intensol,intensol,BN,low,0.3542155,0.3542155,0.3542155,1,0.39819652,0.39819652,0.39819652,1,0.0,0.0,0.0,0,0.00458,0.00458,0.00458,0,0.00115,0.00115,0.00115,0
1213,restoril3.825,mispelled drug name,BN,low,single,1213,1,restoril3.825,restoril3.825,restoril3.825,BN,low,0.99115938,0.99115938,0.99115938,1,0.70772719,0.70772719,0.70772719,1,1.0,0.0,0.0,1,0.99953,0.99953,0.99953,1,0.99967,0.99967,0.99967,1
1214,certrzporim,mispelled drug name,IN,low,single,1214,1,certrzporim,certrzporim,certrzporim,IN,low,0.99999857,0.99999857,0.99999857,1,0.70772719,0.70772719,0.70772719,1,1.0,0.0,0.0,1,0.99997,0.99997,0.99997,1,0.9999,0.9999,0.9999,1
1215,ProdStat,mispelled drug name,IN,low,single,1215,1,ProdStat,ProdStat,prodstat,IN,low,0.99999976,0.99999976,0.99999976,1,0.70772719,0.70772719,0.70772719,1,1.0,4.0,1.0,1,0.99971,0.99971,0.99971,1,0.99844,0.99844,0.99844,1
1216,jardione,mispelled drug name,BN,low,single,1216,1,jardione,jardione,jardione,BN,low,0.04169365,0.04169365,0.04169365,0,0.70772719,0.70772719,0.70772719,1,1.0,2.0,0.5,1,0.99898,0.99898,0.99898,1,0.99942,0.99942,0.99942,1
1217,lactobaccillus,mispelled drug name,IN,low,single,1217,1,lactobaccillus,lactobaccillus,lactobaccillus,IN,low,0.78025061,0.78025061,0.78025061,1,0.42513549,0.42513549,0.42513549,1,1.0,1.0,0.25,1,0.0049,0.0049,0.0049,0,0.48626,0.48626,0.48626,0
1218,pseudoephidrine,mispelled drug name,IN,low,single,1218,1,pseudoephidrine,pseudoephidrine,pseudoephidrine,IN,low,3.36e-06,3.36e-06,3.36e-06,0,0.12475307,0.12475307,0.12475307,0,1.0,1.0,0.25,1,0.99993,0.99993,0.99993,1,0.9988,0.9988,0.9988,1
1219,tombramycin,mispelled drug name,IN,low,single,1219,1,tombramycin,tombramycin,tombramycin,IN,low,0.79132855,0.79132855,0.79132855,1,0.12890576,0.12890576,0.12890576,0,1.0,1.0,0.25,1,0.99704,0.99704,0.99704,1,0.99944,0.99944,0.99944,1
1220,Thyromin,correct drug name,BN,low,single,1220,0,Thyromin,Thyromin,thyromin,BN,low,0.99999976,0.99999976,0.99999976,1,0.70772719,0.70772719,0.70772719,1,1.0,2.0,0.5,1,0.00974,0.00974,0.00974,0,0.99928,0.99928,0.99928,1
1221,ALBUTRTOL,mispelled drug name,IN,low,single,1221,1,ALBUTRTOL,ALBUTRTOL,albutrtol,IN,low,1.16e-06,1.16e-06,1.16e-06,0,0.70772719,0.70772719,0.70772719,1,1.0,9.0,1.0,1,0.99997,0.99997,0.99997,1,0.99878,0.99878,0.99878,1
1222,acetaminaphenphen,mispelled drug name,IN,low,single,1222,1,acetaminaphenphen,acetaminaphenphen,acetaminaphenphen,IN,low,0.99487877,0.99487877,0.99487877,1,0.70772719,0.70772719,0.70772719,1,1.0,0.0,0.0,1,0.99977,0.99977,0.99977,1,0.9997,0.9997,0.9997,1
1223,miralax238gm,mispelled drug name,BN,low,single,1223,1,miralax238gm,miralax238gm,miralax238gm,BN,low,0.99999988,0.99999988,0.99999988,1,0.70772719,0.70772719,0.70772719,1,1.0,0.0,0.0,1,0.99392,0.99392,0.99392,1,0.99092,0.99092,0.99092,1
1224,appointment,correct non-drug name,,low,single,1224,0,appointment,appointment,appointment,nan,low,0.99936801,0.99936801,0.99936801,1,0.53286874,0.53286874,0.53286874,1,0.0,0.0,0.0,0,0.03536,0.03536,0.03536,0,0.90348,0.90348,0.90348,1
1225,Cranberry450mg,mispelled drug name,IN,low,single,1225,1,Cranberry450mg,Cranberry450mg,cranberry450mg,IN,low,4.13e-06,4.13e-06,4.13e-06,0,0.70772719,0.70772719,0.70772719,1,1.0,0.0,0.0,1,0.99843,0.99843,0.99843,1,0.99889,0.99889,0.99889,1
1226,Ergocalciserol,mispelled drug name,IN,low,single,1226,1,Ergocalciserol,Ergocalciserol,ergocalciserol,IN,low,3.789e-05,3.789e-05,3.789e-05,0,0.70772719,0.70772719,0.70772719,1,1.0,2.0,0.5,1,0.99469,0.99469,0.99469,1,0.99201,0.99201,0.99201,1
1227,amoxclav,mispelled drug name,BN,low,single,1227,1,amoxclav,amoxclav,amoxclav,BN,low,0.99999905,0.99999905,0.99999905,1,0.70772719,0.70772719,0.70772719,1,1.0,0.0,0.0,1,0.99953,0.99953,0.99953,1,0.99748,0.99748,0.99748,1
1228,pregalbalin,mispelled drug name,IN,low,single,1228,1,pregalbalin,pregalbalin,pregalbalin,IN,low,0.0010935,0.0010935,0.0010935,0,0.13832232,0.13832232,0.13832232,0,1.0,1.0,0.25,1,0.99982,0.99982,0.99982,1,0.97785,0.97785,0.97785,1
1229,predsione,mispelled drug name,IN,low,single,1229,1,predsione,predsione,predsione,IN,low,0.268805,0.268805,0.268805,1,0.70772719,0.70772719,0.70772719,1,1.0,2.0,0.5,1,0.3787,0.3787,0.3787,0,0.99974,0.99974,0.99974,1
1230,kosartan-hydrochlorthiazide,mispelled drug name,IN,low,single,1230,1,kosartan-hydrochlorthiazide,kosartan-hydrochlorthiazide,kosartan-hydrochlorthiazide,IN,low,0.00010145,0.00010145,0.00010145,0,0.70772719,0.70772719,0.70772719,1,1.0,0.0,0.0,1,0.99878,0.99878,0.99878,1,0.99989,0.99989,0.99989,1
1231,chlorpheniramine-dextromethorp,mispelled drug name,IN,low,single,1231,1,chlorpheniramine-dextromethorp,chlorpheniramine-dextromethorp,chlorpheniramine-dextromethorp,IN,low,0.00045294,0.00045294,0.00045294,0,0.70772719,0.70772719,0.70772719,1,1.0,0.0,0.0,1,0.9824,0.9824,0.9824,1,0.99989,0.99989,0.99989,1
1232,esompeprazole,mispelled drug name,IN,low,single,1232,1,esompeprazole,esompeprazole,esompeprazole,IN,low,0.99999857,0.99999857,0.99999857,1,0.70772719,0.70772719,0.70772719,1,1.0,1.0,0.25,1,0.99813,0.99813,0.99813,1,0.99973,0.99973,0.99973,1
1233,Humulin,correct drug name,BN,low,single,1233,0,Humulin,Humulin,humulin,BN,low,0.01502181,0.01502181,0.01502181,0,0.14760901,0.14760901,0.14760901,0,0.0,0.0,0.0,0,0.00032,0.00032,0.00032,0,0.00143,0.00143,0.00143,0
1234,Ohkusaichosan,not sure,,low,single,1234,1,Ohkusaichosan,Ohkusaichosan,ohkusaichosan,nan,low,0.99999988,0.99999988,0.99999988,1,0.70772719,0.70772719,0.70772719,1,1.0,0.0,0.0,1,0.99962,0.99962,0.99962,1,0.99312,0.99312,0.99312,1
1235,Heliocare,correct drug name,BN,low,single,1235,0,Heliocare,Heliocare,heliocare,BN,low,8.48e-06,8.48e-06,8.48e-06,0,0.70772719,0.70772719,0.70772719,1,0.0,0.0,0.0,0,0.0006,0.0006,0.0006,0,0.99325,0.99325,0.99325,1
1236,movartik,mispelled drug name,BN,low,single,1236,1,movartik,movartik,movartik,BN,low,0.40924001,0.40924001,0.40924001,1,0.70772719,0.70772719,0.70772719,1,1.0,1.0,0.25,1,0.99983,0.99983,0.99983,1,0.99682,0.99682,0.99682,1
1237,dextromethrophan,mispelled drug name,IN,low,single,1237,1,dextromethrophan,dextromethrophan,dextromethrophan,IN,low,0.99951327,0.99951327,0.99951327,1,0.12551261,0.12551261,0.12551261,0,1.0,2.0,0.5,1,0.95847,0.95847,0.95847,1,0.97413,0.97413,0.97413,1
1238,insentress,mispelled drug name,BN,low,single,1238,1,insentress,insentress,insentress,BN,low,5.865e-05,5.865e-05,5.865e-05,0,0.70772719,0.70772719,0.70772719,1,1.0,1.0,0.25,1,0.77647,0.77647,0.77647,1,0.88116,0.88116,0.88116,1
1239,Norvase,mispelled drug name,BN,low,single,1239,1,Norvase,Norvase,norvase,BN,low,0.0036837,0.0036837,0.0036837,0,0.36346021,0.36346021,0.36346021,0,1.0,2.0,0.5,1,0.00036,0.00036,0.00036,0,0.99506,0.99506,0.99506,1
1240,epoet,correct short drug name,IN,low,single,1240,0,epoet,epoet,epoet,IN,low,1.621e-05,1.621e-05,1.621e-05,0,0.70772719,0.70772719,0.70772719,1,1.0,1.0,0.25,1,0.19243,0.19243,0.19243,0,0.99958,0.99958,0.99958,1
1241,compizine,mispelled drug name,BN,low,single,1241,1,compizine,compizine,compizine,BN,low,0.00044304,0.00044304,0.00044304,0,0.219506,0.219506,0.219506,0,1.0,1.0,0.25,1,0.42161,0.42161,0.42161,0,0.97795,0.97795,0.97795,1
1242,Kadcyla,correct drug name,BN,low,single,1242,0,Kadcyla,Kadcyla,kadcyla,BN,low,0.99999928,0.99999928,0.99999928,1,0.23214357,0.23214357,0.23214357,0,1.0,3.0,0.75,1,0.99798,0.99798,0.99798,1,0.99973,0.99973,0.99973,1
1243,urogel,mispelled drug name,BN,low,single,1243,1,urogel,urogel,urogel,BN,low,0.00046361,0.00046361,0.00046361,0,0.28173265,0.28173265,0.28173265,0,1.0,2.0,0.5,1,0.00073,0.00073,0.00073,0,0.91181,0.91181,0.91181,1
1244,LidoProfen,correct drug name,BN,low,single,1244,0,LidoProfen,LidoProfen,lidoprofen,BN,low,0.93036342,0.93036342,0.93036342,1,0.70772719,0.70772719,0.70772719,1,1.0,4.0,1.0,1,0.00147,0.00147,0.00147,0,0.99627,0.99627,0.99627,1
1245,halodperidol,mispelled drug name,IN,low,single,1245,1,halodperidol,halodperidol,halodperidol,IN,low,0.99999368,0.99999368,0.99999368,1,0.70772719,0.70772719,0.70772719,1,1.0,1.0,0.25,1,0.99926,0.99926,0.99926,1,0.99953,0.99953,0.99953,1
1246,pregabapentin,mispelled drug name,IN,low,single,1246,1,pregabapentin,pregabapentin,pregabapentin,IN,low,0.0027002,0.0027002,0.0027002,0,0.23223509,0.23223509,0.23223509,0,1.0,0.0,0.0,1,0.00292,0.00292,0.00292,0,0.01101,0.01101,0.01101,0
1247,dailyvitedailyvitamin,mispelled drug name,"BN,IN",low,single,1247,1,dailyvitedailyvitamin,dailyvitedailyvitamin,dailyvitedailyvitamin,"BN, IN",low,0.99999952,0.99999952,0.99999952,1,0.70772719,0.70772719,0.70772719,1,1.0,0.0,0.0,1,0.99934,0.99934,0.99934,1,0.99926,0.99926,0.99926,1
1248,triamcinoline,mispelled drug name,IN,low,single,1248,1,triamcinoline,triamcinoline,triamcinoline,IN,low,0.02267811,0.02267811,0.02267811,0,0.29548353,0.29548353,0.29548353,0,1.0,1.0,0.25,1,0.00118,0.00118,0.00118,0,0.13538,0.13538,0.13538,0
1249,Acetylcholine,correct drug name,IN,low,single,1249,0,Acetylcholine,Acetylcholine,acetylcholine,IN,low,1.845e-05,1.845e-05,1.845e-05,0,0.41535711,0.41535711,0.41535711,1,0.0,0.0,0.0,0,0.00037,0.00037,0.00037,0,0.00457,0.00457,0.00457,0
1250,Alcaine,correct drug name,BN,low,single,1250,0,Alcaine,Alcaine,alcaine,BN,low,0.0990473,0.0990473,0.0990473,0,0.25853863,0.25853863,0.25853863,0,0.0,0.0,0.0,0,0.00138,0.00138,0.00138,0,0.00211,0.00211,0.00211,0
1251,brethine,correct drug name,BN,low,single,1251,0,brethine,brethine,brethine,BN,low,0.00038739,0.00038739,0.00038739,0,0.31407672,0.31407672,0.31407672,0,1.0,2.0,0.5,1,0.95354,0.95354,0.95354,1,0.46589,0.46589,0.46589,0
1252,Medi-Doze,correct drug name,BN,low,single,1252,0,Medi-Doze,Medi-Doze,medi-doze,BN,low,0.99992311,0.99992311,0.99992311,1,0.70772719,0.70772719,0.70772719,1,1.0,0.0,0.0,1,0.06345,0.06345,0.06345,0,0.58373,0.58373,0.58373,1
1253,Fursosemide,mispelled drug name,IN,low,single,1253,1,Fursosemide,Fursosemide,fursosemide,IN,low,1.373e-05,1.373e-05,1.373e-05,0,0.14800686,0.14800686,0.14800686,0,1.0,2.0,0.5,1,0.99886,0.99886,0.99886,1,0.9959,0.9959,0.9959,1
1254,cholstyranine,mispelled drug name,IN,low,single,1254,1,cholstyranine,cholstyranine,cholstyranine,IN,low,0.99999774,0.99999774,0.99999774,1,0.70772719,0.70772719,0.70772719,1,1.0,2.0,0.5,1,0.99984,0.99984,0.99984,1,0.99959,0.99959,0.99959,1
1255,nadolol-bendroflumethiazide,correct drug name,IN,low,single,1255,0,nadolol-bendroflumethiazide,nadolol-bendroflumethiazide,nadolol-bendroflumethiazide,IN,low,2.52e-05,2.52e-05,2.52e-05,0,0.11661163,0.11661163,0.11661163,0,1.0,0.0,0.0,1,0.00223,0.00223,0.00223,0,0.99946,0.99946,0.99946,1
1256,Hydocodon-APAP,mispelled drug name,IN,low,single,1256,1,Hydocodon-APAP,Hydocodon-APAP,hydocodon-apap,IN,low,0.99999988,0.99999988,0.99999988,1,0.70772719,0.70772719,0.70772719,1,1.0,0.0,0.0,1,0.99979,0.99979,0.99979,1,0.00079,0.00079,0.00079,0
1257,lacto,correct short drug name,BN,low,single,1257,0,lacto,lacto,lacto,BN,low,1.311e-05,1.311e-05,1.311e-05,0,0.33324158,0.33324158,0.33324158,0,1.0,1.0,0.25,1,0.00541,0.00541,0.00541,0,0.99279,0.99279,0.99279,1
1258,amoxicillin-trihydrate,correct drug name,IN,low,single,1258,0,amoxicillin-trihydrate,amoxicillin-trihydrate,amoxicillin-trihydrate,IN,low,0.00313055,0.00313055,0.00313055,0,0.27410406,0.27410406,0.27410406,0,1.0,0.0,0.0,1,0.00334,0.00334,0.00334,0,0.00054,0.00054,0.00054,0
1259,tranaprost,mispelled drug name,IN,low,single,1259,1,tranaprost,tranaprost,tranaprost,IN,low,5.14e-06,5.14e-06,5.14e-06,0,0.70772719,0.70772719,0.70772719,1,1.0,2.0,0.5,1,0.71912,0.71912,0.71912,1,0.99983,0.99983,0.99983,1
1260,calcium-vit,correct short drug name,IN,low,single,1260,0,calcium-vit,calcium-vit,calcium-vit,IN,low,7.2e-06,7.2e-06,7.2e-06,0,0.38475811,0.38475811,0.38475811,0,1.0,0.0,0.0,1,0.0513,0.0513,0.0513,0,0.00053,0.00053,0.00053,0
1261,Temazapam,mispelled drug name,IN,low,single,1261,1,Temazapam,Temazapam,temazapam,IN,low,4.581e-05,4.581e-05,4.581e-05,0,0.17973053,0.17973053,0.17973053,0,1.0,2.0,0.5,1,0.02907,0.02907,0.02907,0,0.99427,0.99427,0.99427,1
1262,ertrapenem,mispelled drug name,IN,low,single,1262,1,ertrapenem,ertrapenem,ertrapenem,IN,low,0.89893252,0.89893252,0.89893252,1,0.1922837,0.1922837,0.1922837,0,1.0,1.0,0.25,1,0.11797,0.11797,0.11797,0,0.79609,0.79609,0.79609,1
1263,pherergan,mispelled drug name,BN,low,single,1263,1,pherergan,pherergan,pherergan,BN,low,0.00142109,0.00142109,0.00142109,0,0.1781708,0.1781708,0.1781708,0,1.0,1.0,0.25,1,0.987,0.987,0.987,1,0.99916,0.99916,0.99916,1
1264,Underpads,correct non-drug name,IN,low,single,1264,0,Underpads,Underpads,underpads,IN,low,0.93759292,0.93759292,0.93759292,1,0.3776871,0.3776871,0.3776871,0,0.0,0.0,0.0,0,0.00086,0.00086,0.00086,0,0.01382,0.01382,0.01382,0
1265,erythramyacin,mispelled drug name,IN,low,single,1265,1,erythramyacin,erythramyacin,erythramyacin,IN,low,0.99947852,0.99947852,0.99947852,1,0.70772719,0.70772719,0.70772719,1,1.0,2.0,0.5,1,0.99994,0.99994,0.99994,1,0.98987,0.98987,0.98987,1
1266,herparin,mispelled drug name,IN,low,single,1266,1,herparin,herparin,herparin,IN,low,0.99943835,0.99943835,0.99943835,1,0.25927478,0.25927478,0.25927478,0,1.0,1.0,0.25,1,0.00127,0.00127,0.00127,0,0.99987,0.99987,0.99987,1
1267,vesselvite,correct drug name,BN,low,single,1267,0,vesselvite,vesselvite,vesselvite,BN,low,5.66e-06,5.66e-06,5.66e-06,0,0.70772719,0.70772719,0.70772719,1,0.0,0.0,0.0,0,0.0009,0.0009,0.0009,0,0.00031,0.00031,0.00031,0
1268,NSAIDS,correct drug name,IN,low,single,1268,0,NSAIDS,NSAIDS,nsaids,IN,low,1.27e-06,1.27e-06,1.27e-06,0,0.30255997,0.30255997,0.30255997,0,1.0,6.0,1.0,1,0.00088,0.00088,0.00088,0,0.00069,0.00069,0.00069,0
1269,deoxycycline,mispelled drug name,IN,low,single,1269,1,deoxycycline,deoxycycline,deoxycycline,IN,low,8.51e-06,8.51e-06,8.51e-06,0,0.28477302,0.28477302,0.28477302,0,1.0,1.0,0.25,1,0.00271,0.00271,0.00271,0,0.99825,0.99825,0.99825,1
1270,zinc/hydrocort/ketocon,mispelled drug name,IN,low,single,1270,1,zinc/hydrocort/ketocon,zinc/hydrocort/ketocon,zinc/hydrocort/ketocon,IN,low,0.00055863,0.00055863,0.00055863,0,0.70772719,0.70772719,0.70772719,1,1.0,0.0,0.0,1,0.00186,0.00186,0.00186,0,0.02803,0.02803,0.02803,0
1271,iburprofen,mispelled drug name,IN,low,single,1271,1,iburprofen,iburprofen,iburprofen,IN,low,0.75196344,0.75196344,0.75196344,1,0.15149005,0.15149005,0.15149005,0,1.0,1.0,0.25,1,0.99955,0.99955,0.99955,1,0.99959,0.99959,0.99959,1
1272,doc,correct non-drug name,,low,single,1272,0,doc,doc,doc,nan,low,0.03483365,0.03483365,0.03483365,0,0.42145795,0.42145795,0.42145795,1,0.0,0.0,0.0,0,0.99912,0.99912,0.99912,1,0.99775,0.99775,0.99775,1
1273,saccoharomyces,mispelled drug name,IN,low,single,1273,1,saccoharomyces,saccoharomyces,saccoharomyces,IN,low,0.99999845,0.99999845,0.99999845,1,0.70772719,0.70772719,0.70772719,1,1.0,1.0,0.25,1,0.99991,0.99991,0.99991,1,0.00056,0.00056,0.00056,0
1274,moducare,correct drug name,BN,low,single,1274,0,moducare,moducare,moducare,BN,low,0.00254243,0.00254243,0.00254243,0,0.2589488,0.2589488,0.2589488,0,1.0,2.0,0.5,1,0.99532,0.99532,0.99532,1,0.00192,0.00192,0.00192,0
1275,Demedex,mispelled drug name,BN,low,single,1275,1,Demedex,Demedex,demedex,BN,low,3.25e-06,3.25e-06,3.25e-06,0,0.25843731,0.25843731,0.25843731,0,1.0,2.0,0.5,1,0.04868,0.04868,0.04868,0,0.63294,0.63294,0.63294,1
1276,silversorb,mispelled drug name,IN,low,single,1276,1,silversorb,silversorb,silversorb,IN,low,4.602e-05,4.602e-05,4.602e-05,0,0.70772719,0.70772719,0.70772719,1,1.0,2.0,0.5,1,0.00049,0.00049,0.00049,0,0.00537,0.00537,0.00537,0
1277,clindamycin/mupirocin/itracona,mispelled drug name,IN,low,single,1277,1,clindamycin/mupirocin/itracona,clindamycin/mupirocin/itracona,clindamycin/mupirocin/itracona,IN,low,5.44e-06,5.44e-06,5.44e-06,0,0.70772719,0.70772719,0.70772719,1,1.0,0.0,0.0,1,0.97298,0.97298,0.97298,1,0.99964,0.99964,0.99964,1
1278,ceftriaxone(rocephin),correct drug name,"BN,IN",low,single,1278,0,ceftriaxone(rocephin),ceftriaxone(rocephin),ceftriaxone(rocephin),"BN, IN",low,0.04813587,0.04813587,0.04813587,0,0.70772719,0.70772719,0.70772719,1,1.0,0.0,0.0,1,0.00314,0.00314,0.00314,0,0.83596,0.83596,0.83596,1
1279,potasssium,mispelled drug name,IN,low,single,1279,1,potasssium,potasssium,potasssium,IN,low,0.98420727,0.98420727,0.98420727,1,0.67822933,0.67822933,0.67822933,1,1.0,1.0,0.25,1,0.99942,0.99942,0.99942,1,0.99419,0.99419,0.99419,1
1280,Bucco,not sure,BN,low,single,1280,1,Bucco,Bucco,bucco,BN,low,0.99999917,0.99999917,0.99999917,1,0.37233639,0.37233639,0.37233639,0,1.0,2.0,0.5,1,0.99949,0.99949,0.99949,1,0.06307,0.06307,0.06307,0
1281,neuravite,correct drug name,BN,low,single,1281,0,neuravite,neuravite,neuravite,BN,low,0.99982315,0.99982315,0.99982315,1,0.70772719,0.70772719,0.70772719,1,1.0,0.0,0.0,1,0.9997,0.9997,0.9997,1,0.2259,0.2259,0.2259,0
1282,tearisol,correct drug name,BN,low,single,1282,0,tearisol,tearisol,tearisol,BN,low,5.051e-05,5.051e-05,5.051e-05,0,0.26638728,0.26638728,0.26638728,0,1.0,2.0,0.5,1,0.9963,0.9963,0.9963,1,0.99942,0.99942,0.99942,1
1283,BENADRYL-DECADRON-REGLAN,correct drug name,BN,low,single,1283,0,BENADRYL-DECADRON-REGLAN,BENADRYL-DECADRON-REGLAN,benadryl-decadron-reglan,BN,low,0.38390148,0.38390148,0.38390148,1,0.70772719,0.70772719,0.70772719,1,1.0,0.0,0.0,1,0.00046,0.00046,0.00046,0,0.00126,0.00126,0.00126,0
1284,derma,not sure,BN,low,single,1284,1,derma,derma,derma,BN,low,1.052e-05,1.052e-05,1.052e-05,0,0.28555495,0.28555495,0.28555495,0,0.0,0.0,0.0,0,0.99298,0.99298,0.99298,1,0.00333,0.00333,0.00333,0
1285,Prostat/equivalent,mispelled drug name,IN,low,single,1285,1,Prostat/equivalent,Prostat/equivalent,prostat/equivalent,IN,low,0.43787619,0.43787619,0.43787619,1,0.70772719,0.70772719,0.70772719,1,1.0,0.0,0.0,1,0.99904,0.99904,0.99904,1,0.99843,0.99843,0.99843,1
1286,Omega-3s/dha/epa,correct drug name,IN,low,single,1286,0,Omega-3s/dha/epa,Omega-3s/dha/epa,omega-3s/dha/epa,IN,low,0.9813354,0.9813354,0.9813354,1,0.70772719,0.70772719,0.70772719,1,1.0,0.0,0.0,1,0.00533,0.00533,0.00533,0,0.00895,0.00895,0.00895,0
1287,guaifenesin/DM,correct drug name,IN,low,single,1287,0,guaifenesin/DM,guaifenesin/DM,guaifenesin/dm,IN,low,1.4e-06,1.4e-06,1.4e-06,0,0.70772719,0.70772719,0.70772719,1,1.0,0.0,0.0,1,0.00037,0.00037,0.00037,0,0.01779,0.01779,0.01779,0
1288,meloxicam/topiramate/gabapentin/ketamine/lidocaine/clonidine/baclofen,correct drug name,IN,low,single,1288,0,meloxicam/topiramate/gabapentin/ketamine/lidocaine/clonidine/baclofen,meloxicam/topiramate/gabapentin/ketamine/lidocaine/clonidine/baclofen,meloxicam/topiramate/gabapentin/ketamine/lidocaine/clonidine/baclofen,IN,low,0.99990654,0.99990654,0.99990654,1,0.70772719,0.70772719,0.70772719,1,1.0,0.0,0.0,1,0.0011,0.0011,0.0011,0,0.01442,0.01442,0.01442,0
1289,Donatussin,correct drug name,BN,low,single,1289,0,Donatussin,Donatussin,donatussin,BN,low,1.19e-06,1.19e-06,1.19e-06,0,0.70772719,0.70772719,0.70772719,1,0.0,0.0,0.0,0,0.00071,0.00071,0.00071,0,0.00026,0.00026,0.00026,0
1290,Albuterol-ipratropium(Duoneb),correct drug name,"BN,IN",low,single,1290,0,Albuterol-ipratropium(Duoneb),Albuterol-ipratropium(Duoneb),albuterol-ipratropium(duoneb),"BN, IN",low,0.99998271,0.99998271,0.99998271,1,0.70772719,0.70772719,0.70772719,1,1.0,0.0,0.0,1,0.99174,0.99174,0.99174,1,0.28997,0.28997,0.28997,0
1291,Phenergan-DM,correct drug name,"BN,IN",low,single,1291,0,Phenergan-DM,Phenergan-DM,phenergan-dm,"BN, IN",low,1.301e-05,1.301e-05,1.301e-05,0,0.70772719,0.70772719,0.70772719,1,1.0,0.0,0.0,1,0.0005,0.0005,0.0005,0,0.00042,0.00042,0.00042,0
1292,TrueCurcumin,correct drug name,BN,low,single,1292,0,TrueCurcumin,TrueCurcumin,truecurcumin,BN,low,0.99997866,0.99997866,0.99997866,1,0.70772719,0.70772719,0.70772719,1,1.0,0.0,0.0,1,0.00169,0.00169,0.00169,0,0.94764,0.94764,0.94764,1
1293,Troprol-XL,mispelled drug name,BN,low,single,1293,1,Troprol-XL,Troprol-XL,troprol-xl,BN,low,7.404e-05,7.404e-05,7.404e-05,0,0.70772719,0.70772719,0.70772719,1,1.0,4.0,1.0,1,0.00453,0.00453,0.00453,0,0.99972,0.99972,0.99972,1
1294,Tasmar,correct drug name,BN,low,single,1294,0,Tasmar,Tasmar,tasmar,BN,low,3.41e-06,3.41e-06,3.41e-06,0,0.30706015,0.30706015,0.30706015,0,0.0,0.0,0.0,0,0.83808,0.83808,0.83808,1,0.00385,0.00385,0.00385,0
1295,flavocoxid,correct drug name,IN,low,single,1295,0,flavocoxid,flavocoxid,flavocoxid,IN,low,0.00178555,0.00178555,0.00178555,0,0.11523277,0.11523277,0.11523277,0,0.0,0.0,0.0,0,0.08089,0.08089,0.08089,0,0.00959,0.00959,0.00959,0
1296,prosvent,correct drug name,BN,low,single,1296,0,prosvent,prosvent,prosvent,BN,low,4.79e-06,4.79e-06,4.79e-06,0,0.70772719,0.70772719,0.70772719,1,1.0,1.0,0.25,1,0.99984,0.99984,0.99984,1,0.99947,0.99947,0.99947,1
1297,magcitrate,mispelled drug name,IN,low,single,1297,1,magcitrate,magcitrate,magcitrate,IN,low,5.235e-05,5.235e-05,5.235e-05,0,0.64370143,0.64370143,0.64370143,1,1.0,2.0,0.5,1,0.0016,0.0016,0.0016,0,0.99743,0.99743,0.99743,1
1298,Dukes,not sure,IN,low,single,1298,1,Dukes,Dukes,dukes,IN,low,0.99999976,0.99999976,0.99999976,1,0.39680722,0.39680722,0.39680722,1,0.0,0.0,0.0,0,0.05496,0.05496,0.05496,0,0.00029,0.00029,0.00029,0
1299,ketotolac,mispelled drug name,IN,low,single,1299,1,ketotolac,ketotolac,ketotolac,IN,low,0.25383326,0.25383326,0.25383326,1,0.70772719,0.70772719,0.70772719,1,1.0,1.0,0.25,1,0.00149,0.00149,0.00149,0,0.99969,0.99969,0.99969,1
1300,florines,mispelled drug name,BN,low,single,1300,1,florines,florines,florines,BN,low,8.63e-06,8.63e-06,8.63e-06,0,0.70772719,0.70772719,0.70772719,1,1.0,1.0,0.25,1,0.84618,0.84618,0.84618,1,0.87923,0.87923,0.87923,1
1301,Tri-Biozene,correct drug name,BN,low,single,1301,0,Tri-Biozene,Tri-Biozene,tri-biozene,BN,low,0.00021057,0.00021057,0.00021057,0,0.70772719,0.70772719,0.70772719,1,1.0,0.0,0.0,1,0.00203,0.00203,0.00203,0,0.00134,0.00134,0.00134,0
1302,Nephro-Ease,correct drug name,BN,low,single,1302,0,Nephro-Ease,Nephro-Ease,nephro-ease,BN,low,1.72e-06,1.72e-06,1.72e-06,0,0.70772719,0.70772719,0.70772719,1,1.0,0.0,0.0,1,0.00075,0.00075,0.00075,0,0.00123,0.00123,0.00123,0
1303,Fungavir,correct drug name,BN,low,single,1303,0,Fungavir,Fungavir,fungavir,BN,low,1.67e-06,1.67e-06,1.67e-06,0,0.70772719,0.70772719,0.70772719,1,1.0,3.0,0.75,1,0.0052,0.0052,0.0052,0,0.99111,0.99111,0.99111,1
1304,Slow,correct non-drug name,BN,low,single,1304,0,Slow,Slow,slow,BN,low,1.776e-05,1.776e-05,1.776e-05,0,0.55104971,0.55104971,0.55104971,1,0.0,0.0,0.0,0,0.00326,0.00326,0.00326,0,0.01549,0.01549,0.01549,0
1305,glucosamine-chondroltin,mispelled drug name,IN,low,single,1305,1,glucosamine-chondroltin,glucosamine-chondroltin,glucosamine-chondroltin,IN,low,0.08454189,0.08454189,0.08454189,0,0.70772719,0.70772719,0.70772719,1,1.0,1.0,0.25,1,0.99996,0.99996,0.99996,1,0.99987,0.99987,0.99987,1
1306,DI9PHEN-ALUM/MAG/SIMETH-LIDOCAINE,mispelled drug name,IN,low,single,1306,1,DI9PHEN-ALUM/MAG/SIMETH-LIDOCAINE,DI9PHEN-ALUM/MAG/SIMETH-LIDOCAINE,di9phen-alum/mag/simeth-lidocaine,IN,low,0.00450268,0.00450268,0.00450268,0,0.70772719,0.70772719,0.70772719,1,1.0,0.0,0.0,1,0.99997,0.99997,0.99997,1,0.99978,0.99978,0.99978,1
1307,Duuoneb,mispelled drug name,BN,low,single,1307,1,Duuoneb,Duuoneb,duuoneb,BN,low,0.99999976,0.99999976,0.99999976,1,0.70772719,0.70772719,0.70772719,1,1.0,0.0,0.0,1,0.99996,0.99996,0.99996,1,0.99957,0.99957,0.99957,1
1308,Furacin,correct drug name,BN,low,single,1308,0,Furacin,Furacin,furacin,BN,low,3.34e-06,3.34e-06,3.34e-06,0,0.09196103,0.09196103,0.09196103,0,0.0,0.0,0.0,0,0.00238,0.00238,0.00238,0,0.00114,0.00114,0.00114,0
1309,Clodine,mispelled drug name,IN,low,single,1309,1,Clodine,Clodine,clodine,IN,low,8.66e-06,8.66e-06,8.66e-06,0,0.25463921,0.25463921,0.25463921,0,1.0,2.0,0.5,1,0.99194,0.99194,0.99194,1,0.99966,0.99966,0.99966,1
1310,chlorohexadine,mispelled drug name,IN,low,single,1310,1,chlorohexadine,chlorohexadine,chlorohexadine,IN,low,4.499e-05,4.499e-05,4.499e-05,0,0.23142834,0.23142834,0.23142834,0,1.0,1.0,0.25,1,0.00141,0.00141,0.00141,0,0.82051,0.82051,0.82051,1
1311,VisionBlue,correct drug name,BN,low,single,1311,0,VisionBlue,VisionBlue,visionblue,BN,low,0.99999607,0.99999607,0.99999607,1,0.35680291,0.35680291,0.35680291,0,1.0,0.0,0.0,1,0.00026,0.00026,0.00026,0,0.99878,0.99878,0.99878,1
1312,Carbi25/entacapone200/levod100mg,mispelled drug name,IN,low,single,1312,1,Carbi25/entacapone200/levod100mg,Carbi25/entacapone200/levod100mg,carbi25/entacapone200/levod100mg,IN,low,0.81455523,0.81455523,0.81455523,1,0.70772719,0.70772719,0.70772719,1,1.0,0.0,0.0,1,0.99974,0.99974,0.99974,1,0.99906,0.99906,0.99906,1
1313,phenrgan,mispelled drug name,BN,low,single,1313,1,phenrgan,phenrgan,phenrgan,BN,low,0.99999666,0.99999666,0.99999666,1,0.27202851,0.27202851,0.27202851,0,1.0,1.0,0.25,1,0.99993,0.99993,0.99993,1,0.99933,0.99933,0.99933,1
1314,chlorpheniramine-APAP,correct drug name,IN,low,single,1314,0,chlorpheniramine-APAP,chlorpheniramine-APAP,chlorpheniramine-apap,IN,low,1.769e-05,1.769e-05,1.769e-05,0,0.70772719,0.70772719,0.70772719,1,1.0,0.0,0.0,1,0.00068,0.00068,0.00068,0,0.00031,0.00031,0.00031,0
1315,Cal-6tmg,mispelled drug name,IN,low,single,1315,1,Cal-6tmg,Cal-6tmg,cal-6tmg,IN,low,0.99999976,0.99999976,0.99999976,1,0.70772719,0.70772719,0.70772719,1,1.0,0.0,0.0,1,0.99979,0.99979,0.99979,1,0.99903,0.99903,0.99903,1
1316,L.ACID-L.CASEI-B.BIFB.ION-FOS,mispelled drug name,IN,low,single,1316,1,L.ACID-L.CASEI-B.BIFB.ION-FOS,L.ACID-L.CASEI-B.BIFB.ION-FOS,l.acid-l.casei-b.bifb.ion-fos,IN,low,0.0013841,0.0013841,0.0013841,0,0.70772719,0.70772719,0.70772719,1,1.0,0.0,0.0,1,0.99803,0.99803,0.99803,1,0.99974,0.99974,0.99974,1
1317,Marlxitrol,mispelled drug name,BN,low,single,1317,1,Marlxitrol,Marlxitrol,marlxitrol,BN,low,0.99999928,0.99999928,0.99999928,1,0.70772719,0.70772719,0.70772719,1,1.0,0.0,0.0,1,0.9999,0.9999,0.9999,1,0.99984,0.99984,0.99984,1
1318,CORACAINE,mispelled drug name,BN,low,single,1318,1,CORACAINE,CORACAINE,coracaine,BN,low,4.01e-06,4.01e-06,4.01e-06,0,0.70772719,0.70772719,0.70772719,1,1.0,9.0,1.0,1,0.97447,0.97447,0.97447,1,0.99529,0.99529,0.99529,1
1319,ciprofloxican,mispelled drug name,IN,low,single,1319,1,ciprofloxican,ciprofloxican,ciprofloxican,IN,low,0.0087471,0.0087471,0.0087471,0,0.70772719,0.70772719,0.70772719,1,1.0,2.0,0.5,1,0.99894,0.99894,0.99894,1,0.9998,0.9998,0.9998,1
1320,Santyl/bacitracin,correct drug name,"BN,IN",low,single,1320,0,Santyl/bacitracin,Santyl/bacitracin,santyl/bacitracin,"BN, IN",low,6.28e-06,6.28e-06,6.28e-06,0,0.70772719,0.70772719,0.70772719,1,1.0,0.0,0.0,1,0.99965,0.99965,0.99965,1,0.0005,0.0005,0.0005,0
1321,zocar,mispelled drug name,BN,low,single,1321,1,zocar,zocar,zocar,BN,low,0.99999738,0.99999738,0.99999738,1,0.36142614,0.36142614,0.36142614,0,1.0,1.0,0.25,1,0.99662,0.99662,0.99662,1,0.99781,0.99781,0.99781,1
1322,Seneexon,mispelled drug name,BN,low,single,1322,1,Seneexon,Seneexon,seneexon,BN,low,0.99999976,0.99999976,0.99999976,1,0.70772719,0.70772719,0.70772719,1,1.0,2.0,0.5,1,0.99992,0.99992,0.99992,1,0.99886,0.99886,0.99886,1
1323,cefedpime,mispelled drug name,IN,low,single,1323,1,cefedpime,cefedpime,cefedpime,IN,low,0.99956399,0.99956399,0.99956399,1,0.26328233,0.26328233,0.26328233,0,1.0,1.0,0.25,1,0.99658,0.99658,0.99658,1,0.99971,0.99971,0.99971,1
1324,brinlinta,mispelled drug name,BN,low,single,1324,1,brinlinta,brinlinta,brinlinta,BN,low,0.9999994,0.9999994,0.9999994,1,0.70772719,0.70772719,0.70772719,1,1.0,1.0,0.25,1,0.99988,0.99988,0.99988,1,0.99841,0.99841,0.99841,1
1325,diphenhydramine-HC-Nystatin,correct short drug name,IN,low,single,1325,0,diphenhydramine-HC-Nystatin,diphenhydramine-HC-Nystatin,diphenhydramine-hc-nystatin,IN,low,0.99962997,0.99962997,0.99962997,1,0.70772719,0.70772719,0.70772719,1,1.0,0.0,0.0,1,0.00135,0.00135,0.00135,0,0.00104,0.00104,0.00104,0
1326,arsenicum,correct drug name,IN,low,single,1326,0,arsenicum,arsenicum,arsenicum,IN,low,2.8e-06,2.8e-06,2.8e-06,0,0.61971903,0.61971903,0.61971903,1,1.0,2.0,0.5,1,0.01452,0.01452,0.01452,0,0.00054,0.00054,0.00054,0
1327,Neo/poly/HC,correct short drug name,IN,low,single,1327,0,Neo/poly/HC,Neo/poly/HC,neo/poly/hc,IN,low,0.9999994,0.9999994,0.9999994,1,0.70772719,0.70772719,0.70772719,1,1.0,0.0,0.0,1,0.00067,0.00067,0.00067,0,0.00456,0.00456,0.00456,0
1328,calcium-1000mg-Magnesium-500mg-Zinc-25mg,correct drug name,IN,low,single,1328,0,calcium-1000mg-Magnesium-500mg-Zinc-25mg,calcium-1000mg-Magnesium-500mg-Zinc-25mg,calcium-1000mg-magnesium-500mg-zinc-25mg,IN,low,0.9999758,0.9999758,0.9999758,1,0.70772719,0.70772719,0.70772719,1,1.0,0.0,0.0,1,0.00987,0.00987,0.00987,0,0.00335,0.00335,0.00335,0
1329,rhumatrex,mispelled drug name,BN,low,single,1329,1,rhumatrex,rhumatrex,rhumatrex,BN,low,1.858e-05,1.858e-05,1.858e-05,0,0.70772719,0.70772719,0.70772719,1,1.0,1.0,0.25,1,0.00332,0.00332,0.00332,0,0.99813,0.99813,0.99813,1
1330,trianterene-hctz,mispelled drug name,IN,low,single,1330,1,trianterene-hctz,trianterene-hctz,trianterene-hctz,IN,low,0.99999988,0.99999988,0.99999988,1,0.70772719,0.70772719,0.70772719,1,1.0,0.0,0.0,1,0.55347,0.55347,0.55347,1,0.99991,0.99991,0.99991,1
1331,Asa325mg,correct short drug name,IN,low,single,1331,0,Asa325mg,Asa325mg,asa325mg,IN,low,5.952e-05,5.952e-05,5.952e-05,0,0.42148778,0.42148778,0.42148778,1,1.0,0.0,0.0,1,0.39851,0.39851,0.39851,0,0.99655,0.99655,0.99655,1
1332,superfood,correct non-drug name,,low,single,1332,0,superfood,superfood,superfood,nan,low,0.10609146,0.10609146,0.10609146,0,0.31211218,0.31211218,0.31211218,0,1.0,2.0,0.5,1,0.69958,0.69958,0.69958,1,0.95665,0.95665,0.95665,1
1333,hrdrocodone,mispelled drug name,IN,low,single,1333,1,hrdrocodone,hrdrocodone,hrdrocodone,IN,low,0.99999976,0.99999976,0.99999976,1,0.70772719,0.70772719,0.70772719,1,1.0,1.0,0.25,1,0.99998,0.99998,0.99998,1,0.99989,0.99989,0.99989,1
1334,vancocmycin,mispelled drug name,IN,low,single,1334,1,vancocmycin,vancocmycin,vancocmycin,IN,low,0.99999273,0.99999273,0.99999273,1,0.70772719,0.70772719,0.70772719,1,1.0,1.0,0.25,1,0.99997,0.99997,0.99997,1,0.99968,0.99968,0.99968,1
1335,dermoplast/aloe/lanolin,correct drug name,"BN,IN",low,single,1335,0,dermoplast/aloe/lanolin,dermoplast/aloe/lanolin,dermoplast/aloe/lanolin,"BN, IN",low,0.22474213,0.22474213,0.22474213,1,0.70772719,0.70772719,0.70772719,1,1.0,0.0,0.0,1,0.00076,0.00076,0.00076,0,0.00086,0.00086,0.00086,0
1336,zofran8mg,mispelled drug name,BN,low,single,1336,1,zofran8mg,zofran8mg,zofran8mg,BN,low,0.99994504,0.99994504,0.99994504,1,0.70772719,0.70772719,0.70772719,1,1.0,0.0,0.0,1,0.74435,0.74435,0.74435,1,0.99979,0.99979,0.99979,1
1337,alpuzosin,mispelled drug name,IN,low,single,1337,1,alpuzosin,alpuzosin,alpuzosin,IN,low,0.99999285,0.99999285,0.99999285,1,0.70772719,0.70772719,0.70772719,1,1.0,1.0,0.25,1,0.99991,0.99991,0.99991,1,0.99829,0.99829,0.99829,1
1338,glucosamine/chondr/msm,correct short drug name,IN,low,single,1338,0,glucosamine/chondr/msm,glucosamine/chondr/msm,glucosamine/chondr/msm,IN,low,0.25005856,0.25005856,0.25005856,1,0.70772719,0.70772719,0.70772719,1,1.0,0.0,0.0,1,0.99992,0.99992,0.99992,1,0.9999,0.9999,0.9999,1
1339,Efueex,mispelled drug name,BN,low,single,1339,1,Efueex,Efueex,efueex,BN,low,0.99999905,0.99999905,0.99999905,1,0.70772719,0.70772719,0.70772719,1,1.0,2.0,0.5,1,0.99986,0.99986,0.99986,1,0.9998,0.9998,0.9998,1
1340,nrf2,not sure,BN,low,single,1340,1,nrf2,nrf2,nrf2,BN,low,0.99999881,0.99999881,0.99999881,1,0.35810217,0.35810217,0.35810217,0,1.0,2.0,0.5,1,0.00107,0.00107,0.00107,0,0.00603,0.00603,0.00603,0
1341,amakacin,mispelled drug name,IN,low,single,1341,1,amakacin,amakacin,amakacin,IN,low,0.9999975,0.9999975,0.9999975,1,0.3123219,0.3123219,0.3123219,0,1.0,1.0,0.25,1,0.99809,0.99809,0.99809,1,0.02132,0.02132,0.02132,0
1342,Hydroxy,not sure,IN,low,single,1342,1,Hydroxy,Hydroxy,hydroxy,IN,low,0.99999976,0.99999976,0.99999976,1,0.65345937,0.65345937,0.65345937,1,0.0,0.0,0.0,0,0.00709,0.00709,0.00709,0,0.00832,0.00832,0.00832,0
1343,benzocaibne-menthol,mispelled drug name,IN,low,single,1343,1,benzocaibne-menthol,benzocaibne-menthol,benzocaibne-menthol,IN,low,0.99999952,0.99999952,0.99999952,1,0.70772719,0.70772719,0.70772719,1,1.0,0.0,0.0,1,0.99996,0.99996,0.99996,1,0.99989,0.99989,0.99989,1
1344,amphetamine,correct drug name,IN,low,single,1344,0,amphetamine,amphetamine,amphetamine,IN,low,5.51e-06,5.51e-06,5.51e-06,0,0.25672695,0.25672695,0.25672695,0,0.0,0.0,0.0,0,0.00032,0.00032,0.00032,0,0.00106,0.00106,0.00106,0
1345,gliperamide,mispelled drug name,IN,low,single,1345,1,gliperamide,gliperamide,gliperamide,IN,low,0.00301976,0.00301976,0.00301976,0,0.70772719,0.70772719,0.70772719,1,1.0,2.0,0.5,1,0.48462,0.48462,0.48462,0,0.27863,0.27863,0.27863,0
1346,OSCAL-500-200MG,correct drug name,BN,low,single,1346,0,OSCAL-500-200MG,OSCAL-500-200MG,oscal-500-200mg,BN,low,1.46e-06,1.46e-06,1.46e-06,0,0.70772719,0.70772719,0.70772719,1,1.0,0.0,0.0,1,0.00064,0.00064,0.00064,0,0.01123,0.01123,0.01123,0
1347,Zmax,correct drug name,BN,low,single,1347,0,Zmax,Zmax,zmax,BN,low,8e-06,8e-06,8e-06,0,0.2945123,0.2945123,0.2945123,0,0.0,0.0,0.0,0,0.00495,0.00495,0.00495,0,0.03074,0.03074,0.03074,0
1348,Marenol,mispelled drug name,BN,low,single,1348,1,Marenol,Marenol,marenol,BN,low,0.00014951,0.00014951,0.00014951,0,0.70772719,0.70772719,0.70772719,1,1.0,2.0,0.5,1,0.34058,0.34058,0.34058,0,0.00185,0.00185,0.00185,0
1349,Betamethazone,mispelled drug name,IN,low,single,1349,1,Betamethazone,Betamethazone,betamethazone,IN,low,0.00148067,0.00148067,0.00148067,0,0.24611399,0.24611399,0.24611399,0,1.0,2.0,0.5,1,0.00042,0.00042,0.00042,0,0.00443,0.00443,0.00443,0
1350,PepZinGI,correct drug name,BN,low,single,1350,0,PepZinGI,PepZinGI,pepzingi,BN,low,0.95568705,0.95568705,0.95568705,1,0.70772719,0.70772719,0.70772719,1,1.0,4.0,1.0,1,0.99151,0.99151,0.99151,1,0.99934,0.99934,0.99934,1
1351,Stagesic,correct drug name,BN,low,single,1351,0,Stagesic,Stagesic,stagesic,BN,low,6.26e-06,6.26e-06,6.26e-06,0,0.70772719,0.70772719,0.70772719,1,0.0,0.0,0.0,0,0.0005,0.0005,0.0005,0,0.00049,0.00049,0.00049,0
1352,hydrocortisone-nystatin-zinc,correct drug name,IN,low,single,1352,0,hydrocortisone-nystatin-zinc,hydrocortisone-nystatin-zinc,hydrocortisone-nystatin-zinc,IN,low,8.72e-06,8.72e-06,8.72e-06,0,0.70772719,0.70772719,0.70772719,1,1.0,0.0,0.0,1,0.00364,0.00364,0.00364,0,0.03313,0.03313,0.03313,0
1353,oxycodone-acetaminophen),mispelled drug name,IN,low,single,1353,1,oxycodone-acetaminophen),oxycodone-acetaminophen),oxycodone-acetaminophen),IN,low,0.00498203,0.00498203,0.00498203,0,0.70772719,0.70772719,0.70772719,1,1.0,0.0,0.0,1,0.42426,0.42426,0.42426,0,0.00848,0.00848,0.00848,0
1354,metolaone,mispelled drug name,IN,low,single,1354,1,metolaone,metolaone,metolaone,IN,low,0.99999928,0.99999928,0.99999928,1,0.21173875,0.21173875,0.21173875,0,1.0,1.0,0.25,1,0.99993,0.99993,0.99993,1,0.99966,0.99966,0.99966,1
1355,HYDROCHOROTHLAZIDE,mispelled drug name,IN,low,single,1355,1,HYDROCHOROTHLAZIDE,HYDROCHOROTHLAZIDE,hydrochorothlazide,IN,low,0.00037135,0.00037135,0.00037135,0,0.70772719,0.70772719,0.70772719,1,1.0,19.0,1.0,1,0.9988,0.9988,0.9988,1,0.9999,0.9999,0.9999,1
1356,Prena1,correct drug name,BN,low,single,1356,0,Prena1,Prena1,prena1,BN,low,0.000451,0.000451,0.000451,0,0.70772719,0.70772719,0.70772719,1,0.0,0.0,0.0,0,0.00305,0.00305,0.00305,0,0.00229,0.00229,0.00229,0
1357,(timolol),correct drug name,IN,low,single,1357,0,(timolol),(timolol),(timolol),IN,low,2.87e-06,2.87e-06,2.87e-06,0,0.70772719,0.70772719,0.70772719,1,1.0,2.0,0.5,1,0.25424,0.25424,0.25424,0,0.94288,0.94288,0.94288,1
1358,Mulivitamins,mispelled drug name,IN,low,single,1358,1,Mulivitamins,Mulivitamins,mulivitamins,IN,low,0.20335113,0.20335113,0.20335113,1,0.70772719,0.70772719,0.70772719,1,1.0,2.0,0.5,1,0.99989,0.99989,0.99989,1,0.99902,0.99902,0.99902,1
1359,Zanax,mispelled drug name,BN,low,single,1359,1,Zanax,Zanax,zanax,BN,low,2.78e-06,2.78e-06,2.78e-06,0,0.49208266,0.49208266,0.49208266,1,1.0,1.0,0.25,1,0.68016,0.68016,0.68016,1,0.93657,0.93657,0.93657,1
1360,Co-Q100,correct drug name,BN,low,single,1360,0,Co-Q100,Co-Q100,co-q100,BN,low,0.91592169,0.91592169,0.91592169,1,0.70772719,0.70772719,0.70772719,1,1.0,3.0,0.75,1,0.95559,0.95559,0.95559,1,0.9998,0.9998,0.9998,1
1361,Methoclopramide,mispelled drug name,IN,low,single,1361,1,Methoclopramide,Methoclopramide,methoclopramide,IN,low,4.817e-05,4.817e-05,4.817e-05,0,0.14822923,0.14822923,0.14822923,0,1.0,2.0,0.5,1,0.1111,0.1111,0.1111,0,0.99848,0.99848,0.99848,1
1362,zinc/lidocaine/mylanta,correct drug name,"BN,IN",low,single,1362,0,zinc/lidocaine/mylanta,zinc/lidocaine/mylanta,zinc/lidocaine/mylanta,"BN, IN",low,0.9999994,0.9999994,0.9999994,1,0.70772719,0.70772719,0.70772719,1,1.0,0.0,0.0,1,0.00075,0.00075,0.00075,0,0.00057,0.00057,0.00057,0
1363,Phenylephrine-Chlorphen-DM,correct short drug name,"BN,IN",low,single,1363,0,Phenylephrine-Chlorphen-DM,Phenylephrine-Chlorphen-DM,phenylephrine-chlorphen-dm,"BN, IN",low,0.95619422,0.95619422,0.95619422,1,0.70772719,0.70772719,0.70772719,1,1.0,0.0,0.0,1,0.00205,0.00205,0.00205,0,0.00068,0.00068,0.00068,0
1364,Scytera,correct drug name,BN,low,single,1364,0,Scytera,Scytera,scytera,BN,low,4.62e-06,4.62e-06,4.62e-06,0,0.70772719,0.70772719,0.70772719,1,0.0,0.0,0.0,0,0.99935,0.99935,0.99935,1,0.99957,0.99957,0.99957,1
1365,rinse,correct non-drug name,IN,low,single,1365,0,rinse,rinse,rinse,IN,low,3.068e-05,3.068e-05,3.068e-05,0,0.41994518,0.41994518,0.41994518,1,0.0,0.0,0.0,0,0.00118,0.00118,0.00118,0,0.00036,0.00036,0.00036,0
1366,heratonin,mispelled drug name,BN,low,single,1366,1,heratonin,heratonin,heratonin,BN,low,0.99999702,0.99999702,0.99999702,1,0.70772719,0.70772719,0.70772719,1,1.0,2.0,0.5,1,0.9999,0.9999,0.9999,1,0.99909,0.99909,0.99909,1
1367,"L.acidophilus,paracasei,B.lactis",correct drug name,IN,low,single,1367,0,"L.acidophilus,paracasei,B.lactis","L.acidophilus,paracasei,B.lactis","l.acidophilus,paracasei,b.lactis",IN,low,0.99961782,0.99961782,0.99961782,1,0.70772719,0.70772719,0.70772719,1,1.0,0.0,0.0,1,0.00908,0.00908,0.00908,0,0.00401,0.00401,0.00401,0
1368,ipratropium/abuterol,mispelled drug name,IN,low,single,1368,1,ipratropium/abuterol,ipratropium/abuterol,ipratropium/abuterol,IN,low,0.71878135,0.71878135,0.71878135,1,0.70772719,0.70772719,0.70772719,1,1.0,0.0,0.0,1,0.99991,0.99991,0.99991,1,0.98367,0.98367,0.98367,1
1369,pizanidine,mispelled drug name,IN,low,single,1369,1,pizanidine,pizanidine,pizanidine,IN,low,0.00012003,0.00012003,0.00012003,0,0.70772719,0.70772719,0.70772719,1,1.0,1.0,0.25,1,0.00285,0.00285,0.00285,0,0.00052,0.00052,0.00052,0
1370,guglipid/bioperine,mispelled drug name,BN,low,single,1370,1,guglipid/bioperine,guglipid/bioperine,guglipid/bioperine,BN,low,0.73015797,0.73015797,0.73015797,1,0.70772719,0.70772719,0.70772719,1,1.0,0.0,0.0,1,0.99989,0.99989,0.99989,1,0.99267,0.99267,0.99267,1
1371,Levulan,correct drug name,BN,low,single,1371,0,Levulan,Levulan,levulan,BN,low,0.99545926,0.99545926,0.99545926,1,0.24695823,0.24695823,0.24695823,0,0.0,0.0,0.0,0,0.00727,0.00727,0.00727,0,0.01199,0.01199,0.01199,0
1372,Lidocaine-Capsaicin,correct drug name,IN,low,single,1372,0,Lidocaine-Capsaicin,Lidocaine-Capsaicin,lidocaine-capsaicin,IN,low,0.97477621,0.97477621,0.97477621,1,0.70772719,0.70772719,0.70772719,1,1.0,0.0,0.0,1,0.00108,0.00108,0.00108,0,0.00025,0.00025,0.00025,0
1373,Iosat,correct drug name,BN,low,single,1373,0,Iosat,Iosat,iosat,BN,low,0.98552805,0.98552805,0.98552805,1,0.70772719,0.70772719,0.70772719,1,1.0,2.0,0.5,1,0.99989,0.99989,0.99989,1,0.99939,0.99939,0.99939,1
1374,Coumindin,mispelled drug name,BN,low,single,1374,1,Coumindin,Coumindin,coumindin,BN,low,0.99999952,0.99999952,0.99999952,1,0.70772719,0.70772719,0.70772719,1,1.0,3.0,0.75,1,0.99982,0.99982,0.99982,1,0.99899,0.99899,0.99899,1
1375,Mynatal,correct drug name,BN,low,single,1375,0,Mynatal,Mynatal,mynatal,BN,low,0.00208931,0.00208931,0.00208931,0,0.70772719,0.70772719,0.70772719,1,0.0,0.0,0.0,0,0.00053,0.00053,0.00053,0,0.0004,0.0004,0.0004,0
1376,PENLCAC,mispelled drug name,BN,low,single,1376,1,PENLCAC,PENLCAC,penlcac,BN,low,6.9e-07,6.9e-07,6.9e-07,0,0.70772719,0.70772719,0.70772719,1,1.0,7.0,1.0,1,0.99896,0.99896,0.99896,1,0.99951,0.99951,0.99951,1
1377,Brainol,correct drug name,BN,low,single,1377,0,Brainol,Brainol,brainol,BN,low,0.00097371,0.00097371,0.00097371,0,0.70772719,0.70772719,0.70772719,1,1.0,3.0,0.75,1,0.00308,0.00308,0.00308,0,0.99956,0.99956,0.99956,1
1378,dapto,mispelled drug name,IN,low,single,1378,1,dapto,dapto,dapto,IN,low,0.52351731,0.52351731,0.52351731,1,0.18862638,0.18862638,0.18862638,0,1.0,1.0,0.25,1,0.00453,0.00453,0.00453,0,0.00055,0.00055,0.00055,0
1379,peircolace,mispelled drug name,BN,low,single,1379,1,peircolace,peircolace,peircolace,BN,low,0.9999994,0.9999994,0.9999994,1,0.70772719,0.70772719,0.70772719,1,1.0,2.0,0.5,1,0.99996,0.99996,0.99996,1,0.99956,0.99956,0.99956,1
1380,ambogieo,not sure,,low,single,1380,1,ambogieo,ambogieo,ambogieo,nan,low,0.99999964,0.99999964,0.99999964,1,0.70772719,0.70772719,0.70772719,1,1.0,0.0,0.0,1,0.99995,0.99995,0.99995,1,0.99897,0.99897,0.99897,1
1381,acetazoleamide,mispelled drug name,IN,low,single,1381,1,acetazoleamide,acetazoleamide,acetazoleamide,IN,low,3.09e-06,3.09e-06,3.09e-06,0,0.17833824,0.17833824,0.17833824,0,1.0,1.0,0.25,1,0.00181,0.00181,0.00181,0,0.79987,0.79987,0.79987,1
1382,Bumetamide,mispelled drug name,IN,low,single,1382,1,Bumetamide,Bumetamide,bumetamide,IN,low,0.15388082,0.15388082,0.15388082,0,0.15419281,0.15419281,0.15419281,0,1.0,2.0,0.5,1,0.00476,0.00476,0.00476,0,0.19738,0.19738,0.19738,0
1383,Nirmatrelvir/ritonavir,correct drug name,IN,low,single,1383,0,Nirmatrelvir/ritonavir,Nirmatrelvir/ritonavir,nirmatrelvir/ritonavir,IN,low,0.00180574,0.00180574,0.00180574,0,0.70772719,0.70772719,0.70772719,1,1.0,0.0,0.0,1,0.00115,0.00115,0.00115,0,0.00323,0.00323,0.00323,0
1384,Hydrocodone/ASPA,correct short drug name,IN,low,single,1384,0,Hydrocodone/ASPA,Hydrocodone/ASPA,hydrocodone/aspa,IN,low,0.9999752,0.9999752,0.9999752,1,0.70772719,0.70772719,0.70772719,1,1.0,0.0,0.0,1,0.99267,0.99267,0.99267,1,0.9871,0.9871,0.9871,1
1385,Piperaillin-tazobactam,mispelled drug name,BN,low,single,1385,1,Piperaillin-tazobactam,Piperaillin-tazobactam,piperaillin-tazobactam,BN,low,0.99832565,0.99832565,0.99832565,1,0.70772719,0.70772719,0.70772719,1,1.0,2.0,0.5,1,0.99993,0.99993,0.99993,1,0.9999,0.9999,0.9999,1
1386,Med-omega,correct drug name,BN,low,single,1386,0,Med-omega,Med-omega,med-omega,BN,low,0.0117528,0.0117528,0.0117528,0,0.70772719,0.70772719,0.70772719,1,1.0,2.0,0.5,1,0.00084,0.00084,0.00084,0,0.00061,0.00061,0.00061,0
1387,systane1-cap/areds2,mispelled drug name,"BN,IN",low,single,1387,1,systane1-cap/areds2,systane1-cap/areds2,systane1-cap/areds2,"BN, IN",low,0.99998593,0.99998593,0.99998593,1,0.70772719,0.70772719,0.70772719,1,1.0,0.0,0.0,1,0.99825,0.99825,0.99825,1,0.96842,0.96842,0.96842,1
1388,cephlaxen,mispelled drug name,IN,low,single,1388,1,cephlaxen,cephlaxen,cephlaxen,IN,low,0.99999988,0.99999988,0.99999988,1,0.70772719,0.70772719,0.70772719,1,1.0,0.0,0.0,1,0.99862,0.99862,0.99862,1,0.99972,0.99972,0.99972,1
1389,tambulosin,mispelled drug name,IN,low,single,1389,1,tambulosin,tambulosin,tambulosin,IN,low,0.0009573,0.0009573,0.0009573,0,0.70772719,0.70772719,0.70772719,1,1.0,1.0,0.25,1,0.68416,0.68416,0.68416,1,0.98936,0.98936,0.98936,1
1390,Solidago,not sure,IN,low,single,1390,1,Solidago,Solidago,solidago,IN,low,4.166e-05,4.166e-05,4.166e-05,0,0.50958228,0.50958228,0.50958228,1,0.0,0.0,0.0,0,0.00082,0.00082,0.00082,0,0.00033,0.00033,0.00033,0
1391,torador,mispelled drug name,BN,low,single,1391,1,torador,torador,torador,BN,low,9.89e-06,9.89e-06,9.89e-06,0,0.70772719,0.70772719,0.70772719,1,1.0,1.0,0.25,1,0.97633,0.97633,0.97633,1,0.99978,0.99978,0.99978,1
1392,Dolotranz,correct drug name,BN,low,single,1392,0,Dolotranz,Dolotranz,dolotranz,BN,low,5.81e-06,5.81e-06,5.81e-06,0,0.70772719,0.70772719,0.70772719,1,1.0,0.0,0.0,1,0.99995,0.99995,0.99995,1,0.9998,0.9998,0.9998,1
1393,gavision,mispelled drug name,BN,low,single,1393,1,gavision,gavision,gavision,BN,low,0.00154406,0.00154406,0.00154406,0,0.70772719,0.70772719,0.70772719,1,1.0,1.0,0.25,1,0.00841,0.00841,0.00841,0,0.99984,0.99984,0.99984,1
1394,Flowtuss,correct drug name,BN,low,single,1394,0,Flowtuss,Flowtuss,flowtuss,BN,low,0.45450944,0.45450944,0.45450944,1,0.70772719,0.70772719,0.70772719,1,0.0,0.0,0.0,0,0.0002,0.0002,0.0002,0,0.00209,0.00209,0.00209,0
1395,Hydroxyine(visteral),mispelled drug name,"BN,IN",low,single,1395,1,Hydroxyine(visteral),Hydroxyine(visteral),hydroxyine(visteral),"BN, IN",low,0.99999928,0.99999928,0.99999928,1,0.70772719,0.70772719,0.70772719,1,1.0,0.0,0.0,1,0.99974,0.99974,0.99974,1,0.98825,0.98825,0.98825,1
1396,nystatin-zinc-hydrocortisone,correct drug name,IN,low,single,1396,0,nystatin-zinc-hydrocortisone,nystatin-zinc-hydrocortisone,nystatin-zinc-hydrocortisone,IN,low,8.92e-06,8.92e-06,8.92e-06,0,0.70772719,0.70772719,0.70772719,1,1.0,0.0,0.0,1,0.00463,0.00463,0.00463,0,0.00051,0.00051,0.00051,0
1397,Mucilin,correct drug name,BN,low,single,1397,0,Mucilin,Mucilin,mucilin,BN,low,0.99906927,0.99906927,0.99906927,1,0.70772719,0.70772719,0.70772719,1,0.0,0.0,0.0,0,0.08743,0.08743,0.08743,0,0.00038,0.00038,0.00038,0
1398,Levocitizirine,mispelled drug name,IN,low,single,1398,1,Levocitizirine,Levocitizirine,levocitizirine,IN,low,0.99999964,0.99999964,0.99999964,1,0.70772719,0.70772719,0.70772719,1,1.0,0.0,0.0,1,0.99997,0.99997,0.99997,1,0.99549,0.99549,0.99549,1
1399,ipratropium0.5-albuterol3mg,mispelled drug name,IN,low,single,1399,1,ipratropium0.5-albuterol3mg,ipratropium0.5-albuterol3mg,ipratropium0.5-albuterol3mg,IN,low,0.99993908,0.99993908,0.99993908,1,0.70772719,0.70772719,0.70772719,1,1.0,0.0,0.0,1,0.9998,0.9998,0.9998,1,0.99989,0.99989,0.99989,1
1400,bnmonidine,mispelled drug name,IN,low,single,1400,1,bnmonidine,bnmonidine,bnmonidine,IN,low,0.99999976,0.99999976,0.99999976,1,0.70772719,0.70772719,0.70772719,1,1.0,2.0,0.5,1,0.99997,0.99997,0.99997,1,0.99248,0.99248,0.99248,1
1401,atoprine,mispelled drug name,IN,low,single,1401,1,atoprine,atoprine,atoprine,IN,low,0.00010134,0.00010134,0.00010134,0,0.70772719,0.70772719,0.70772719,1,1.0,2.0,0.5,1,0.99974,0.99974,0.99974,1,0.99973,0.99973,0.99973,1
1402,Multitrace-4,correct drug name,BN,low,single,1402,0,Multitrace-4,Multitrace-4,multitrace-4,BN,low,0.00023951,0.00023951,0.00023951,0,0.70772719,0.70772719,0.70772719,1,0.0,0.0,0.0,0,0.00025,0.00025,0.00025,0,0.001,0.001,0.001,0
1403,Dyclonine-Glycerin,correct drug name,IN,low,single,1403,0,Dyclonine-Glycerin,Dyclonine-Glycerin,dyclonine-glycerin,IN,low,0.09429115,0.09429115,0.09429115,0,0.70772719,0.70772719,0.70772719,1,1.0,0.0,0.0,1,0.0028,0.0028,0.0028,0,0.00677,0.00677,0.00677,0
1404,magnesium-zink,mispelled drug name,IN,low,single,1404,1,magnesium-zink,magnesium-zink,magnesium-zink,IN,low,0.00011178,0.00011178,0.00011178,0,0.70772719,0.70772719,0.70772719,1,1.0,0.0,0.0,1,0.97487,0.97487,0.97487,1,0.99895,0.99895,0.99895,1
1405,declofen,mispelled drug name,IN,low,single,1405,1,declofen,declofen,declofen,IN,low,0.93694037,0.93694037,0.93694037,1,0.70772719,0.70772719,0.70772719,1,1.0,2.0,0.5,1,0.98612,0.98612,0.98612,1,0.00286,0.00286,0.00286,0
1406,nitrogycerin,mispelled drug name,IN,low,single,1406,1,nitrogycerin,nitrogycerin,nitrogycerin,IN,low,0.9999758,0.9999758,0.9999758,1,0.34275445,0.34275445,0.34275445,0,1.0,1.0,0.25,1,0.99996,0.99996,0.99996,1,0.02143,0.02143,0.02143,0
1407,Fluticasone-Salm,correct short drug name,IN,low,single,1407,0,Fluticasone-Salm,Fluticasone-Salm,fluticasone-salm,IN,low,0.98843431,0.98843431,0.98843431,1,0.70772719,0.70772719,0.70772719,1,1.0,0.0,0.0,1,0.00369,0.00369,0.00369,0,0.99921,0.99921,0.99921,1
1408,acetaminophen-caffeine-pyrilamine,correct drug name,IN,low,single,1408,0,acetaminophen-caffeine-pyrilamine,acetaminophen-caffeine-pyrilamine,acetaminophen-caffeine-pyrilamine,IN,low,0.0001902,0.0001902,0.0001902,0,0.70772719,0.70772719,0.70772719,1,1.0,0.0,0.0,1,0.00612,0.00612,0.00612,0,0.00029,0.00029,0.00029,0
1409,recula,mispelled drug name,BN,low,single,1409,1,recula,recula,recula,BN,low,3.72e-06,3.72e-06,3.72e-06,0,0.63413787,0.63413787,0.63413787,1,1.0,1.0,0.25,1,0.99967,0.99967,0.99967,1,0.99935,0.99935,0.99935,1
1410,foltran,mispelled drug name,BN,low,single,1410,1,foltran,foltran,foltran,BN,low,1.88e-06,1.88e-06,1.88e-06,0,0.70772719,0.70772719,0.70772719,1,1.0,1.0,0.25,1,0.00282,0.00282,0.00282,0,0.00062,0.00062,0.00062,0
1411,K-Dura,mispelled drug name,BN,low,single,1411,1,K-Dura,K-Dura,k-dura,BN,low,0.00073285,0.00073285,0.00073285,0,0.70772719,0.70772719,0.70772719,1,1.0,3.0,0.75,1,0.00066,0.00066,0.00066,0,0.01629,0.01629,0.01629,0
1412,Triamtrene/HCTZ,mispelled drug name,IN,low,single,1412,1,Triamtrene/HCTZ,Triamtrene/HCTZ,triamtrene/hctz,IN,low,0.99994051,0.99994051,0.99994051,1,0.70772719,0.70772719,0.70772719,1,1.0,0.0,0.0,1,0.9969,0.9969,0.9969,1,0.99977,0.99977,0.99977,1
1413,santyl+adaptic+dakins,correct drug name,BN,low,single,1413,0,santyl+adaptic+dakins,santyl+adaptic+dakins,santyl+adaptic+dakins,BN,low,0.00572871,0.00572871,0.00572871,0,0.70772719,0.70772719,0.70772719,1,1.0,0.0,0.0,1,0.41124,0.41124,0.41124,0,0.00031,0.00031,0.00031,0
1414,tl-895-202,not sure,IN,low,single,1414,1,tl-895-202,tl-895-202,tl-895-202,IN,low,2.95e-06,2.95e-06,2.95e-06,0,0.70772719,0.70772719,0.70772719,1,1.0,0.0,0.0,1,0.97996,0.97996,0.97996,1,0.46633,0.46633,0.46633,0
1415,Breo-ellipta,correct drug name,BN,low,single,1415,0,Breo-ellipta,Breo-ellipta,breo-ellipta,BN,low,6.591e-05,6.591e-05,6.591e-05,0,0.70772719,0.70772719,0.70772719,1,1.0,0.0,0.0,1,0.99964,0.99964,0.99964,1,0.99946,0.99946,0.99946,1
1416,arginine-glutamine-calcium,correct drug name,IN,low,single,1416,0,arginine-glutamine-calcium,arginine-glutamine-calcium,arginine-glutamine-calcium,IN,low,0.00025317,0.00025317,0.00025317,0,0.38147619,0.38147619,0.38147619,0,1.0,0.0,0.0,1,0.00065,0.00065,0.00065,0,0.00037,0.00037,0.00037,0
1417,dailyvite,mispelled drug name,BN,low,single,1417,1,dailyvite,dailyvite,dailyvite,BN,low,0.72493035,0.72493035,0.72493035,1,0.70772719,0.70772719,0.70772719,1,1.0,2.0,0.5,1,0.03135,0.03135,0.03135,0,0.99984,0.99984,0.99984,1
1418,Citracal+D,correct drug name,BN,low,single,1418,0,Citracal+D,Citracal+D,citracal+d,BN,low,0.00018252,0.00018252,0.00018252,0,0.22544926,0.22544926,0.22544926,0,1.0,3.0,0.75,1,0.02549,0.02549,0.02549,0,0.00343,0.00343,0.00343,0
1419,NYSTATIN/TRIAMCINOLONE,correct drug name,IN,low,single,1419,0,NYSTATIN/TRIAMCINOLONE,NYSTATIN/TRIAMCINOLONE,nystatin/triamcinolone,IN,low,2e-06,2e-06,2e-06,0,0.27000824,0.27000824,0.27000824,0,1.0,22.0,1.0,1,0.00043,0.00043,0.00043,0,0.00065,0.00065,0.00065,0
1420,asmenex,mispelled drug name,BN,low,single,1420,1,asmenex,asmenex,asmenex,BN,low,0.99791151,0.99791151,0.99791151,1,0.70772719,0.70772719,0.70772719,1,1.0,1.0,0.25,1,0.99974,0.99974,0.99974,1,0.9752,0.9752,0.9752,1
1421,flaxseeds,correct drug name,IN,low,single,1421,0,flaxseeds,flaxseeds,flaxseeds,IN,low,0.23216572,0.23216572,0.23216572,1,0.26397175,0.26397175,0.26397175,0,0.0,0.0,0.0,0,0.00026,0.00026,0.00026,0,0.00039,0.00039,0.00039,0
1422,entospletinib,correct drug name,IN,low,single,1422,0,entospletinib,entospletinib,entospletinib,IN,low,2.4e-05,2.4e-05,2.4e-05,0,0.10081989,0.10081989,0.10081989,0,1.0,0.0,0.0,1,0.99757,0.99757,0.99757,1,0.9971,0.9971,0.9971,1
1423,per-colace/senokot-s,mispelled drug name,BN,low,single,1423,1,per-colace/senokot-s,per-colace/senokot-s,per-colace/senokot-s,BN,low,8.837e-05,8.837e-05,8.837e-05,0,0.70772719,0.70772719,0.70772719,1,1.0,0.0,0.0,1,0.99976,0.99976,0.99976,1,0.99967,0.99967,0.99967,1
1424,Magblue,correct drug name,BN,low,single,1424,0,Magblue,Magblue,magblue,BN,low,0.99985528,0.99985528,0.99985528,1,0.70772719,0.70772719,0.70772719,1,1.0,3.0,0.75,1,0.0013,0.0013,0.0013,0,0.99844,0.99844,0.99844,1
1425,ipatropium-bromide,mispelled drug name,IN,low,single,1425,1,ipatropium-bromide,ipatropium-bromide,ipatropium-bromide,IN,low,0.20330606,0.20330606,0.20330606,1,0.70772719,0.70772719,0.70772719,1,1.0,0.0,0.0,1,0.84164,0.84164,0.84164,1,0.99946,0.99946,0.99946,1
1426,Topexe,mispelled drug name,BN,low,single,1426,1,Topexe,Topexe,topexe,BN,low,0.9999994,0.9999994,0.9999994,1,0.70772719,0.70772719,0.70772719,1,1.0,2.0,0.5,1,0.99891,0.99891,0.99891,1,0.99987,0.99987,0.99987,1
1427,Phos/potasssiun/sod,mispelled drug name,IN,low,single,1427,1,Phos/potasssiun/sod,Phos/potasssiun/sod,phos/potasssiun/sod,IN,low,0.99999988,0.99999988,0.99999988,1,0.70772719,0.70772719,0.70772719,1,1.0,0.0,0.0,1,0.99996,0.99996,0.99996,1,0.9999,0.9999,0.9999,1
1428,Lacto-Acido,correct short drug name,IN,low,single,1428,0,Lacto-Acido,Lacto-Acido,lacto-acido,IN,low,0.99999964,0.99999964,0.99999964,1,0.70772719,0.70772719,0.70772719,1,1.0,0.0,0.0,1,0.99996,0.99996,0.99996,1,0.00246,0.00246,0.00246,0
1429,floricef,mispelled drug name,BN,low,single,1429,1,floricef,floricef,floricef,BN,low,7.28e-06,7.28e-06,7.28e-06,0,0.34189302,0.34189302,0.34189302,0,1.0,1.0,0.25,1,0.00249,0.00249,0.00249,0,0.03323,0.03323,0.03323,0
1430,hydrochlorothiazide-lorsartan,mispelled drug name,BN,low,single,1430,1,hydrochlorothiazide-lorsartan,hydrochlorothiazide-lorsartan,hydrochlorothiazide-lorsartan,BN,low,0.75456995,0.75456995,0.75456995,1,0.70772719,0.70772719,0.70772719,1,1.0,0.0,0.0,1,0.99959,0.99959,0.99959,1,0.00046,0.00046,0.00046,0
1431,glucometer,correct non-drug name,,low,single,1431,0,glucometer,glucometer,glucometer,nan,low,2.009e-05,2.009e-05,2.009e-05,0,0.59663898,0.59663898,0.59663898,1,1.0,0.0,0.0,1,0.00027,0.00027,0.00027,0,0.00055,0.00055,0.00055,0
1432,cytozyme-AD,correct drug name,BN,low,single,1432,0,cytozyme-AD,cytozyme-AD,cytozyme-ad,BN,low,7.87e-06,7.87e-06,7.87e-06,0,0.70772719,0.70772719,0.70772719,1,1.0,0.0,0.0,1,0.66741,0.66741,0.66741,1,0.95297,0.95297,0.95297,1
1433,vitactive,correct drug name,BN,low,single,1433,0,vitactive,vitactive,vitactive,BN,low,4.44e-06,4.44e-06,4.44e-06,0,0.70772719,0.70772719,0.70772719,1,1.0,2.0,0.5,1,0.99995,0.99995,0.99995,1,0.00304,0.00304,0.00304,0
1434,Tobrasol,correct drug name,BN,low,single,1434,0,Tobrasol,Tobrasol,tobrasol,BN,low,2.43e-05,2.43e-05,2.43e-05,0,0.70772719,0.70772719,0.70772719,1,0.0,0.0,0.0,0,0.00046,0.00046,0.00046,0,0.02225,0.02225,0.02225,0
1435,MVI+mins,correct short drug name,IN,low,single,1435,0,MVI+mins,MVI+mins,mvi+mins,IN,low,0.04414776,0.04414776,0.04414776,0,0.70772719,0.70772719,0.70772719,1,1.0,0.0,0.0,1,0.01459,0.01459,0.01459,0,0.01426,0.01426,0.01426,0
1436,nizoral/zinc/westcort,correct drug name,"BN,IN",low,single,1436,0,nizoral/zinc/westcort,nizoral/zinc/westcort,nizoral/zinc/westcort,"BN, IN",low,0.99822646,0.99822646,0.99822646,1,0.70772719,0.70772719,0.70772719,1,1.0,0.0,0.0,1,0.00131,0.00131,0.00131,0,0.04487,0.04487,0.04487,0
1437,Ugora,mispelled drug name,BN,low,single,1437,1,Ugora,Ugora,ugora,BN,low,0.99999857,0.99999857,0.99999857,1,0.70772719,0.70772719,0.70772719,1,1.0,1.0,0.25,1,0.99994,0.99994,0.99994,1,0.99983,0.99983,0.99983,1
1438,topotecan,correct drug name,IN,low,single,1438,0,topotecan,topotecan,topotecan,IN,low,7.02e-06,7.02e-06,7.02e-06,0,0.07379092,0.07379092,0.07379092,0,0.0,0.0,0.0,0,0.00185,0.00185,0.00185,0,0.00036,0.00036,0.00036,0
1439,Methypredinisolone,mispelled drug name,IN,low,single,1439,1,Methypredinisolone,Methypredinisolone,methypredinisolone,IN,low,0.30176115,0.30176115,0.30176115,1,0.70772719,0.70772719,0.70772719,1,1.0,3.0,0.75,1,0.99805,0.99805,0.99805,1,0.14719,0.14719,0.14719,0
1440,caridopa-levo,mispelled drug name,BN,low,single,1440,1,caridopa-levo,caridopa-levo,caridopa-levo,BN,low,0.3964127,0.3964127,0.3964127,1,0.70772719,0.70772719,0.70772719,1,1.0,0.0,0.0,1,0.99868,0.99868,0.99868,1,0.97429,0.97429,0.97429,1
1441,Zembright,correct drug name,BN,low,single,1441,0,Zembright,Zembright,zembright,BN,low,1.85e-06,1.85e-06,1.85e-06,0,0.70772719,0.70772719,0.70772719,1,1.0,0.0,0.0,1,0.99078,0.99078,0.99078,1,0.99989,0.99989,0.99989,1
1442,micanozil,mispelled drug name,IN,low,single,1442,1,micanozil,micanozil,micanozil,IN,low,0.70639473,0.70639473,0.70639473,1,0.70772719,0.70772719,0.70772719,1,1.0,2.0,0.5,1,0.35875,0.35875,0.35875,0,0.87082,0.87082,0.87082,1
1443,k-chloride,correct short drug name,IN,low,single,1443,0,k-chloride,k-chloride,k-chloride,IN,low,2.877e-05,2.877e-05,2.877e-05,0,0.58865225,0.58865225,0.58865225,1,1.0,2.0,0.5,1,0.01021,0.01021,0.01021,0,0.78966,0.78966,0.78966,1
1444,DermaVantage,correct drug name,BN,low,single,1444,0,DermaVantage,DermaVantage,dermavantage,BN,low,0.99784803,0.99784803,0.99784803,1,0.70772719,0.70772719,0.70772719,1,0.0,0.0,0.0,0,0.00062,0.00062,0.00062,0,0.03141,0.03141,0.03141,0
1445,tobamycin,mispelled drug name,IN,low,single,1445,1,tobamycin,tobamycin,tobamycin,IN,low,5.33e-06,5.33e-06,5.33e-06,0,0.70772719,0.70772719,0.70772719,1,1.0,1.0,0.25,1,0.99905,0.99905,0.99905,1,0.99886,0.99886,0.99886,1
1446,Suresite,correct drug name,BN,low,single,1446,0,Suresite,Suresite,suresite,BN,low,9.471e-05,9.471e-05,9.471e-05,0,0.34143415,0.34143415,0.34143415,0,1.0,3.0,0.75,1,0.00068,0.00068,0.00068,0,0.99982,0.99982,0.99982,1
1447,Cognatol,mispelled drug name,BN,low,single,1447,1,Cognatol,Cognatol,cognatol,BN,low,0.99999511,0.99999511,0.99999511,1,0.70772719,0.70772719,0.70772719,1,1.0,3.0,0.75,1,0.99773,0.99773,0.99773,1,0.00043,0.00043,0.00043,0
1448,4mg,correct non-drug name,,low,single,1448,0,4mg,4mg,4mg,nan,low,0.99999738,0.99999738,0.99999738,1,0.33292681,0.33292681,0.33292681,0,1.0,1.0,0.25,1,0.81825,0.81825,0.81825,1,0.08708,0.08708,0.08708,0
1449,Allergy-Sinus,correct non-drug name,IN,low,single,1449,0,Allergy-Sinus,Allergy-Sinus,allergy-sinus,IN,low,2.814e-05,2.814e-05,2.814e-05,0,0.70772719,0.70772719,0.70772719,1,1.0,0.0,0.0,1,0.00132,0.00132,0.00132,0,0.00092,0.00092,0.00092,0
1450,ultram50,mispelled drug name,BN,low,single,1450,1,ultram50,ultram50,ultram50,BN,low,0.16807775,0.16807775,0.16807775,1,0.70772719,0.70772719,0.70772719,1,1.0,2.0,0.5,1,0.98907,0.98907,0.98907,1,0.99964,0.99964,0.99964,1
1451,Sensorcaine,correct drug name,BN,low,single,1451,0,Sensorcaine,Sensorcaine,sensorcaine,BN,low,0.13356355,0.13356355,0.13356355,0,0.24377562,0.24377562,0.24377562,0,0.0,0.0,0.0,0,0.00035,0.00035,0.00035,0,0.03712,0.03712,0.03712,0
1452,erocalciferol,mispelled drug name,IN,low,single,1452,1,erocalciferol,erocalciferol,erocalciferol,IN,low,3.616e-05,3.616e-05,3.616e-05,0,0.2612046,0.2612046,0.2612046,0,1.0,1.0,0.25,1,0.99474,0.99474,0.99474,1,0.00036,0.00036,0.00036,0
1453,Lisionpril/HCTZ,mispelled drug name,IN,low,single,1453,1,Lisionpril/HCTZ,Lisionpril/HCTZ,lisionpril/hctz,IN,low,0.99999964,0.99999964,0.99999964,1,0.70772719,0.70772719,0.70772719,1,1.0,0.0,0.0,1,0.99991,0.99991,0.99991,1,0.80883,0.80883,0.80883,1
1454,zihromax,mispelled drug name,BN,low,single,1454,1,zihromax,zihromax,zihromax,BN,low,0.99999642,0.99999642,0.99999642,1,0.70772719,0.70772719,0.70772719,1,1.0,1.0,0.25,1,0.99439,0.99439,0.99439,1,0.85003,0.85003,0.85003,1
1455,ilraglutide,mispelled drug name,IN,low,single,1455,1,ilraglutide,ilraglutide,ilraglutide,IN,low,0.9999994,0.9999994,0.9999994,1,0.70772719,0.70772719,0.70772719,1,1.0,2.0,0.5,1,0.99933,0.99933,0.99933,1,0.98403,0.98403,0.98403,1
1456,Nolvadex,correct drug name,BN,low,single,1456,0,Nolvadex,Nolvadex,nolvadex,BN,low,2.098e-05,2.098e-05,2.098e-05,0,0.07864603,0.07864603,0.07864603,0,0.0,0.0,0.0,0,0.00062,0.00062,0.00062,0,0.00051,0.00051,0.00051,0
1457,nystat-znox-aquaph-stoma,correct short drug name,IN,low,single,1457,0,nystat-znox-aquaph-stoma,nystat-znox-aquaph-stoma,nystat-znox-aquaph-stoma,IN,low,0.89429778,0.89429778,0.89429778,1,0.70772719,0.70772719,0.70772719,1,1.0,0.0,0.0,1,0.99214,0.99214,0.99214,1,0.99975,0.99975,0.99975,1
1458,Otiprio,correct drug name,BN,low,single,1458,0,Otiprio,Otiprio,otiprio,BN,low,0.36550382,0.36550382,0.36550382,1,0.09533355,0.09533355,0.09533355,0,0.0,0.0,0.0,0,0.998,0.998,0.998,1,0.9993,0.9993,0.9993,1
1459,Hematest,correct non-drug name,,low,single,1459,0,Hematest,Hematest,hematest,nan,low,1.445e-05,1.445e-05,1.445e-05,0,0.50310355,0.50310355,0.50310355,1,1.0,2.0,0.5,1,0.0213,0.0213,0.0213,0,0.16014,0.16014,0.16014,0
1460,Wabana,not sure,BN,low,single,1460,1,Wabana,Wabana,wabana,BN,low,3.87e-06,3.87e-06,3.87e-06,0,0.70772719,0.70772719,0.70772719,1,1.0,1.0,0.25,1,0.99918,0.99918,0.99918,1,0.99019,0.99019,0.99019,1
1461,Prefest,correct drug name,BN,low,single,1461,0,Prefest,Prefest,prefest,BN,low,0.00743325,0.00743325,0.00743325,0,0.39529139,0.39529139,0.39529139,1,0.0,0.0,0.0,0,0.00372,0.00372,0.00372,0,0.00067,0.00067,0.00067,0
1462,specatazole,mispelled drug name,BN,low,single,1462,1,specatazole,specatazole,specatazole,BN,low,0.00012689,0.00012689,0.00012689,0,0.70772719,0.70772719,0.70772719,1,1.0,0.0,0.0,1,0.99819,0.99819,0.99819,1,0.9963,0.9963,0.9963,1
1463,GLUCOSEMINE-CHORNDROITI,mispelled drug name,IN,low,single,1463,1,GLUCOSEMINE-CHORNDROITI,GLUCOSEMINE-CHORNDROITI,glucosemine-chorndroiti,IN,low,0.75794977,0.75794977,0.75794977,1,0.70772719,0.70772719,0.70772719,1,1.0,0.0,0.0,1,0.99988,0.99988,0.99988,1,0.99987,0.99987,0.99987,1
1464,dextrose-sodium,correct drug name,IN,low,single,1464,0,dextrose-sodium,dextrose-sodium,dextrose-sodium,IN,low,3.43e-06,3.43e-06,3.43e-06,0,0.48345459,0.48345459,0.48345459,1,1.0,0.0,0.0,1,0.00258,0.00258,0.00258,0,0.00037,0.00037,0.00037,0
1465,thrahoney,mispelled drug name,BN,low,single,1465,1,thrahoney,thrahoney,thrahoney,BN,low,0.9998455,0.9998455,0.9998455,1,0.70772719,0.70772719,0.70772719,1,1.0,0.0,0.0,1,0.99995,0.99995,0.99995,1,0.99649,0.99649,0.99649,1
1466,OsteoMD,correct drug name,BN,low,single,1466,0,OsteoMD,OsteoMD,osteomd,BN,low,0.99999249,0.99999249,0.99999249,1,0.70772719,0.70772719,0.70772719,1,1.0,3.0,0.75,1,0.99996,0.99996,0.99996,1,0.06873,0.06873,0.06873,0
1467,valaviclovir,mispelled drug name,IN,low,single,1467,1,valaviclovir,valaviclovir,valaviclovir,IN,low,0.05313956,0.05313956,0.05313956,0,0.70772719,0.70772719,0.70772719,1,1.0,1.0,0.25,1,0.99822,0.99822,0.99822,1,0.17796,0.17796,0.17796,0
1468,carbidopa/Levodapa,mispelled drug name,IN,low,single,1468,1,carbidopa/Levodapa,carbidopa/Levodapa,carbidopa/levodapa,IN,low,0.80954754,0.80954754,0.80954754,1,0.70772719,0.70772719,0.70772719,1,1.0,3.0,0.75,1,0.99956,0.99956,0.99956,1,0.02357,0.02357,0.02357,0
1469,doxyccycline,mispelled drug name,IN,low,single,1469,1,doxyccycline,doxyccycline,doxyccycline,IN,low,2.502e-05,2.502e-05,2.502e-05,0,0.70772719,0.70772719,0.70772719,1,1.0,1.0,0.25,1,0.95669,0.95669,0.95669,1,0.99095,0.99095,0.99095,1
1470,Lacticare,correct drug name,BN,low,single,1470,0,Lacticare,Lacticare,lacticare,BN,low,0.73574406,0.73574406,0.73574406,1,0.70772719,0.70772719,0.70772719,1,1.0,2.0,0.5,1,0.12573,0.12573,0.12573,0,0.27124,0.27124,0.27124,0
1471,Zantac-150mg,correct drug name,BN,low,single,1471,0,Zantac-150mg,Zantac-150mg,zantac-150mg,BN,low,2.225e-05,2.225e-05,2.225e-05,0,0.70772719,0.70772719,0.70772719,1,1.0,0.0,0.0,1,0.00017,0.00017,0.00017,0,0.00076,0.00076,0.00076,0
1472,ativan-bendryl-haldol,mispelled drug name,BN,low,single,1472,1,ativan-bendryl-haldol,ativan-bendryl-haldol,ativan-bendryl-haldol,BN,low,0.99999726,0.99999726,0.99999726,1,0.70772719,0.70772719,0.70772719,1,1.0,0.0,0.0,1,0.0093,0.0093,0.0093,0,0.99987,0.99987,0.99987,1
1473,Multivit.,correct short drug name,IN,low,single,1473,0,Multivit.,Multivit.,multivit.,IN,low,2.58e-06,2.58e-06,2.58e-06,0,0.70772719,0.70772719,0.70772719,1,1.0,2.0,0.5,1,0.00886,0.00886,0.00886,0,0.00042,0.00042,0.00042,0
1474,Inkovana,mispelled drug name,BN,low,single,1474,1,Inkovana,Inkovana,inkovana,BN,low,0.10647163,0.10647163,0.10647163,0,0.70772719,0.70772719,0.70772719,1,1.0,3.0,0.75,1,0.99938,0.99938,0.99938,1,0.61886,0.61886,0.61886,1
1475,acylovoir,mispelled drug name,IN,low,single,1475,1,acylovoir,acylovoir,acylovoir,IN,low,0.99999869,0.99999869,0.99999869,1,0.70772719,0.70772719,0.70772719,1,1.0,2.0,0.5,1,0.99984,0.99984,0.99984,1,0.99503,0.99503,0.99503,1
1476,Nystatin-hydrocortisone-diphenhydramine,correct drug name,IN,low,single,1476,0,Nystatin-hydrocortisone-diphenhydramine,Nystatin-hydrocortisone-diphenhydramine,nystatin-hydrocortisone-diphenhydramine,IN,low,1.118e-05,1.118e-05,1.118e-05,0,0.70772719,0.70772719,0.70772719,1,1.0,0.0,0.0,1,0.00312,0.00312,0.00312,0,0.00056,0.00056,0.00056,0
1477,trimethazone,correct drug name,IN,low,single,1477,0,trimethazone,trimethazone,trimethazone,IN,low,3.149e-05,3.149e-05,3.149e-05,0,0.20432483,0.20432483,0.20432483,0,1.0,2.0,0.5,1,0.00224,0.00224,0.00224,0,0.64113,0.64113,0.64113,1
1478,hydramine,correct drug name,BN,low,single,1478,0,hydramine,hydramine,hydramine,BN,low,1.235e-05,1.235e-05,1.235e-05,0,0.40170839,0.40170839,0.40170839,1,0.0,0.0,0.0,0,0.00134,0.00134,0.00134,0,0.00105,0.00105,0.00105,0
1479,doxycyline/nystatin/lidocaine/diphenhydramine,mispelled drug name,IN,low,single,1479,1,doxycyline/nystatin/lidocaine/diphenhydramine,doxycyline/nystatin/lidocaine/diphenhydramine,doxycyline/nystatin/lidocaine/diphenhydramine,IN,low,0.9992187,0.9992187,0.9992187,1,0.70772719,0.70772719,0.70772719,1,1.0,0.0,0.0,1,0.9963,0.9963,0.9963,1,0.99986,0.99986,0.99986,1
1480,hawthorne,correct drug name,BN,low,single,1480,0,hawthorne,hawthorne,hawthorne,BN,low,0.99995816,0.99995816,0.99995816,1,0.36681768,0.36681768,0.36681768,0,0.0,0.0,0.0,0,0.00296,0.00296,0.00296,0,0.00189,0.00189,0.00189,0
1481,rosusvastatin,mispelled drug name,IN,low,single,1481,1,rosusvastatin,rosusvastatin,rosusvastatin,IN,low,0.00013219,0.00013219,0.00013219,0,0.70772719,0.70772719,0.70772719,1,1.0,1.0,0.25,1,0.99976,0.99976,0.99976,1,0.15367,0.15367,0.15367,0
1482,first-omeprazele,mispelled drug name,IN,low,single,1482,1,first-omeprazele,first-omeprazele,first-omeprazele,IN,low,0.2955626,0.2955626,0.2955626,1,0.70772719,0.70772719,0.70772719,1,1.0,0.0,0.0,1,0.99994,0.99994,0.99994,1,0.99988,0.99988,0.99988,1
1483,zinc/westcort/zoral,not sure,"BN,IN",low,single,1483,1,zinc/westcort/zoral,zinc/westcort/zoral,zinc/westcort/zoral,"BN, IN",low,0.03141708,0.03141708,0.03141708,0,0.70772719,0.70772719,0.70772719,1,1.0,0.0,0.0,1,0.00797,0.00797,0.00797,0,0.98574,0.98574,0.98574,1
1484,glucosamine/chondrotin,mispelled drug name,IN,low,single,1484,1,glucosamine/chondrotin,glucosamine/chondrotin,glucosamine/chondrotin,IN,low,1.748e-05,1.748e-05,1.748e-05,0,0.70772719,0.70772719,0.70772719,1,1.0,2.0,0.5,1,0.99968,0.99968,0.99968,1,0.99442,0.99442,0.99442,1
1485,rocuronium,correct drug name,IN,low,single,1485,0,rocuronium,rocuronium,rocuronium,IN,low,1.293e-05,1.293e-05,1.293e-05,0,0.15861537,0.15861537,0.15861537,0,0.0,0.0,0.0,0,0.0004,0.0004,0.0004,0,0.00039,0.00039,0.00039,0
1486,Fiber-Sure,correct drug name,BN,low,single,1486,0,Fiber-Sure,Fiber-Sure,fiber-sure,BN,low,0.02425262,0.02425262,0.02425262,0,0.70772719,0.70772719,0.70772719,1,1.0,0.0,0.0,1,0.00325,0.00325,0.00325,0,0.00048,0.00048,0.00048,0
1487,Cetirizinr,mispelled drug name,IN,low,single,1487,1,Cetirizinr,Cetirizinr,cetirizinr,IN,low,0.99999893,0.99999893,0.99999893,1,0.70772719,0.70772719,0.70772719,1,1.0,2.0,0.5,1,0.99997,0.99997,0.99997,1,0.99932,0.99932,0.99932,1
1488,Tamusulosin,mispelled drug name,IN,low,single,1488,1,Tamusulosin,Tamusulosin,tamusulosin,IN,low,0.00012447,0.00012447,0.00012447,0,0.10195379,0.10195379,0.10195379,0,1.0,2.0,0.5,1,0.99839,0.99839,0.99839,1,0.99965,0.99965,0.99965,1
1489,hydrochorothiazide,mispelled drug name,IN,low,single,1489,1,hydrochorothiazide,hydrochorothiazide,hydrochorothiazide,IN,low,0.99040878,0.99040878,0.99040878,1,0.26755312,0.26755312,0.26755312,0,1.0,1.0,0.25,1,0.04362,0.04362,0.04362,0,0.9999,0.9999,0.9999,1
1490,pharmacogenomics,not sure,,low,single,1490,1,pharmacogenomics,pharmacogenomics,pharmacogenomics,nan,low,0.02013076,0.02013076,0.02013076,0,0.32102436,0.32102436,0.32102436,0,1.0,0.0,0.0,1,0.00114,0.00114,0.00114,0,0.00047,0.00047,0.00047,0
1491,Doneaspezil,mispelled drug name,IN,low,single,1491,1,Doneaspezil,Doneaspezil,doneaspezil,IN,low,0.98674417,0.98674417,0.98674417,1,0.70772719,0.70772719,0.70772719,1,1.0,3.0,0.75,1,0.96526,0.96526,0.96526,1,0.99721,0.99721,0.99721,1
1492,divovan,mispelled drug name,BN,low,single,1492,1,divovan,divovan,divovan,BN,low,9.18e-05,9.18e-05,9.18e-05,0,0.70772719,0.70772719,0.70772719,1,1.0,1.0,0.25,1,0.94633,0.94633,0.94633,1,0.99782,0.99782,0.99782,1
1493,Anutone-HC,not sure,BN,low,single,1493,1,Anutone-HC,Anutone-HC,anutone-hc,BN,low,6.69e-06,6.69e-06,6.69e-06,0,0.70772719,0.70772719,0.70772719,1,0.0,0.0,0.0,0,0.00041,0.00041,0.00041,0,0.00044,0.00044,0.00044,0
1494,Marnatal-F,correct drug name,BN,low,single,1494,0,Marnatal-F,Marnatal-F,marnatal-f,BN,low,1.795e-05,1.795e-05,1.795e-05,0,0.70772719,0.70772719,0.70772719,1,0.0,0.0,0.0,0,0.01561,0.01561,0.01561,0,0.35823,0.35823,0.35823,0
1495,Comirnaty,correct drug name,BN,low,single,1495,0,Comirnaty,Comirnaty,comirnaty,BN,low,0.03797707,0.03797707,0.03797707,0,0.70772719,0.70772719,0.70772719,1,0.0,0.0,0.0,0,0.00035,0.00035,0.00035,0,0.00562,0.00562,0.00562,0
1496,simvaststin,mispelled drug name,IN,low,single,1496,1,simvaststin,simvaststin,simvaststin,IN,low,0.00202429,0.00202429,0.00202429,0,0.20774552,0.20774552,0.20774552,0,1.0,1.0,0.25,1,0.99997,0.99997,0.99997,1,0.99955,0.99955,0.99955,1
1497,TEBS,not sure,BN,low,single,1497,1,TEBS,TEBS,tebs,BN,low,7.18e-06,7.18e-06,7.18e-06,0,0.49684644,0.49684644,0.49684644,1,1.0,4.0,1.0,1,0.99982,0.99982,0.99982,1,0.99988,0.99988,0.99988,1
1498,hypodermoclysis,correct non-drug name,IN,low,single,1498,0,hypodermoclysis,hypodermoclysis,hypodermoclysis,IN,low,1.309e-05,1.309e-05,1.309e-05,0,0.26486126,0.26486126,0.26486126,0,0.0,0.0,0.0,0,0.99964,0.99964,0.99964,1,0.99925,0.99925,0.99925,1
1499,Glycopyrvolate,mispelled drug name,IN,low,single,1499,1,Glycopyrvolate,Glycopyrvolate,glycopyrvolate,IN,low,0.99999952,0.99999952,0.99999952,1,0.70772719,0.70772719,0.70772719,1,1.0,2.0,0.5,1,0.99971,0.99971,0.99971,1,0.99983,0.99983,0.99983,1
1500,Cogentin,correct drug name,BN,high,single,1500,0,Cogentin,Cogentin,cogentin,BN,high,7e-07,7e-07,7e-07,0,0.15972936,0.15972936,0.15972936,0,0.0,0.0,0.0,0,0.00053,0.00053,0.00053,0,0.00048,0.00048,0.00048,0
1501,Omega-3,correct drug name,BN,high,single,1501,0,Omega-3,Omega-3,omega-3,BN,high,5.714e-05,5.714e-05,5.714e-05,0,0.39709741,0.39709741,0.39709741,1,0.0,0.0,0.0,0,0.15107,0.15107,0.15107,0,0.0006,0.0006,0.0006,0
1502,estazolam,correct drug name,IN,high,single,1502,0,estazolam,estazolam,estazolam,IN,high,3.463e-05,3.463e-05,3.463e-05,0,0.07294037,0.07294037,0.07294037,0,0.0,0.0,0.0,0,0.99632,0.99632,0.99632,1,0.99454,0.99454,0.99454,1
1503,Jakafi,correct drug name,BN,high,single,1503,0,Jakafi,Jakafi,jakafi,BN,high,6.9e-06,6.9e-06,6.9e-06,0,0.13384849,0.13384849,0.13384849,0,0.0,0.0,0.0,0,0.03587,0.03587,0.03587,0,0.11125,0.11125,0.11125,0
1504,Imuran,correct drug name,BN,high,single,1504,0,Imuran,Imuran,imuran,BN,high,7.25e-06,7.25e-06,7.25e-06,0,0.13195178,0.13195178,0.13195178,0,0.0,0.0,0.0,0,0.00079,0.00079,0.00079,0,0.00044,0.00044,0.00044,0
1505,Butalbital-APAP-Caff-Cod,correct short drug name,IN,high,single,1505,0,Butalbital-APAP-Caff-Cod,Butalbital-APAP-Caff-Cod,butalbital-apap-caff-cod,IN,high,0.99561417,0.99561417,0.99561417,1,0.70772719,0.70772719,0.70772719,1,1.0,0.0,0.0,1,0.00077,0.00077,0.00077,0,0.03045,0.03045,0.03045,0
1506,Multi-Minerals,correct drug name,IN,high,single,1506,0,Multi-Minerals,Multi-Minerals,multi-minerals,IN,high,5.12e-06,5.12e-06,5.12e-06,0,0.46535683,0.46535683,0.46535683,1,1.0,0.0,0.0,1,0.00027,0.00027,0.00027,0,0.00033,0.00033,0.00033,0
1507,Multaq,correct drug name,BN,high,single,1507,0,Multaq,Multaq,multaq,BN,high,1.591e-05,1.591e-05,1.591e-05,0,0.28009763,0.28009763,0.28009763,0,0.0,0.0,0.0,0,0.00026,0.00026,0.00026,0,0.00104,0.00104,0.00104,0
1508,Tranxene-T,correct drug name,BN,high,single,1508,0,Tranxene-T,Tranxene-T,tranxene-t,BN,high,0.98163211,0.98163211,0.98163211,1,0.70772719,0.70772719,0.70772719,1,1.0,3.0,0.75,1,0.37366,0.37366,0.37366,0,0.0131,0.0131,0.0131,0
1509,olmesartan-hydrochlorothiazide,correct drug name,IN,high,single,1509,0,olmesartan-hydrochlorothiazide,olmesartan-hydrochlorothiazide,olmesartan-hydrochlorothiazide,IN,high,0.00140745,0.00140745,0.00140745,0,0.14148313,0.14148313,0.14148313,0,1.0,0.0,0.0,1,0.00036,0.00036,0.00036,0,0.00111,0.00111,0.00111,0
1510,Neosporin,correct drug name,BN,high,single,1510,0,Neosporin,Neosporin,neosporin,BN,high,8.118e-05,8.118e-05,8.118e-05,0,0.23183346,0.23183346,0.23183346,0,0.0,0.0,0.0,0,0.00117,0.00117,0.00117,0,0.00039,0.00039,0.00039,0
1511,Dilaudid-HP,correct drug name,BN,high,single,1511,0,Dilaudid-HP,Dilaudid-HP,dilaudid-hp,BN,high,0.01139628,0.01139628,0.01139628,0,0.23748827,0.23748827,0.23748827,0,0.0,0.0,0.0,0,0.00132,0.00132,0.00132,0,0.00033,0.00033,0.00033,0
1512,Risa-Bid,correct drug name,BN,high,single,1512,0,Risa-Bid,Risa-Bid,risa-bid,BN,high,9.03e-06,9.03e-06,9.03e-06,0,0.70772719,0.70772719,0.70772719,1,0.0,0.0,0.0,0,0.00119,0.00119,0.00119,0,0.0017,0.0017,0.0017,0
1513,ProSource,correct drug name,IN,high,single,1513,0,ProSource,ProSource,prosource,IN,high,3.88e-06,3.88e-06,3.88e-06,0,0.31622106,0.31622106,0.31622106,0,0.0,0.0,0.0,0,0.00023,0.00023,0.00023,0,0.00235,0.00235,0.00235,0
1514,Ferro-Bob,correct drug name,BN,high,single,1514,0,Ferro-Bob,Ferro-Bob,ferro-bob,BN,high,4.838e-05,4.838e-05,4.838e-05,0,0.70772719,0.70772719,0.70772719,1,0.0,0.0,0.0,0,0.42104,0.42104,0.42104,0,0.99905,0.99905,0.99905,1
1515,mometasone,correct drug name,IN,high,single,1515,0,mometasone,mometasone,mometasone,IN,high,0.00032644,0.00032644,0.00032644,0,0.2709114,0.2709114,0.2709114,0,0.0,0.0,0.0,0,0.0006,0.0006,0.0006,0,0.00714,0.00714,0.00714,0
1516,Lacosamide,correct drug name,IN,high,single,1516,0,Lacosamide,Lacosamide,lacosamide,IN,high,0.00043047,0.00043047,0.00043047,0,0.11298858,0.11298858,0.11298858,0,0.0,0.0,0.0,0,0.00084,0.00084,0.00084,0,0.00337,0.00337,0.00337,0
1517,Os-Cal,correct drug name,BN,high,single,1517,0,Os-Cal,Os-Cal,os-cal,BN,high,3e-05,3e-05,3e-05,0,0.23124558,0.23124558,0.23124558,0,0.0,0.0,0.0,0,0.00031,0.00031,0.00031,0,0.00029,0.00029,0.00029,0
1518,glipiZIDE,correct drug name,IN,high,single,1518,0,glipiZIDE,glipiZIDE,glipizide,IN,high,0.28390035,0.28390035,0.28390035,1,0.19645706,0.19645706,0.19645706,0,0.0,0.0,0.0,0,0.00021,0.00021,0.00021,0,0.00071,0.00071,0.00071,0
1519,permethrin,correct drug name,IN,high,single,1519,0,permethrin,permethrin,permethrin,IN,high,4.365e-05,4.365e-05,4.365e-05,0,0.22258776,0.22258776,0.22258776,0,0.0,0.0,0.0,0,0.0007,0.0007,0.0007,0,0.00155,0.00155,0.00155,0
1520,Mouthwash/Gargle,correct drug name,IN,high,single,1520,0,Mouthwash/Gargle,Mouthwash/Gargle,mouthwash/gargle,IN,high,1.0,1.0,1.0,1,0.70772719,0.70772719,0.70772719,1,1.0,0.0,0.0,1,0.03878,0.03878,0.03878,0,0.00084,0.00084,0.00084,0
1521,Actigall,correct drug name,BN,high,single,1521,0,Actigall,Actigall,actigall,BN,high,0.00050321,0.00050321,0.00050321,0,0.12993439,0.12993439,0.12993439,0,1.0,3.0,0.75,1,0.00023,0.00023,0.00023,0,0.00039,0.00039,0.00039,0
1522,Catapres-TTS-1,correct drug name,BN,high,single,1522,0,Catapres-TTS-1,Catapres-TTS-1,catapres-tts-1,BN,high,0.0416995,0.0416995,0.0416995,0,0.12347791,0.12347791,0.12347791,0,1.0,5.0,1.0,1,0.0041,0.0041,0.0041,0,0.29941,0.29941,0.29941,0
1523,Azulfidine,correct drug name,BN,high,single,1523,0,Azulfidine,Azulfidine,azulfidine,BN,high,1.496e-05,1.496e-05,1.496e-05,0,0.05656412,0.05656412,0.05656412,0,0.0,0.0,0.0,0,0.00384,0.00384,0.00384,0,0.01206,0.01206,0.01206,0
1524,Captopril,correct drug name,IN,high,single,1524,0,Captopril,Captopril,captopril,IN,high,1.039e-05,1.039e-05,1.039e-05,0,0.1496305,0.1496305,0.1496305,0,0.0,0.0,0.0,0,0.00035,0.00035,0.00035,0,0.00027,0.00027,0.00027,0
1525,abacavir,correct drug name,IN,high,single,1525,0,abacavir,abacavir,abacavir,IN,high,1.56e-06,1.56e-06,1.56e-06,0,0.16493459,0.16493459,0.16493459,0,0.0,0.0,0.0,0,0.00089,0.00089,0.00089,0,0.00046,0.00046,0.00046,0
1526,amlodipine-valsartan,correct drug name,IN,high,single,1526,0,amlodipine-valsartan,amlodipine-valsartan,amlodipine-valsartan,IN,high,0.00116897,0.00116897,0.00116897,0,0.16353875,0.16353875,0.16353875,0,1.0,0.0,0.0,1,0.00035,0.00035,0.00035,0,0.00025,0.00025,0.00025,0
1527,Acidophilus-Pectin,correct drug name,BN,high,single,1527,0,Acidophilus-Pectin,Acidophilus-Pectin,acidophilus-pectin,BN,high,0.00029005,0.00029005,0.00029005,0,0.45331246,0.45331246,0.45331246,1,1.0,0.0,0.0,1,0.00335,0.00335,0.00335,0,0.01227,0.01227,0.01227,0
1528,Relafen,correct drug name,BN,high,single,1528,0,Relafen,Relafen,relafen,BN,high,2.17e-06,2.17e-06,2.17e-06,0,0.31858116,0.31858116,0.31858116,0,0.0,0.0,0.0,0,0.00114,0.00114,0.00114,0,0.00327,0.00327,0.00327,0
1529,nafcillin,correct drug name,IN,high,single,1529,0,nafcillin,nafcillin,nafcillin,IN,high,1.981e-05,1.981e-05,1.981e-05,0,0.33912683,0.33912683,0.33912683,0,0.0,0.0,0.0,0,0.00055,0.00055,0.00055,0,0.00025,0.00025,0.00025,0
1530,ofloxacin,correct drug name,IN,high,single,1530,0,ofloxacin,ofloxacin,ofloxacin,IN,high,0.00263968,0.00263968,0.00263968,0,0.2261792,0.2261792,0.2261792,0,0.0,0.0,0.0,0,0.00037,0.00037,0.00037,0,0.00172,0.00172,0.00172,0
1531,Boniva,correct drug name,BN,high,single,1531,0,Boniva,Boniva,boniva,BN,high,0.99314982,0.99314982,0.99314982,1,0.19649215,0.19649215,0.19649215,0,1.0,2.0,0.5,1,0.01052,0.01052,0.01052,0,0.00053,0.00053,0.00053,0
1532,HySept,correct drug name,BN,high,single,1532,0,HySept,HySept,hysept,BN,high,3.45e-06,3.45e-06,3.45e-06,0,0.70772719,0.70772719,0.70772719,1,0.0,0.0,0.0,0,0.06276,0.06276,0.06276,0,0.0043,0.0043,0.0043,0
1533,Multivital,correct short drug name,IN,high,single,1533,0,Multivital,Multivital,multivital,IN,high,1.43e-06,1.43e-06,1.43e-06,0,0.67075372,0.67075372,0.67075372,1,1.0,3.0,0.75,1,0.00074,0.00074,0.00074,0,0.83138,0.83138,0.83138,1
1534,Aluminum-Magnesium-Simethicone,correct drug name,IN,high,single,1534,0,Aluminum-Magnesium-Simethicone,Aluminum-Magnesium-Simethicone,aluminum-magnesium-simethicone,IN,high,0.99997807,0.99997807,0.99997807,1,0.49568346,0.49568346,0.49568346,1,1.0,0.0,0.0,1,0.00053,0.00053,0.00053,0,0.00021,0.00021,0.00021,0
1535,OXcarbazepine,correct drug name,IN,high,single,1535,0,OXcarbazepine,OXcarbazepine,oxcarbazepine,IN,high,1.47e-06,1.47e-06,1.47e-06,0,0.0509658,0.0509658,0.0509658,0,0.0,0.0,0.0,0,0.00074,0.00074,0.00074,0,0.00077,0.00077,0.00077,0
1536,Betimol,correct drug name,BN,high,single,1536,0,Betimol,Betimol,betimol,BN,high,2.672e-05,2.672e-05,2.672e-05,0,0.26065174,0.26065174,0.26065174,0,0.0,0.0,0.0,0,0.00138,0.00138,0.00138,0,0.00064,0.00064,0.00064,0
1537,Polyethylene,correct drug name,IN,high,single,1537,0,Polyethylene,Polyethylene,polyethylene,IN,high,0.33676994,0.33676994,0.33676994,1,0.69089562,0.69089562,0.69089562,1,0.0,0.0,0.0,0,0.00318,0.00318,0.00318,0,0.0142,0.0142,0.0142,0
1538,Paxlovid,correct drug name,BN,high,single,1538,0,Paxlovid,Paxlovid,paxlovid,BN,high,0.90172988,0.90172988,0.90172988,1,0.70772719,0.70772719,0.70772719,1,1.0,3.0,0.75,1,0.99973,0.99973,0.99973,1,0.99987,0.99987,0.99987,1
1539,5-HTP,correct drug name,BN,high,single,1539,0,5-HTP,5-HTP,5-htp,BN,high,0.20085861,0.20085861,0.20085861,1,0.10181691,0.10181691,0.10181691,0,0.0,0.0,0.0,0,0.00062,0.00062,0.00062,0,0.00031,0.00031,0.00031,0
1540,Geri-kot,correct drug name,BN,high,single,1540,0,Geri-kot,Geri-kot,geri-kot,BN,high,0.99999964,0.99999964,0.99999964,1,0.70772719,0.70772719,0.70772719,1,1.0,3.0,0.75,1,0.99908,0.99908,0.99908,1,0.99972,0.99972,0.99972,1
1541,Genvoya,correct drug name,BN,high,single,1541,0,Genvoya,Genvoya,genvoya,BN,high,0.06760182,0.06760182,0.06760182,0,0.10300366,0.10300366,0.10300366,0,0.0,0.0,0.0,0,0.00954,0.00954,0.00954,0,0.01416,0.01416,0.01416,0
1542,Rifabutin,correct drug name,IN,high,single,1542,0,Rifabutin,Rifabutin,rifabutin,IN,high,2.3e-05,2.3e-05,2.3e-05,0,0.13561383,0.13561383,0.13561383,0,0.0,0.0,0.0,0,0.00048,0.00048,0.00048,0,0.00565,0.00565,0.00565,0
1543,Theravim-M,correct drug name,BN,high,single,1543,0,Theravim-M,Theravim-M,theravim-m,BN,high,0.00633323,0.00633323,0.00633323,0,0.70772719,0.70772719,0.70772719,1,1.0,4.0,1.0,1,0.01694,0.01694,0.01694,0,0.00501,0.00501,0.00501,0
1544,pantoprazole,correct drug name,IN,high,single,1544,0,pantoprazole,pantoprazole,pantoprazole,IN,high,0.00051105,0.00051105,0.00051105,0,0.24842678,0.24842678,0.24842678,0,0.0,0.0,0.0,0,0.00024,0.00024,0.00024,0,0.00183,0.00183,0.00183,0
1545,buspirone,correct drug name,IN,high,single,1545,0,buspirone,buspirone,buspirone,IN,high,0.00267698,0.00267698,0.00267698,0,0.07060406,0.07060406,0.07060406,0,0.0,0.0,0.0,0,0.00116,0.00116,0.00116,0,0.03263,0.03263,0.03263,0
1546,cefpodoxime,correct drug name,IN,high,single,1546,0,cefpodoxime,cefpodoxime,cefpodoxime,IN,high,0.00019114,0.00019114,0.00019114,0,0.15496625,0.15496625,0.15496625,0,0.0,0.0,0.0,0,0.00153,0.00153,0.00153,0,0.00041,0.00041,0.00041,0
1547,Namzaric,correct drug name,BN,high,single,1547,0,Namzaric,Namzaric,namzaric,BN,high,3.14e-06,3.14e-06,3.14e-06,0,0.16714841,0.16714841,0.16714841,0,0.0,0.0,0.0,0,0.00521,0.00521,0.00521,0,0.00168,0.00168,0.00168,0
1548,Duragesic-75,correct drug name,BN,high,single,1548,0,Duragesic-75,Duragesic-75,duragesic-75,BN,high,2.62e-06,2.62e-06,2.62e-06,0,0.70772719,0.70772719,0.70772719,1,0.0,0.0,0.0,0,0.00041,0.00041,0.00041,0,0.00046,0.00046,0.00046,0
1549,Peri-Colace,correct drug name,BN,high,single,1549,0,Peri-Colace,Peri-Colace,peri-colace,BN,high,0.25023428,0.25023428,0.25023428,1,0.37574413,0.37574413,0.37574413,0,0.0,0.0,0.0,0,0.00031,0.00031,0.00031,0,0.00034,0.00034,0.00034,0
1550,Avycaz,correct drug name,BN,high,single,1550,0,Avycaz,Avycaz,avycaz,BN,high,0.00141323,0.00141323,0.00141323,0,0.11414281,0.11414281,0.11414281,0,1.0,3.0,0.75,1,0.99955,0.99955,0.99955,1,0.99972,0.99972,0.99972,1
1551,oxybutynin,correct drug name,IN,high,single,1551,0,oxybutynin,oxybutynin,oxybutynin,IN,high,2.47e-06,2.47e-06,2.47e-06,0,0.19313328,0.19313328,0.19313328,0,0.0,0.0,0.0,0,0.00034,0.00034,0.00034,0,0.08669,0.08669,0.08669,0
1552,Vigamox,correct drug name,BN,high,single,1552,0,Vigamox,Vigamox,vigamox,BN,high,4.43e-06,4.43e-06,4.43e-06,0,0.11849062,0.11849062,0.11849062,0,0.0,0.0,0.0,0,0.00063,0.00063,0.00063,0,0.00041,0.00041,0.00041,0
1553,Nephro-Vite,correct drug name,BN,high,single,1553,0,Nephro-Vite,Nephro-Vite,nephro-vite,BN,high,1.002e-05,1.002e-05,1.002e-05,0,0.22485775,0.22485775,0.22485775,0,0.0,0.0,0.0,0,0.00065,0.00065,0.00065,0,0.00152,0.00152,0.00152,0
1554,Urogesic-Blue,correct drug name,BN,high,single,1554,0,Urogesic-Blue,Urogesic-Blue,urogesic-blue,BN,high,7.156e-05,7.156e-05,7.156e-05,0,0.70772719,0.70772719,0.70772719,1,0.0,0.0,0.0,0,0.00199,0.00199,0.00199,0,0.00273,0.00273,0.00273,0
1555,Aygestin,correct drug name,BN,high,single,1555,0,Aygestin,Aygestin,aygestin,BN,high,3.96e-06,3.96e-06,3.96e-06,0,0.28006667,0.28006667,0.28006667,0,0.0,0.0,0.0,0,0.0098,0.0098,0.0098,0,0.0027,0.0027,0.0027,0
1556,Ibrance,correct drug name,BN,high,single,1556,0,Ibrance,Ibrance,ibrance,BN,high,1.401e-05,1.401e-05,1.401e-05,0,0.46887684,0.46887684,0.46887684,1,1.0,2.0,0.5,1,0.99992,0.99992,0.99992,1,0.99986,0.99986,0.99986,1
1557,Moi-Stir,correct drug name,BN,high,single,1557,0,Moi-Stir,Moi-Stir,moi-stir,BN,high,0.99999917,0.99999917,0.99999917,1,0.30190533,0.30190533,0.30190533,0,0.0,0.0,0.0,0,0.00191,0.00191,0.00191,0,0.003,0.003,0.003,0
1558,Fluticasone-Salmeterol(sensor),correct drug name,IN,high,single,1558,0,Fluticasone-Salmeterol(sensor),Fluticasone-Salmeterol(sensor),fluticasone-salmeterol(sensor),IN,high,0.99993718,0.99993718,0.99993718,1,0.70772719,0.70772719,0.70772719,1,1.0,0.0,0.0,1,0.00095,0.00095,0.00095,0,0.00043,0.00043,0.00043,0
1559,Bacitracin,correct drug name,IN,high,single,1559,0,Bacitracin,Bacitracin,bacitracin,IN,high,0.99568695,0.99568695,0.99568695,1,0.25666574,0.25666574,0.25666574,0,0.0,0.0,0.0,0,0.00027,0.00027,0.00027,0,0.00076,0.00076,0.00076,0
1560,Daily-Vite/Iron/Beta-Carotene,correct drug name,IN,high,single,1560,0,Daily-Vite/Iron/Beta-Carotene,Daily-Vite/Iron/Beta-Carotene,daily-vite/iron/beta-carotene,IN,high,1.0,1.0,1.0,1,0.70772719,0.70772719,0.70772719,1,1.0,0.0,0.0,1,0.00023,0.00023,0.00023,0,0.00084,0.00084,0.00084,0
1561,Levemir,correct drug name,BN,high,single,1561,0,Levemir,Levemir,levemir,BN,high,0.9999938,0.9999938,0.9999938,1,0.53282511,0.53282511,0.53282511,1,0.0,0.0,0.0,0,0.0005,0.0005,0.0005,0,0.00042,0.00042,0.00042,0
1562,Megace,correct drug name,BN,high,single,1562,0,Megace,Megace,megace,BN,high,1.692e-05,1.692e-05,1.692e-05,0,0.21491529,0.21491529,0.21491529,0,0.0,0.0,0.0,0,0.00052,0.00052,0.00052,0,0.00052,0.00052,0.00052,0
1563,metformin,correct drug name,IN,high,single,1563,0,metformin,metformin,metformin,IN,high,2.64e-06,2.64e-06,2.64e-06,0,0.2563183,0.2563183,0.2563183,0,0.0,0.0,0.0,0,0.0003,0.0003,0.0003,0,0.00048,0.00048,0.00048,0
1564,Invanz,correct drug name,BN,high,single,1564,0,Invanz,Invanz,invanz,BN,high,0.88380092,0.88380092,0.88380092,1,0.24625686,0.24625686,0.24625686,0,0.0,0.0,0.0,0,0.01849,0.01849,0.01849,0,0.00287,0.00287,0.00287,0
1565,Creon,correct drug name,BN,high,single,1565,0,Creon,Creon,creon,BN,high,8.1e-07,8.1e-07,8.1e-07,0,0.24416663,0.24416663,0.24416663,0,0.0,0.0,0.0,0,0.00085,0.00085,0.00085,0,0.00041,0.00041,0.00041,0
1566,Rozerem,correct drug name,BN,high,single,1566,0,Rozerem,Rozerem,rozerem,BN,high,0.94259548,0.94259548,0.94259548,1,0.09702341,0.09702341,0.09702341,0,1.0,3.0,0.75,1,0.99157,0.99157,0.99157,1,0.99882,0.99882,0.99882,1
1567,Golytely,correct drug name,BN,high,single,1567,0,Golytely,Golytely,golytely,BN,high,0.97870994,0.97870994,0.97870994,1,0.49114504,0.49114504,0.49114504,1,1.0,2.0,0.5,1,0.00035,0.00035,0.00035,0,0.00072,0.00072,0.00072,0
1568,water,correct drug name,IN,high,single,1568,0,water,water,water,IN,high,1.499e-05,1.499e-05,1.499e-05,0,0.74642497,0.74642497,0.74642497,1,0.0,0.0,0.0,0,0.0008,0.0008,0.0008,0,0.00057,0.00057,0.00057,0
1569,Ipratropium-Albuterol,correct drug name,IN,high,single,1569,0,Ipratropium-Albuterol,Ipratropium-Albuterol,ipratropium-albuterol,IN,high,0.00469071,0.00469071,0.00469071,0,0.4042137,0.4042137,0.4042137,1,1.0,0.0,0.0,1,0.00045,0.00045,0.00045,0,0.00066,0.00066,0.00066,0
1570,Probiotic,correct drug name,IN,high,single,1570,0,Probiotic,Probiotic,probiotic,IN,high,6.292e-05,6.292e-05,6.292e-05,0,0.45785555,0.45785555,0.45785555,1,0.0,0.0,0.0,0,0.00099,0.00099,0.00099,0,0.00049,0.00049,0.00049,0
1571,olmesartan,correct drug name,IN,high,single,1571,0,olmesartan,olmesartan,olmesartan,IN,high,0.0008048,0.0008048,0.0008048,0,0.20447452,0.20447452,0.20447452,0,0.0,0.0,0.0,0,0.00123,0.00123,0.00123,0,0.0198,0.0198,0.0198,0
1572,Ure-Na,correct drug name,BN,high,single,1572,0,Ure-Na,Ure-Na,ure-na,BN,high,1.98e-06,1.98e-06,1.98e-06,0,0.70772719,0.70772719,0.70772719,1,0.0,0.0,0.0,0,0.16318,0.16318,0.16318,0,0.0026,0.0026,0.0026,0
1573,Lynparza,correct drug name,BN,high,single,1573,0,Lynparza,Lynparza,lynparza,BN,high,0.94919527,0.94919527,0.94919527,1,0.15930596,0.15930596,0.15930596,0,0.0,0.0,0.0,0,0.00406,0.00406,0.00406,0,0.00751,0.00751,0.00751,0
1574,Cal-Mag-Zinc-D,correct short drug name,IN,high,single,1574,0,Cal-Mag-Zinc-D,Cal-Mag-Zinc-D,cal-mag-zinc-d,IN,high,0.9999994,0.9999994,0.9999994,1,0.70772719,0.70772719,0.70772719,1,1.0,0.0,0.0,1,0.00111,0.00111,0.00111,0,0.01042,0.01042,0.01042,0
1575,Desloratadine,correct drug name,IN,high,single,1575,0,Desloratadine,Desloratadine,desloratadine,IN,high,0.03950106,0.03950106,0.03950106,0,0.16455914,0.16455914,0.16455914,0,0.0,0.0,0.0,0,0.00363,0.00363,0.00363,0,0.00202,0.00202,0.00202,0
1576,Elocon,correct drug name,BN,high,single,1576,0,Elocon,Elocon,elocon,BN,high,7.69e-06,7.69e-06,7.69e-06,0,0.12026471,0.12026471,0.12026471,0,1.0,2.0,0.5,1,0.99608,0.99608,0.99608,1,0.99607,0.99607,0.99607,1
1577,Pacerone,correct drug name,BN,high,single,1577,0,Pacerone,Pacerone,pacerone,BN,high,0.00752766,0.00752766,0.00752766,0,0.20881805,0.20881805,0.20881805,0,0.0,0.0,0.0,0,0.00264,0.00264,0.00264,0,0.00815,0.00815,0.00815,0
1578,Apixaban,correct drug name,IN,high,single,1578,0,Apixaban,Apixaban,apixaban,IN,high,4.12e-06,4.12e-06,4.12e-06,0,0.1599444,0.1599444,0.1599444,0,0.0,0.0,0.0,0,0.001,0.001,0.001,0,0.00088,0.00088,0.00088,0
1579,Duragesic-12,correct drug name,BN,high,single,1579,0,Duragesic-12,Duragesic-12,duragesic-12,BN,high,0.00011566,0.00011566,0.00011566,0,0.70772719,0.70772719,0.70772719,1,0.0,0.0,0.0,0,0.00024,0.00024,0.00024,0,0.00054,0.00054,0.00054,0
1580,acebutolol,correct drug name,IN,high,single,1580,0,acebutolol,acebutolol,acebutolol,IN,high,3.12e-06,3.12e-06,3.12e-06,0,0.16409054,0.16409054,0.16409054,0,0.0,0.0,0.0,0,0.00061,0.00061,0.00061,0,0.0004,0.0004,0.0004,0
1581,Creatine,correct drug name,IN,high,single,1581,0,Creatine,Creatine,creatine,IN,high,1.341e-05,1.341e-05,1.341e-05,0,0.46061414,0.46061414,0.46061414,1,0.0,0.0,0.0,0,0.00814,0.00814,0.00814,0,0.00047,0.00047,0.00047,0
1582,Silace,correct drug name,BN,high,single,1582,0,Silace,Silace,silace,BN,high,9.69e-06,9.69e-06,9.69e-06,0,0.42020577,0.42020577,0.42020577,1,1.0,2.0,0.5,1,0.99844,0.99844,0.99844,1,0.99955,0.99955,0.99955,1
1583,Vaseline,correct drug name,BN,high,single,1583,0,Vaseline,Vaseline,vaseline,BN,high,2.881e-05,2.881e-05,2.881e-05,0,0.56254101,0.56254101,0.56254101,1,0.0,0.0,0.0,0,0.00085,0.00085,0.00085,0,0.00107,0.00107,0.00107,0
1584,Xopenex,correct drug name,BN,high,single,1584,0,Xopenex,Xopenex,xopenex,BN,high,1.12e-05,1.12e-05,1.12e-05,0,0.28698233,0.28698233,0.28698233,0,0.0,0.0,0.0,0,0.00214,0.00214,0.00214,0,0.00508,0.00508,0.00508,0
1585,Phos-NaK,correct drug name,BN,high,single,1585,0,Phos-NaK,Phos-NaK,phos-nak,BN,high,5.76e-06,5.76e-06,5.76e-06,0,0.39165041,0.39165041,0.39165041,1,0.0,0.0,0.0,0,0.00203,0.00203,0.00203,0,0.0003,0.0003,0.0003,0
1586,Eluxadoline,correct drug name,IN,high,single,1586,0,Eluxadoline,Eluxadoline,eluxadoline,IN,high,8.05e-06,8.05e-06,8.05e-06,0,0.10148926,0.10148926,0.10148926,0,0.0,0.0,0.0,0,0.00233,0.00233,0.00233,0,0.00335,0.00335,0.00335,0
1587,Tamiflu,correct drug name,BN,high,single,1587,0,Tamiflu,Tamiflu,tamiflu,BN,high,1.457e-05,1.457e-05,1.457e-05,0,0.14173375,0.14173375,0.14173375,0,1.0,3.0,0.75,1,0.00041,0.00041,0.00041,0,0.00042,0.00042,0.00042,0
1588,Theophylline,correct drug name,IN,high,single,1588,0,Theophylline,Theophylline,theophylline,IN,high,0.00322714,0.00322714,0.00322714,0,0.1408865,0.1408865,0.1408865,0,0.0,0.0,0.0,0,0.00151,0.00151,0.00151,0,0.00478,0.00478,0.00478,0
1589,Daliresp,correct drug name,BN,high,single,1589,0,Daliresp,Daliresp,daliresp,BN,high,0.00038243,0.00038243,0.00038243,0,0.19682047,0.19682047,0.19682047,0,0.0,0.0,0.0,0,0.02263,0.02263,0.02263,0,0.01446,0.01446,0.01446,0
1590,Zinc-220,correct drug name,BN,high,single,1590,0,Zinc-220,Zinc-220,zinc-220,BN,high,0.9999994,0.9999994,0.9999994,1,0.24723528,0.24723528,0.24723528,0,0.0,0.0,0.0,0,0.00104,0.00104,0.00104,0,0.92759,0.92759,0.92759,1
1591,fentaNYL,correct drug name,IN,high,single,1591,0,fentaNYL,fentaNYL,fentanyl,IN,high,7.61e-06,7.61e-06,7.61e-06,0,0.23906094,0.23906094,0.23906094,0,0.0,0.0,0.0,0,0.00025,0.00025,0.00025,0,0.00061,0.00061,0.00061,0
1592,Lutein,correct drug name,IN,high,single,1592,0,Lutein,Lutein,lutein,IN,high,0.02042188,0.02042188,0.02042188,0,0.42264435,0.42264435,0.42264435,1,0.0,0.0,0.0,0,0.00201,0.00201,0.00201,0,0.00039,0.00039,0.00039,0
1593,AK-Poly-Bac,correct drug name,BN,high,single,1593,0,AK-Poly-Bac,AK-Poly-Bac,ak-poly-bac,BN,high,0.99999988,0.99999988,0.99999988,1,0.70772719,0.70772719,0.70772719,1,0.0,0.0,0.0,0,0.00141,0.00141,0.00141,0,0.00126,0.00126,0.00126,0
1594,Silver,correct drug name,IN,high,single,1594,0,Silver,Silver,silver,IN,high,0.99984217,0.99984217,0.99984217,1,0.58704609,0.58704609,0.58704609,1,0.0,0.0,0.0,0,0.00081,0.00081,0.00081,0,0.00049,0.00049,0.00049,0
1595,Buproban,correct drug name,BN,high,single,1595,0,Buproban,Buproban,buproban,BN,high,1.635e-05,1.635e-05,1.635e-05,0,0.70772719,0.70772719,0.70772719,1,0.0,0.0,0.0,0,0.00107,0.00107,0.00107,0,0.01054,0.01054,0.01054,0
1596,carbidopa,correct drug name,IN,high,single,1596,0,carbidopa,carbidopa,carbidopa,IN,high,1.4e-06,1.4e-06,1.4e-06,0,0.15788391,0.15788391,0.15788391,0,0.0,0.0,0.0,0,0.00047,0.00047,0.00047,0,0.00025,0.00025,0.00025,0
1597,Detrol,correct drug name,BN,high,single,1597,0,Detrol,Detrol,detrol,BN,high,8.047e-05,8.047e-05,8.047e-05,0,0.28508389,0.28508389,0.28508389,0,0.0,0.0,0.0,0,0.00318,0.00318,0.00318,0,0.00064,0.00064,0.00064,0
1598,Myrbetriq,correct drug name,BN,high,single,1598,0,Myrbetriq,Myrbetriq,myrbetriq,BN,high,0.99999762,0.99999762,0.99999762,1,0.03874626,0.03874626,0.03874626,0,0.0,0.0,0.0,0,0.01553,0.01553,0.01553,0,0.87963,0.87963,0.87963,1
1599,Coreg,correct drug name,BN,high,single,1599,0,Coreg,Coreg,coreg,BN,high,2.98e-06,2.98e-06,2.98e-06,0,0.17913824,0.17913824,0.17913824,0,0.0,0.0,0.0,0,0.00068,0.00068,0.00068,0,0.0004,0.0004,0.0004,0
1600,Vibramycin,correct drug name,BN,high,single,1600,0,Vibramycin,Vibramycin,vibramycin,BN,high,8.5e-06,8.5e-06,8.5e-06,0,0.1550253,0.1550253,0.1550253,0,0.0,0.0,0.0,0,0.00052,0.00052,0.00052,0,0.01931,0.01931,0.01931,0
1601,Ergocalciferol,correct drug name,IN,high,single,1601,0,Ergocalciferol,Ergocalciferol,ergocalciferol,IN,high,8.171e-05,8.171e-05,8.171e-05,0,0.22278778,0.22278778,0.22278778,0,0.0,0.0,0.0,0,0.00023,0.00023,0.00023,0,0.00031,0.00031,0.00031,0
1602,Ativan,correct drug name,BN,high,single,1602,0,Ativan,Ativan,ativan,BN,high,3.63e-06,3.63e-06,3.63e-06,0,0.19909374,0.19909374,0.19909374,0,0.0,0.0,0.0,0,0.00053,0.00053,0.00053,0,0.01643,0.01643,0.01643,0
1603,Calciferol,correct drug name,BN,high,single,1603,0,Calciferol,Calciferol,calciferol,BN,high,0.00018752,0.00018752,0.00018752,0,0.15972723,0.15972723,0.15972723,0,0.0,0.0,0.0,0,0.00134,0.00134,0.00134,0,0.00036,0.00036,0.00036,0
1604,Entecavir,correct drug name,IN,high,single,1604,0,Entecavir,Entecavir,entecavir,IN,high,0.01242069,0.01242069,0.01242069,0,0.1825272,0.1825272,0.1825272,0,0.0,0.0,0.0,0,0.00217,0.00217,0.00217,0,0.00042,0.00042,0.00042,0
1605,Multivitamin/Fluoride/Iron,correct drug name,IN,high,single,1605,0,Multivitamin/Fluoride/Iron,Multivitamin/Fluoride/Iron,multivitamin/fluoride/iron,IN,high,0.13193443,0.13193443,0.13193443,0,0.70772719,0.70772719,0.70772719,1,1.0,0.0,0.0,1,0.00018,0.00018,0.00018,0,0.0007,0.0007,0.0007,0
1606,Zosyn,correct drug name,BN,high,single,1606,0,Zosyn,Zosyn,zosyn,BN,high,0.43106306,0.43106306,0.43106306,1,0.18967627,0.18967627,0.18967627,0,0.0,0.0,0.0,0,0.00036,0.00036,0.00036,0,0.00048,0.00048,0.00048,0
1607,Zirgan,correct drug name,BN,high,single,1607,0,Zirgan,Zirgan,zirgan,BN,high,0.99237591,0.99237591,0.99237591,1,0.70772719,0.70772719,0.70772719,1,0.0,0.0,0.0,0,0.00022,0.00022,0.00022,0,0.0006,0.0006,0.0006,0
1608,Droxidopa,correct drug name,IN,high,single,1608,0,Droxidopa,Droxidopa,droxidopa,IN,high,0.00037599,0.00037599,0.00037599,0,0.21546012,0.21546012,0.21546012,0,0.0,0.0,0.0,0,0.00121,0.00121,0.00121,0,0.00097,0.00097,0.00097,0
1609,Catapres-TTS-2,correct drug name,BN,high,single,1609,0,Catapres-TTS-2,Catapres-TTS-2,catapres-tts-2,BN,high,5.357e-05,5.357e-05,5.357e-05,0,0.15921727,0.15921727,0.15921727,0,1.0,5.0,1.0,1,0.0064,0.0064,0.0064,0,0.93399,0.93399,0.93399,1
1610,vancomycin,correct drug name,IN,high,single,1610,0,vancomycin,vancomycin,vancomycin,IN,high,3.16e-06,3.16e-06,3.16e-06,0,0.1498569,0.1498569,0.1498569,0,0.0,0.0,0.0,0,0.00025,0.00025,0.00025,0,0.00031,0.00031,0.00031,0
1611,Flexitol,correct drug name,BN,high,single,1611,0,Flexitol,Flexitol,flexitol,BN,high,0.00661214,0.00661214,0.00661214,0,0.24082464,0.24082464,0.24082464,0,1.0,1.0,0.25,1,0.00179,0.00179,0.00179,0,0.00195,0.00195,0.00195,0
1612,Peridex,correct drug name,BN,high,single,1612,0,Peridex,Peridex,peridex,BN,high,0.99667895,0.99667895,0.99667895,1,0.29561862,0.29561862,0.29561862,0,1.0,1.0,0.25,1,0.0004,0.0004,0.0004,0,0.00054,0.00054,0.00054,0
1613,FazaClo,correct drug name,BN,high,single,1613,0,FazaClo,FazaClo,fazaclo,BN,high,0.99999797,0.99999797,0.99999797,1,0.04260969,0.04260969,0.04260969,0,0.0,0.0,0.0,0,0.32062,0.32062,0.32062,0,0.01358,0.01358,0.01358,0
1614,Metrogel,correct drug name,BN,high,single,1614,0,Metrogel,Metrogel,metrogel,BN,high,7.389e-05,7.389e-05,7.389e-05,0,0.30171081,0.30171081,0.30171081,0,0.0,0.0,0.0,0,0.00134,0.00134,0.00134,0,0.00059,0.00059,0.00059,0
1615,Cytomel,correct drug name,BN,high,single,1615,0,Cytomel,Cytomel,cytomel,BN,high,0.00010921,0.00010921,0.00010921,0,0.16158319,0.16158319,0.16158319,0,0.0,0.0,0.0,0,0.00106,0.00106,0.00106,0,0.00082,0.00082,0.00082,0
1616,Fortical,correct drug name,BN,high,single,1616,0,Fortical,Fortical,fortical,BN,high,2.22e-06,2.22e-06,2.22e-06,0,0.48042896,0.48042896,0.48042896,1,1.0,1.0,0.25,1,0.00074,0.00074,0.00074,0,0.02071,0.02071,0.02071,0
1617,LubriSoft,correct drug name,BN,high,single,1617,0,LubriSoft,LubriSoft,lubrisoft,BN,high,0.99999952,0.99999952,0.99999952,1,0.70772719,0.70772719,0.70772719,1,1.0,3.0,0.75,1,0.00066,0.00066,0.00066,0,0.99954,0.99954,0.99954,1
1618,Fluoridex,correct drug name,BN,high,single,1618,0,Fluoridex,Fluoridex,fluoridex,BN,high,0.00027236,0.00027236,0.00027236,0,0.70772719,0.70772719,0.70772719,1,0.0,0.0,0.0,0,0.00117,0.00117,0.00117,0,0.00128,0.00128,0.00128,0
1619,Farxiga,correct drug name,BN,high,single,1619,0,Farxiga,Farxiga,farxiga,BN,high,0.20075671,0.20075671,0.20075671,1,0.10302238,0.10302238,0.10302238,0,0.0,0.0,0.0,0,0.00338,0.00338,0.00338,0,0.01349,0.01349,0.01349,0
1620,Risperdal,correct drug name,BN,high,single,1620,0,Risperdal,Risperdal,risperdal,BN,high,1.49e-06,1.49e-06,1.49e-06,0,0.14236604,0.14236604,0.14236604,0,0.0,0.0,0.0,0,0.00115,0.00115,0.00115,0,0.03481,0.03481,0.03481,0
1621,Dermacloud,correct drug name,BN,high,single,1621,0,Dermacloud,Dermacloud,dermacloud,BN,high,1.488e-05,1.488e-05,1.488e-05,0,0.70772719,0.70772719,0.70772719,1,0.0,0.0,0.0,0,0.00117,0.00117,0.00117,0,0.00041,0.00041,0.00041,0
1622,Nucynta,correct drug name,BN,high,single,1622,0,Nucynta,Nucynta,nucynta,BN,high,2.37e-05,2.37e-05,2.37e-05,0,0.29421639,0.29421639,0.29421639,0,0.0,0.0,0.0,0,0.00173,0.00173,0.00173,0,0.00953,0.00953,0.00953,0
1623,Salonpas,correct drug name,BN,high,single,1623,0,Salonpas,Salonpas,salonpas,BN,high,0.29169303,0.29169303,0.29169303,1,0.70772719,0.70772719,0.70772719,1,0.0,0.0,0.0,0,0.00042,0.00042,0.00042,0,0.00034,0.00034,0.00034,0
1624,Juluca,correct drug name,BN,high,single,1624,0,Juluca,Juluca,juluca,BN,high,3.582e-05,3.582e-05,3.582e-05,0,0.70772719,0.70772719,0.70772719,1,0.0,0.0,0.0,0,0.00823,0.00823,0.00823,0,0.03168,0.03168,0.03168,0
1625,phenelzine,correct drug name,IN,high,single,1625,0,phenelzine,phenelzine,phenelzine,IN,high,4.58e-06,4.58e-06,4.58e-06,0,0.18553819,0.18553819,0.18553819,0,0.0,0.0,0.0,0,0.0003,0.0003,0.0003,0,0.00047,0.00047,0.00047,0
1626,Desonide,correct drug name,IN,high,single,1626,0,Desonide,Desonide,desonide,IN,high,7.1e-06,7.1e-06,7.1e-06,0,0.15725356,0.15725356,0.15725356,0,0.0,0.0,0.0,0,0.00215,0.00215,0.00215,0,0.0008,0.0008,0.0008,0
1627,Nateglinide,correct drug name,IN,high,single,1627,0,Nateglinide,Nateglinide,nateglinide,IN,high,2.512e-05,2.512e-05,2.512e-05,0,0.10211032,0.10211032,0.10211032,0,0.0,0.0,0.0,0,0.00048,0.00048,0.00048,0,0.00035,0.00035,0.00035,0
1628,Chlorthalidone,correct drug name,IN,high,single,1628,0,Chlorthalidone,Chlorthalidone,chlorthalidone,IN,high,0.99999237,0.99999237,0.99999237,1,0.17133972,0.17133972,0.17133972,0,0.0,0.0,0.0,0,0.00048,0.00048,0.00048,0,0.00231,0.00231,0.00231,0
1629,Theo-24,correct drug name,BN,high,single,1629,0,Theo-24,Theo-24,theo-24,BN,high,7.122e-05,7.122e-05,7.122e-05,0,0.0819772,0.0819772,0.0819772,0,0.0,0.0,0.0,0,0.00322,0.00322,0.00322,0,0.0011,0.0011,0.0011,0
1630,Sensipar,correct drug name,BN,high,single,1630,0,Sensipar,Sensipar,sensipar,BN,high,0.68795717,0.68795717,0.68795717,1,0.13598385,0.13598385,0.13598385,0,0.0,0.0,0.0,0,0.00328,0.00328,0.00328,0,0.00034,0.00034,0.00034,0
1631,Insta-Glucose,correct drug name,BN,high,single,1631,0,Insta-Glucose,Insta-Glucose,insta-glucose,BN,high,0.99999976,0.99999976,0.99999976,1,0.35728893,0.35728893,0.35728893,0,0.0,0.0,0.0,0,0.32741,0.32741,0.32741,0,0.01614,0.01614,0.01614,0
1632,Flonase,correct drug name,BN,high,single,1632,0,Flonase,Flonase,flonase,BN,high,1.951e-05,1.951e-05,1.951e-05,0,0.34721804,0.34721804,0.34721804,0,0.0,0.0,0.0,0,0.00456,0.00456,0.00456,0,0.00041,0.00041,0.00041,0
1633,Modafinil,correct drug name,IN,high,single,1633,0,Modafinil,Modafinil,modafinil,IN,high,0.27883735,0.27883735,0.27883735,1,0.12166063,0.12166063,0.12166063,0,0.0,0.0,0.0,0,0.00072,0.00072,0.00072,0,0.004,0.004,0.004,0
1634,Provera,correct drug name,BN,high,single,1634,0,Provera,Provera,provera,BN,high,6.878e-05,6.878e-05,6.878e-05,0,0.22835246,0.22835246,0.22835246,0,0.0,0.0,0.0,0,0.00087,0.00087,0.00087,0,0.0008,0.0008,0.0008,0
1635,I-Caps,correct drug name,BN,high,single,1635,0,I-Caps,I-Caps,i-caps,BN,high,0.99999964,0.99999964,0.99999964,1,0.39712319,0.39712319,0.39712319,1,1.0,3.0,0.75,1,0.0128,0.0128,0.0128,0,0.9985,0.9985,0.9985,1
1636,Aromasin,correct drug name,BN,high,single,1636,0,Aromasin,Aromasin,aromasin,BN,high,1.525e-05,1.525e-05,1.525e-05,0,0.12039621,0.12039621,0.12039621,0,0.0,0.0,0.0,0,0.00081,0.00081,0.00081,0,0.00124,0.00124,0.00124,0
1637,Veltassa,correct drug name,BN,high,single,1637,0,Veltassa,Veltassa,veltassa,BN,high,0.00603498,0.00603498,0.00603498,0,0.35139316,0.35139316,0.35139316,0,0.0,0.0,0.0,0,0.00084,0.00084,0.00084,0,0.00106,0.00106,0.00106,0
1638,Bengay,correct drug name,BN,high,single,1638,0,Bengay,Bengay,bengay,BN,high,2.128e-05,2.128e-05,2.128e-05,0,0.55458987,0.55458987,0.55458987,1,0.0,0.0,0.0,0,0.0002,0.0002,0.0002,0,0.00038,0.00038,0.00038,0
1639,Hiprex,correct drug name,BN,high,single,1639,0,Hiprex,Hiprex,hiprex,BN,high,5.28e-06,5.28e-06,5.28e-06,0,0.17770647,0.17770647,0.17770647,0,1.0,3.0,0.75,1,0.99178,0.99178,0.99178,1,0.00273,0.00273,0.00273,0
1640,LamISIL,correct drug name,BN,high,single,1640,0,LamISIL,LamISIL,lamisil,BN,high,0.99999952,0.99999952,0.99999952,1,0.09587509,0.09587509,0.09587509,0,0.0,0.0,0.0,0,0.00372,0.00372,0.00372,0,0.00082,0.00082,0.00082,0
1641,citalopram,correct drug name,IN,high,single,1641,0,citalopram,citalopram,citalopram,IN,high,4.616e-05,4.616e-05,4.616e-05,0,0.13270457,0.13270457,0.13270457,0,0.0,0.0,0.0,0,0.00021,0.00021,0.00021,0,0.00307,0.00307,0.00307,0
1642,Melatonin,correct drug name,IN,high,single,1642,0,Melatonin,Melatonin,melatonin,IN,high,0.07896212,0.07896212,0.07896212,0,0.26692757,0.26692757,0.26692757,0,0.0,0.0,0.0,0,0.0002,0.0002,0.0002,0,0.00334,0.00334,0.00334,0
1643,Thera-Tabs,correct drug name,BN,high,single,1643,0,Thera-Tabs,Thera-Tabs,thera-tabs,BN,high,0.99986506,0.99986506,0.99986506,1,0.70772719,0.70772719,0.70772719,1,0.0,0.0,0.0,0,0.00108,0.00108,0.00108,0,0.00026,0.00026,0.00026,0
1644,Benazepril-hydroCHLOROthiazide,correct drug name,BN,high,single,1644,0,Benazepril-hydroCHLOROthiazide,Benazepril-hydroCHLOROthiazide,benazepril-hydrochlorothiazide,BN,high,0.227806,0.227806,0.227806,1,0.12728952,0.12728952,0.12728952,0,0.0,0.0,0.0,0,0.00077,0.00077,0.00077,0,0.00032,0.00032,0.00032,0
1645,Empagliflozin,correct drug name,IN,high,single,1645,0,Empagliflozin,Empagliflozin,empagliflozin,IN,high,0.00018946,0.00018946,0.00018946,0,0.15371528,0.15371528,0.15371528,0,0.0,0.0,0.0,0,0.00043,0.00043,0.00043,0,0.00521,0.00521,0.00521,0
1646,amikacin,correct drug name,IN,high,single,1646,0,amikacin,amikacin,amikacin,IN,high,1.124e-05,1.124e-05,1.124e-05,0,0.14059426,0.14059426,0.14059426,0,0.0,0.0,0.0,0,0.00065,0.00065,0.00065,0,0.00038,0.00038,0.00038,0
1647,Patanol,correct drug name,BN,high,single,1647,0,Patanol,Patanol,patanol,BN,high,0.00019141,0.00019141,0.00019141,0,0.18365507,0.18365507,0.18365507,0,0.0,0.0,0.0,0,0.00183,0.00183,0.00183,0,0.00048,0.00048,0.00048,0
1648,Biktarvy,correct drug name,BN,high,single,1648,0,Biktarvy,Biktarvy,biktarvy,BN,high,0.87036622,0.87036622,0.87036622,1,0.21101467,0.21101467,0.21101467,0,0.0,0.0,0.0,0,0.10364,0.10364,0.10364,0,0.99922,0.99922,0.99922,1
1649,Mevacor,correct drug name,BN,high,single,1649,0,Mevacor,Mevacor,mevacor,BN,high,2.62e-06,2.62e-06,2.62e-06,0,0.10685738,0.10685738,0.10685738,0,0.0,0.0,0.0,0,0.00234,0.00234,0.00234,0,0.00061,0.00061,0.00061,0
1650,risperiDONE,correct drug name,IN,high,single,1650,0,risperiDONE,risperiDONE,risperidone,IN,high,0.99999952,0.99999952,0.99999952,1,0.26998597,0.26998597,0.26998597,0,0.0,0.0,0.0,0,0.00052,0.00052,0.00052,0,0.00482,0.00482,0.00482,0
1651,cetirizine,correct drug name,IN,high,single,1651,0,cetirizine,cetirizine,cetirizine,IN,high,0.00014824,0.00014824,0.00014824,0,0.1291444,0.1291444,0.1291444,0,0.0,0.0,0.0,0,0.00046,0.00046,0.00046,0,0.00032,0.00032,0.00032,0
1652,Isentress,correct drug name,BN,high,single,1652,0,Isentress,Isentress,isentress,BN,high,9.169e-05,9.169e-05,9.169e-05,0,0.3274639,0.3274639,0.3274639,0,0.0,0.0,0.0,0,0.01924,0.01924,0.01924,0,0.00192,0.00192,0.00192,0
1653,Foltx,correct drug name,BN,high,single,1653,0,Foltx,Foltx,foltx,BN,high,0.68131614,0.68131614,0.68131614,1,0.34436187,0.34436187,0.34436187,0,0.0,0.0,0.0,0,0.0029,0.0029,0.0029,0,0.76482,0.76482,0.76482,1
1654,Folvite-D,correct drug name,BN,high,single,1654,0,Folvite-D,Folvite-D,folvite-d,BN,high,0.49883306,0.49883306,0.49883306,1,0.70772719,0.70772719,0.70772719,1,1.0,0.0,0.0,1,0.00314,0.00314,0.00314,0,0.9992,0.9992,0.9992,1
1655,Spirometer,correct non-drug name,IN,high,single,1655,0,Spirometer,Spirometer,spirometer,IN,high,0.00279236,0.00279236,0.00279236,0,0.41596919,0.41596919,0.41596919,1,0.0,0.0,0.0,0,0.00044,0.00044,0.00044,0,0.00218,0.00218,0.00218,0
1656,Cymbalta,correct drug name,BN,high,single,1656,0,Cymbalta,Cymbalta,cymbalta,BN,high,4.46e-06,4.46e-06,4.46e-06,0,0.1672882,0.1672882,0.1672882,0,0.0,0.0,0.0,0,0.0003,0.0003,0.0003,0,0.00274,0.00274,0.00274,0
1657,Librax,correct drug name,BN,high,single,1657,0,Librax,Librax,librax,BN,high,1.943e-05,1.943e-05,1.943e-05,0,0.17110536,0.17110536,0.17110536,0,0.0,0.0,0.0,0,0.00168,0.00168,0.00168,0,0.00324,0.00324,0.00324,0
1658,Xenaderm,correct drug name,BN,high,single,1658,0,Xenaderm,Xenaderm,xenaderm,BN,high,2.237e-05,2.237e-05,2.237e-05,0,0.12595268,0.12595268,0.12595268,0,0.0,0.0,0.0,0,0.00178,0.00178,0.00178,0,0.00067,0.00067,0.00067,0
1659,Venofer,correct drug name,BN,high,single,1659,0,Venofer,Venofer,venofer,BN,high,1.05e-06,1.05e-06,1.05e-06,0,0.23569997,0.23569997,0.23569997,0,0.0,0.0,0.0,0,0.00454,0.00454,0.00454,0,0.00104,0.00104,0.00104,0
1660,Cozaar,correct drug name,BN,high,single,1660,0,Cozaar,Cozaar,cozaar,BN,high,1.16e-06,1.16e-06,1.16e-06,0,0.23537889,0.23537889,0.23537889,0,0.0,0.0,0.0,0,0.00162,0.00162,0.00162,0,0.00041,0.00041,0.00041,0
1661,Testosterone,correct drug name,IN,high,single,1661,0,Testosterone,Testosterone,testosterone,IN,high,3.639e-05,3.639e-05,3.639e-05,0,0.60155618,0.60155618,0.60155618,1,0.0,0.0,0.0,0,0.00158,0.00158,0.00158,0,0.00081,0.00081,0.00081,0
1662,Chlor-Trimeton,correct drug name,BN,high,single,1662,0,Chlor-Trimeton,Chlor-Trimeton,chlor-trimeton,BN,high,0.99999964,0.99999964,0.99999964,1,0.14239757,0.14239757,0.14239757,0,0.0,0.0,0.0,0,0.00039,0.00039,0.00039,0,0.00054,0.00054,0.00054,0
1663,colesevelam,correct drug name,IN,high,single,1663,0,colesevelam,colesevelam,colesevelam,IN,high,4.75e-06,4.75e-06,4.75e-06,0,0.17255352,0.17255352,0.17255352,0,0.0,0.0,0.0,0,0.00024,0.00024,0.00024,0,0.00041,0.00041,0.00041,0
1664,arformoterol,correct drug name,IN,high,single,1664,0,arformoterol,arformoterol,arformoterol,IN,high,3.547e-05,3.547e-05,3.547e-05,0,0.34364533,0.34364533,0.34364533,0,0.0,0.0,0.0,0,0.0021,0.0021,0.0021,0,0.00393,0.00393,0.00393,0
1665,Calmoseptine,correct drug name,BN,high,single,1665,0,Calmoseptine,Calmoseptine,calmoseptine,BN,high,0.7424832,0.7424832,0.7424832,1,0.16947456,0.16947456,0.16947456,0,0.0,0.0,0.0,0,0.00052,0.00052,0.00052,0,0.00067,0.00067,0.00067,0
1666,Zinc,correct drug name,IN,high,single,1666,0,Zinc,Zinc,zinc,IN,high,0.99999702,0.99999702,0.99999702,1,0.63796812,0.63796812,0.63796812,1,0.0,0.0,0.0,0,0.0005,0.0005,0.0005,0,0.00129,0.00129,0.00129,0
1667,Plaquenil,correct drug name,BN,high,single,1667,0,Plaquenil,Plaquenil,plaquenil,BN,high,1.97e-06,1.97e-06,1.97e-06,0,0.20114745,0.20114745,0.20114745,0,1.0,0.0,0.0,1,0.00048,0.00048,0.00048,0,0.00028,0.00028,0.00028,0
1668,Expedite,correct drug name,BN,high,single,1668,0,Expedite,Expedite,expedite,BN,high,7.25e-06,7.25e-06,7.25e-06,0,0.47939166,0.47939166,0.47939166,1,0.0,0.0,0.0,0,0.99704,0.99704,0.99704,1,0.00485,0.00485,0.00485,0
1669,Povidone-Iodine,correct drug name,IN,high,single,1669,0,Povidone-Iodine,Povidone-Iodine,povidone-iodine,IN,high,1.28e-06,1.28e-06,1.28e-06,0,0.23217133,0.23217133,0.23217133,0,0.0,0.0,0.0,0,0.00285,0.00285,0.00285,0,0.00043,0.00043,0.00043,0
1670,ampicillin-sulbactam,correct drug name,BN,high,single,1670,0,ampicillin-sulbactam,ampicillin-sulbactam,ampicillin-sulbactam,BN,high,6.915e-05,6.915e-05,6.915e-05,0,0.18470585,0.18470585,0.18470585,0,0.0,0.0,0.0,0,0.00027,0.00027,0.00027,0,0.00024,0.00024,0.00024,0
1671,NasoGel,correct drug name,BN,high,single,1671,0,NasoGel,NasoGel,nasogel,BN,high,0.99995267,0.99995267,0.99995267,1,0.70772719,0.70772719,0.70772719,1,0.0,0.0,0.0,0,0.00168,0.00168,0.00168,0,0.9799,0.9799,0.9799,1
1672,Sprycel,correct drug name,BN,high,single,1672,0,Sprycel,Sprycel,sprycel,BN,high,0.98329133,0.98329133,0.98329133,1,0.13649227,0.13649227,0.13649227,0,0.0,0.0,0.0,0,0.00546,0.00546,0.00546,0,0.00555,0.00555,0.00555,0
1673,Absorbase,correct drug name,BN,high,single,1673,0,Absorbase,Absorbase,absorbase,BN,high,5.891e-05,5.891e-05,5.891e-05,0,0.29558018,0.29558018,0.29558018,0,0.0,0.0,0.0,0,0.00069,0.00069,0.00069,0,0.00148,0.00148,0.00148,0
1674,L-Theanine,correct drug name,IN,high,single,1674,0,L-Theanine,L-Theanine,l-theanine,IN,high,0.81487352,0.81487352,0.81487352,1,0.22805983,0.22805983,0.22805983,0,0.0,0.0,0.0,0,0.0003,0.0003,0.0003,0,0.00047,0.00047,0.00047,0
1675,Yupelri,correct drug name,BN,high,single,1675,0,Yupelri,Yupelri,yupelri,BN,high,0.99999988,0.99999988,0.99999988,1,0.70772719,0.70772719,0.70772719,1,0.0,0.0,0.0,0,0.07411,0.07411,0.07411,0,0.99862,0.99862,0.99862,1
1676,Ferro-Sequels,correct drug name,BN,high,single,1676,0,Ferro-Sequels,Ferro-Sequels,ferro-sequels,BN,high,3.41e-06,3.41e-06,3.41e-06,0,0.24458095,0.24458095,0.24458095,0,0.0,0.0,0.0,0,0.00203,0.00203,0.00203,0,0.00104,0.00104,0.00104,0
1677,Aspir-Low,correct drug name,BN,high,single,1677,0,Aspir-Low,Aspir-Low,aspir-low,BN,high,0.16343339,0.16343339,0.16343339,1,0.70772719,0.70772719,0.70772719,1,1.0,3.0,0.75,1,0.00049,0.00049,0.00049,0,0.66261,0.66261,0.66261,1
1678,Loprox,correct drug name,BN,high,single,1678,0,Loprox,Loprox,loprox,BN,high,0.9991774,0.9991774,0.9991774,1,0.26689067,0.26689067,0.26689067,0,0.0,0.0,0.0,0,0.00049,0.00049,0.00049,0,0.00578,0.00578,0.00578,0
1679,dicyclomine,correct drug name,IN,high,single,1679,0,dicyclomine,dicyclomine,dicyclomine,IN,high,1.777e-05,1.777e-05,1.777e-05,0,0.17100419,0.17100419,0.17100419,0,0.0,0.0,0.0,0,0.00039,0.00039,0.00039,0,0.00068,0.00068,0.00068,0
1680,RisaQuad,correct drug name,BN,high,single,1680,0,RisaQuad,RisaQuad,risaquad,BN,high,0.99999118,0.99999118,0.99999118,1,0.70772719,0.70772719,0.70772719,1,0.0,0.0,0.0,0,0.00104,0.00104,0.00104,0,0.00039,0.00039,0.00039,0
1681,Floranex,correct drug name,BN,high,single,1681,0,Floranex,Floranex,floranex,BN,high,0.00245164,0.00245164,0.00245164,0,0.2059029,0.2059029,0.2059029,0,0.0,0.0,0.0,0,0.00138,0.00138,0.00138,0,0.00047,0.00047,0.00047,0
1682,Caplyta,correct drug name,BN,high,single,1682,0,Caplyta,Caplyta,caplyta,BN,high,0.9983272,0.9983272,0.9983272,1,0.70772719,0.70772719,0.70772719,1,0.0,0.0,0.0,0,0.00159,0.00159,0.00159,0,0.00407,0.00407,0.00407,0
1683,Symfi,correct drug name,BN,high,single,1683,0,Symfi,Symfi,symfi,BN,high,0.97712201,0.97712201,0.97712201,1,0.70772719,0.70772719,0.70772719,1,0.0,0.0,0.0,0,0.99823,0.99823,0.99823,1,0.99909,0.99909,0.99909,1
1684,Chapstick,correct drug name,BN,high,single,1684,0,Chapstick,Chapstick,chapstick,BN,high,0.32231054,0.32231054,0.32231054,1,0.47269243,0.47269243,0.47269243,1,0.0,0.0,0.0,0,0.00049,0.00049,0.00049,0,0.00949,0.00949,0.00949,0
1685,Nizatidine,correct drug name,IN,high,single,1685,0,Nizatidine,Nizatidine,nizatidine,IN,high,6.93e-06,6.93e-06,6.93e-06,0,0.10768742,0.10768742,0.10768742,0,0.0,0.0,0.0,0,0.00145,0.00145,0.00145,0,0.00036,0.00036,0.00036,0
1686,Topiragen,correct drug name,BN,high,single,1686,0,Topiragen,Topiragen,topiragen,BN,high,8.833e-05,8.833e-05,8.833e-05,0,0.70772719,0.70772719,0.70772719,1,0.0,0.0,0.0,0,0.0013,0.0013,0.0013,0,0.00403,0.00403,0.00403,0
1687,Isoniazid,correct drug name,IN,high,single,1687,0,Isoniazid,Isoniazid,isoniazid,IN,high,0.51403385,0.51403385,0.51403385,1,0.15681942,0.15681942,0.15681942,0,0.0,0.0,0.0,0,0.0004,0.0004,0.0004,0,0.00024,0.00024,0.00024,0
1688,Erleada,correct drug name,BN,high,single,1688,0,Erleada,Erleada,erleada,BN,high,0.11398552,0.11398552,0.11398552,0,0.24772641,0.24772641,0.24772641,0,0.0,0.0,0.0,0,0.99984,0.99984,0.99984,1,0.9995,0.9995,0.9995,1
1689,Sirolimus,correct drug name,IN,high,single,1689,0,Sirolimus,Sirolimus,sirolimus,IN,high,6.69e-06,6.69e-06,6.69e-06,0,0.21006213,0.21006213,0.21006213,0,0.0,0.0,0.0,0,0.00046,0.00046,0.00046,0,0.0006,0.0006,0.0006,0
1690,Replace,correct non-drug name,,high,single,1690,0,Replace,Replace,replace,nan,high,2.76e-06,2.76e-06,2.76e-06,0,0.74380034,0.74380034,0.74380034,1,0.0,0.0,0.0,0,0.00054,0.00054,0.00054,0,0.00487,0.00487,0.00487,0
1691,Calcitrate,correct drug name,BN,high,single,1691,0,Calcitrate,Calcitrate,calcitrate,BN,high,0.00919166,0.00919166,0.00919166,0,0.61721206,0.61721206,0.61721206,1,0.0,0.0,0.0,0,0.00165,0.00165,0.00165,0,0.00029,0.00029,0.00029,0
1692,Nizoral,correct drug name,BN,high,single,1692,0,Nizoral,Nizoral,nizoral,BN,high,1.438e-05,1.438e-05,1.438e-05,0,0.23738118,0.23738118,0.23738118,0,0.0,0.0,0.0,0,0.00236,0.00236,0.00236,0,0.01801,0.01801,0.01801,0
1693,Hair/Skin/Nails,correct drug name,IN,high,single,1693,0,Hair/Skin/Nails,Hair/Skin/Nails,hair/skin/nails,IN,high,0.99999559,0.99999559,0.99999559,1,0.59290957,0.59290957,0.59290957,1,1.0,0.0,0.0,1,0.00155,0.00155,0.00155,0,0.00032,0.00032,0.00032,0
1694,Lumigan,correct drug name,BN,high,single,1694,0,Lumigan,Lumigan,lumigan,BN,high,0.99999988,0.99999988,0.99999988,1,0.22672294,0.22672294,0.22672294,0,0.0,0.0,0.0,0,0.87093,0.87093,0.87093,1,0.00036,0.00036,0.00036,0
1695,Buprenorphine,correct drug name,IN,high,single,1695,0,Buprenorphine,Buprenorphine,buprenorphine,IN,high,0.99995673,0.99995673,0.99995673,1,0.1187231,0.1187231,0.1187231,0,0.0,0.0,0.0,0,0.00101,0.00101,0.00101,0,0.00587,0.00587,0.00587,0
1696,CeraVe,correct drug name,BN,high,single,1696,0,CeraVe,CeraVe,cerave,BN,high,0.99411774,0.99411774,0.99411774,1,0.30269915,0.30269915,0.30269915,0,0.0,0.0,0.0,0,0.00064,0.00064,0.00064,0,0.00029,0.00029,0.00029,0
1697,prednisoLONE-Moxifloxacin,correct drug name,IN,high,single,1697,0,prednisoLONE-Moxifloxacin,prednisoLONE-Moxifloxacin,prednisolone-moxifloxacin,IN,high,0.99866009,0.99866009,0.99866009,1,0.70772719,0.70772719,0.70772719,1,1.0,0.0,0.0,1,0.00228,0.00228,0.00228,0,0.00024,0.00024,0.00024,0
1698,Antacid,correct drug name,IN,high,single,1698,0,Antacid,Antacid,antacid,IN,high,0.31234935,0.31234935,0.31234935,1,0.49661276,0.49661276,0.49661276,1,0.0,0.0,0.0,0,0.00024,0.00024,0.00024,0,0.00096,0.00096,0.00096,0
1699,Fosamax,correct drug name,BN,high,single,1699,0,Fosamax,Fosamax,fosamax,BN,high,0.0001019,0.0001019,0.0001019,0,0.18493903,0.18493903,0.18493903,0,0.0,0.0,0.0,0,0.00242,0.00242,0.00242,0,0.00031,0.00031,0.00031,0
1700,Calmodrox,correct drug name,BN,high,single,1700,0,Calmodrox,Calmodrox,calmodrox,BN,high,0.95707685,0.95707685,0.95707685,1,0.70772719,0.70772719,0.70772719,1,0.0,0.0,0.0,0,0.00087,0.00087,0.00087,0,0.00606,0.00606,0.00606,0
1701,amiodarone,correct drug name,IN,high,single,1701,0,amiodarone,amiodarone,amiodarone,IN,high,0.00069316,0.00069316,0.00069316,0,0.16224942,0.16224942,0.16224942,0,0.0,0.0,0.0,0,0.0003,0.0003,0.0003,0,0.00026,0.00026,0.00026,0
1702,Norvasc,correct drug name,BN,high,single,1702,0,Norvasc,Norvasc,norvasc,BN,high,8.02e-06,8.02e-06,8.02e-06,0,0.19335918,0.19335918,0.19335918,0,0.0,0.0,0.0,0,0.00023,0.00023,0.00023,0,0.00123,0.00123,0.00123,0
1703,Riboflavin,correct drug name,IN,high,single,1703,0,Riboflavin,Riboflavin,riboflavin,IN,high,1.125e-05,1.125e-05,1.125e-05,0,0.29381809,0.29381809,0.29381809,0,0.0,0.0,0.0,0,0.00045,0.00045,0.00045,0,0.00055,0.00055,0.00055,0
1704,Cleocin-T,correct drug name,BN,high,single,1704,0,Cleocin-T,Cleocin-T,cleocin-t,BN,high,8.932e-05,8.932e-05,8.932e-05,0,0.12108437,0.12108437,0.12108437,0,0.0,0.0,0.0,0,0.00738,0.00738,0.00738,0,0.36549,0.36549,0.36549,0
1705,Dramamine,correct drug name,BN,high,single,1705,0,Dramamine,Dramamine,dramamine,BN,high,6.5e-06,6.5e-06,6.5e-06,0,0.30726945,0.30726945,0.30726945,0,0.0,0.0,0.0,0,0.0006,0.0006,0.0006,0,0.00044,0.00044,0.00044,0
1706,Etodolac,correct drug name,IN,high,single,1706,0,Etodolac,Etodolac,etodolac,IN,high,0.00174785,0.00174785,0.00174785,0,0.04558085,0.04558085,0.04558085,0,0.0,0.0,0.0,0,0.00061,0.00061,0.00061,0,0.01073,0.01073,0.01073,0
1707,PMS-Herbal,correct drug name,IN,high,single,1707,0,PMS-Herbal,PMS-Herbal,pms-herbal,IN,high,0.53975904,0.53975904,0.53975904,1,0.70772719,0.70772719,0.70772719,1,1.0,0.0,0.0,1,0.00063,0.00063,0.00063,0,0.00066,0.00066,0.00066,0
1708,Baqsimi,correct drug name,BN,high,single,1708,0,Baqsimi,Baqsimi,baqsimi,BN,high,0.99980754,0.99980754,0.99980754,1,0.70772719,0.70772719,0.70772719,1,0.0,0.0,0.0,0,0.04555,0.04555,0.04555,0,0.00645,0.00645,0.00645,0
1709,Acidoll,correct drug name,BN,high,single,1709,0,Acidoll,Acidoll,acidoll,BN,high,0.9999994,0.9999994,0.9999994,1,0.70772719,0.70772719,0.70772719,1,1.0,3.0,0.75,1,0.99939,0.99939,0.99939,1,0.99972,0.99972,0.99972,1
1710,Prochlorperazine,correct drug name,IN,high,single,1710,0,Prochlorperazine,Prochlorperazine,prochlorperazine,IN,high,0.02416196,0.02416196,0.02416196,0,0.24742334,0.24742334,0.24742334,0,0.0,0.0,0.0,0,0.00033,0.00033,0.00033,0,0.00089,0.00089,0.00089,0
1711,pancrelipase,correct drug name,IN,high,single,1711,0,pancrelipase,pancrelipase,pancrelipase,IN,high,3.68e-05,3.68e-05,3.68e-05,0,0.42397195,0.42397195,0.42397195,1,0.0,0.0,0.0,0,0.00039,0.00039,0.00039,0,0.00328,0.00328,0.00328,0
1712,venlafaxine,correct drug name,IN,high,single,1712,0,venlafaxine,venlafaxine,venlafaxine,IN,high,4.591e-05,4.591e-05,4.591e-05,0,0.18743576,0.18743576,0.18743576,0,0.0,0.0,0.0,0,0.00074,0.00074,0.00074,0,0.00046,0.00046,0.00046,0
1713,pioglitazone,correct drug name,IN,high,single,1713,0,pioglitazone,pioglitazone,pioglitazone,IN,high,7.162e-05,7.162e-05,7.162e-05,0,0.11940689,0.11940689,0.11940689,0,0.0,0.0,0.0,0,0.00086,0.00086,0.00086,0,0.00066,0.00066,0.00066,0
1714,Indapamide,correct drug name,IN,high,single,1714,0,Indapamide,Indapamide,indapamide,IN,high,2.319e-05,2.319e-05,2.319e-05,0,0.11395326,0.11395326,0.11395326,0,0.0,0.0,0.0,0,0.00453,0.00453,0.00453,0,0.0009,0.0009,0.0009,0
1715,Senokot,correct drug name,BN,high,single,1715,0,Senokot,Senokot,senokot,BN,high,2.499e-05,2.499e-05,2.499e-05,0,0.30124047,0.30124047,0.30124047,0,0.0,0.0,0.0,0,0.0002,0.0002,0.0002,0,0.00078,0.00078,0.00078,0
1716,Optic-Vites,nonstandard,BN,high,single,1716,1,Optic-Vites,Optic-Vites,optic-vites,BN,high,0.98448253,0.98448253,0.98448253,1,0.70772719,0.70772719,0.70772719,1,1.0,0.0,0.0,1,0.25885,0.25885,0.25885,0,0.00043,0.00043,0.00043,0
1717,Domeboro,correct drug name,BN,high,single,1717,0,Domeboro,Domeboro,domeboro,BN,high,1.495e-05,1.495e-05,1.495e-05,0,0.33702382,0.33702382,0.33702382,0,0.0,0.0,0.0,0,0.00094,0.00094,0.00094,0,0.00048,0.00048,0.00048,0
1718,Docuprene,correct drug name,BN,high,single,1718,0,Docuprene,Docuprene,docuprene,BN,high,4.38e-06,4.38e-06,4.38e-06,0,0.70772719,0.70772719,0.70772719,1,0.0,0.0,0.0,0,0.00089,0.00089,0.00089,0,0.00559,0.00559,0.00559,0
1719,Lithostat,correct drug name,BN,high,single,1719,0,Lithostat,Lithostat,lithostat,BN,high,0.00078662,0.00078662,0.00078662,0,0.27364466,0.27364466,0.27364466,0,0.0,0.0,0.0,0,0.00122,0.00122,0.00122,0,0.00164,0.00164,0.00164,0
1720,Zyrtec-D,correct drug name,BN,high,single,1720,0,Zyrtec-D,Zyrtec-D,zyrtec-d,BN,high,0.00394626,0.00394626,0.00394626,0,0.14948456,0.14948456,0.14948456,0,0.0,0.0,0.0,0,0.00177,0.00177,0.00177,0,0.00073,0.00073,0.00073,0
1721,cevimeline,correct drug name,IN,high,single,1721,0,cevimeline,cevimeline,cevimeline,IN,high,6.374e-05,6.374e-05,6.374e-05,0,0.11080691,0.11080691,0.11080691,0,0.0,0.0,0.0,0,0.00099,0.00099,0.00099,0,0.00063,0.00063,0.00063,0
1722,KlonoPIN,correct drug name,BN,high,single,1722,0,KlonoPIN,KlonoPIN,klonopin,BN,high,9.3e-07,9.3e-07,9.3e-07,0,0.20693934,0.20693934,0.20693934,0,0.0,0.0,0.0,0,0.00214,0.00214,0.00214,0,0.00449,0.00449,0.00449,0
1723,Slow-Mag,correct drug name,BN,high,single,1723,0,Slow-Mag,Slow-Mag,slow-mag,BN,high,0.0069547,0.0069547,0.0069547,0,0.23162876,0.23162876,0.23162876,0,0.0,0.0,0.0,0,0.00212,0.00212,0.00212,0,0.00081,0.00081,0.00081,0
1724,HyperSal,correct drug name,BN,high,single,1724,0,HyperSal,HyperSal,hypersal,BN,high,0.99974674,0.99974674,0.99974674,1,0.70772719,0.70772719,0.70772719,1,1.0,3.0,0.75,1,0.00551,0.00551,0.00551,0,0.00174,0.00174,0.00174,0
1725,levETIRAcetam,correct drug name,IN,high,single,1725,0,levETIRAcetam,levETIRAcetam,levetiracetam,IN,high,0.8413015,0.8413015,0.8413015,1,0.11838875,0.11838875,0.11838875,0,0.0,0.0,0.0,0,0.00027,0.00027,0.00027,0,0.00028,0.00028,0.00028,0
1726,Cranberry,correct drug name,IN,high,single,1726,0,Cranberry,Cranberry,cranberry,IN,high,3.842e-05,3.842e-05,3.842e-05,0,0.21558256,0.21558256,0.21558256,0,0.0,0.0,0.0,0,0.00053,0.00053,0.00053,0,0.00044,0.00044,0.00044,0
1727,Ciprofloxacin-dexAMETHasone,correct drug name,BN,high,single,1727,0,Ciprofloxacin-dexAMETHasone,Ciprofloxacin-dexAMETHasone,ciprofloxacin-dexamethasone,BN,high,0.99546731,0.99546731,0.99546731,1,0.11537588,0.11537588,0.11537588,0,0.0,0.0,0.0,0,0.00197,0.00197,0.00197,0,0.0003,0.0003,0.0003,0
1728,temozolomide,correct drug name,IN,high,single,1728,0,temozolomide,temozolomide,temozolomide,IN,high,7.096e-05,7.096e-05,7.096e-05,0,0.16736618,0.16736618,0.16736618,0,0.0,0.0,0.0,0,0.00143,0.00143,0.00143,0,0.00155,0.00155,0.00155,0
1729,Kaletra,correct drug name,BN,high,single,1729,0,Kaletra,Kaletra,kaletra,BN,high,1.907e-05,1.907e-05,1.907e-05,0,0.12816985,0.12816985,0.12816985,0,0.0,0.0,0.0,0,0.00127,0.00127,0.00127,0,0.00052,0.00052,0.00052,0
1730,Fortaz,correct drug name,BN,high,single,1730,0,Fortaz,Fortaz,fortaz,BN,high,9.69e-06,9.69e-06,9.69e-06,0,0.26643643,0.26643643,0.26643643,0,0.0,0.0,0.0,0,0.00071,0.00071,0.00071,0,0.0013,0.0013,0.0013,0
1731,azaTHIOprine,correct drug name,IN,high,single,1731,0,azaTHIOprine,azaTHIOprine,azathioprine,IN,high,0.74088043,0.74088043,0.74088043,1,0.13504177,0.13504177,0.13504177,0,0.0,0.0,0.0,0,0.00043,0.00043,0.00043,0,0.0003,0.0003,0.0003,0
1732,L-Carnitine,correct drug name,IN,high,single,1732,0,L-Carnitine,L-Carnitine,l-carnitine,IN,high,0.99999976,0.99999976,0.99999976,1,0.28537849,0.28537849,0.28537849,0,0.0,0.0,0.0,0,0.00019,0.00019,0.00019,0,0.00029,0.00029,0.00029,0
1733,Multivitamin+,correct drug name,IN,high,single,1733,0,Multivitamin+,Multivitamin+,multivitamin+,IN,high,4.923e-05,4.923e-05,4.923e-05,0,0.70772719,0.70772719,0.70772719,1,1.0,2.0,0.5,1,0.00138,0.00138,0.00138,0,0.0012,0.0012,0.0012,0
1734,guaiFENesin-Codeine,correct drug name,IN,high,single,1734,0,guaiFENesin-Codeine,guaiFENesin-Codeine,guaifenesin-codeine,IN,high,0.99616122,0.99616122,0.99616122,1,0.26717541,0.26717541,0.26717541,0,1.0,0.0,0.0,1,0.00031,0.00031,0.00031,0,0.00032,0.00032,0.00032,0
1735,Celluvisc,correct drug name,BN,high,single,1735,0,Celluvisc,Celluvisc,celluvisc,BN,high,0.00249654,0.00249654,0.00249654,0,0.10583648,0.10583648,0.10583648,0,0.0,0.0,0.0,0,0.00045,0.00045,0.00045,0,0.00332,0.00332,0.00332,0
1736,Decadron,correct drug name,BN,high,single,1736,0,Decadron,Decadron,decadron,BN,high,4.05e-06,4.05e-06,4.05e-06,0,0.25460863,0.25460863,0.25460863,0,0.0,0.0,0.0,0,0.00307,0.00307,0.00307,0,0.00051,0.00051,0.00051,0
1737,Dilantin-125,correct drug name,BN,high,single,1737,0,Dilantin-125,Dilantin-125,dilantin-125,BN,high,0.00014492,0.00014492,0.00014492,0,0.23297159,0.23297159,0.23297159,0,1.0,0.0,0.0,1,0.00082,0.00082,0.00082,0,0.00027,0.00027,0.00027,0
1738,Maxipime,correct drug name,BN,high,single,1738,0,Maxipime,Maxipime,maxipime,BN,high,0.64210999,0.64210999,0.64210999,1,0.16626239,0.16626239,0.16626239,0,0.0,0.0,0.0,0,0.67126,0.67126,0.67126,1,0.00042,0.00042,0.00042,0
1739,Pancreaze,correct drug name,BN,high,single,1739,0,Pancreaze,Pancreaze,pancreaze,BN,high,0.63240486,0.63240486,0.63240486,1,0.28346401,0.28346401,0.28346401,0,0.0,0.0,0.0,0,0.00059,0.00059,0.00059,0,0.00093,0.00093,0.00093,0
1740,NAC,correct drug name,BN,high,single,1740,0,NAC,NAC,nac,BN,high,7.99e-06,7.99e-06,7.99e-06,0,0.45483005,0.45483005,0.45483005,1,0.0,0.0,0.0,0,0.93777,0.93777,0.93777,1,0.00175,0.00175,0.00175,0
1741,Optivar,correct drug name,BN,high,single,1741,0,Optivar,Optivar,optivar,BN,high,4.66e-06,4.66e-06,4.66e-06,0,0.22353889,0.22353889,0.22353889,0,0.0,0.0,0.0,0,0.54863,0.54863,0.54863,1,0.00139,0.00139,0.00139,0
1742,Finasteride,correct drug name,IN,high,single,1742,0,Finasteride,Finasteride,finasteride,IN,high,2.042e-05,2.042e-05,2.042e-05,0,0.14679807,0.14679807,0.14679807,0,0.0,0.0,0.0,0,0.00052,0.00052,0.00052,0,0.01234,0.01234,0.01234,0
1743,Probacap,correct drug name,BN,high,single,1743,0,Probacap,Probacap,probacap,BN,high,0.0455834,0.0455834,0.0455834,0,0.70772719,0.70772719,0.70772719,1,1.0,0.0,0.0,1,0.01431,0.01431,0.01431,0,0.9966,0.9966,0.9966,1
1744,rosuvastatin,correct drug name,IN,high,single,1744,0,rosuvastatin,rosuvastatin,rosuvastatin,IN,high,9.13e-06,9.13e-06,9.13e-06,0,0.23330234,0.23330234,0.23330234,0,0.0,0.0,0.0,0,0.00037,0.00037,0.00037,0,0.00062,0.00062,0.00062,0
1745,Benecalorie,correct drug name,BN,high,single,1745,0,Benecalorie,Benecalorie,benecalorie,BN,high,0.99999988,0.99999988,0.99999988,1,0.28312412,0.28312412,0.28312412,0,1.0,0.0,0.0,1,0.99997,0.99997,0.99997,1,0.8627,0.8627,0.8627,1
1746,Valsartan-hydroCHLOROthiazide,correct drug name,IN,high,single,1746,0,Valsartan-hydroCHLOROthiazide,Valsartan-hydroCHLOROthiazide,valsartan-hydrochlorothiazide,IN,high,0.07464754,0.07464754,0.07464754,0,0.16691582,0.16691582,0.16691582,0,1.0,0.0,0.0,1,0.00035,0.00035,0.00035,0,0.00032,0.00032,0.00032,0
1747,Indomethacin,correct drug name,IN,high,single,1747,0,Indomethacin,Indomethacin,indomethacin,IN,high,2.646e-05,2.646e-05,2.646e-05,0,0.2230023,0.2230023,0.2230023,0,0.0,0.0,0.0,0,0.00031,0.00031,0.00031,0,0.00072,0.00072,0.00072,0
1748,Arthrotec,correct drug name,BN,high,single,1748,0,Arthrotec,Arthrotec,arthrotec,BN,high,0.99999917,0.99999917,0.99999917,1,0.25096154,0.25096154,0.25096154,0,0.0,0.0,0.0,0,0.00065,0.00065,0.00065,0,0.00181,0.00181,0.00181,0
1749,Probinate,correct drug name,BN,high,single,1749,0,Probinate,Probinate,probinate,BN,high,7.112e-05,7.112e-05,7.112e-05,0,0.70772719,0.70772719,0.70772719,1,1.0,2.0,0.5,1,0.99861,0.99861,0.99861,1,0.987,0.987,0.987,1
1750,abiraterone,correct drug name,IN,high,single,1750,0,abiraterone,abiraterone,abiraterone,IN,high,6.07e-05,6.07e-05,6.07e-05,0,0.1735632,0.1735632,0.1735632,0,0.0,0.0,0.0,0,0.00027,0.00027,0.00027,0,0.00148,0.00148,0.00148,0
1751,Santyl,correct drug name,BN,high,single,1751,0,Santyl,Santyl,santyl,BN,high,2.57e-06,2.57e-06,2.57e-06,0,0.37168932,0.37168932,0.37168932,0,1.0,2.0,0.5,1,0.03746,0.03746,0.03746,0,0.00032,0.00032,0.00032,0
1752,Tolnaftate,correct drug name,IN,high,single,1752,0,Tolnaftate,Tolnaftate,tolnaftate,IN,high,0.10241472,0.10241472,0.10241472,0,0.1567045,0.1567045,0.1567045,0,0.0,0.0,0.0,0,0.01486,0.01486,0.01486,0,0.00682,0.00682,0.00682,0
1753,Zegerid,correct drug name,BN,high,single,1753,0,Zegerid,Zegerid,zegerid,BN,high,1.223e-05,1.223e-05,1.223e-05,0,0.15795778,0.15795778,0.15795778,0,0.0,0.0,0.0,0,0.00061,0.00061,0.00061,0,0.00147,0.00147,0.00147,0
1754,Entresto,correct drug name,BN,high,single,1754,0,Entresto,Entresto,entresto,BN,high,0.99999583,0.99999583,0.99999583,1,0.09492977,0.09492977,0.09492977,0,0.0,0.0,0.0,0,0.00043,0.00043,0.00043,0,0.00142,0.00142,0.00142,0
1755,Rectiv,correct drug name,BN,high,single,1755,0,Rectiv,Rectiv,rectiv,BN,high,0.66459221,0.66459221,0.66459221,1,0.3593947,0.3593947,0.3593947,0,0.0,0.0,0.0,0,0.00773,0.00773,0.00773,0,0.00059,0.00059,0.00059,0
1756,Inlyta,correct drug name,BN,high,single,1756,0,Inlyta,Inlyta,inlyta,BN,high,0.16796443,0.16796443,0.16796443,1,0.1861579,0.1861579,0.1861579,0,0.0,0.0,0.0,0,0.00545,0.00545,0.00545,0,0.04289,0.04289,0.04289,0
1757,Brilinta,correct drug name,BN,high,single,1757,0,Brilinta,Brilinta,brilinta,BN,high,0.00854878,0.00854878,0.00854878,0,0.11647063,0.11647063,0.11647063,0,0.0,0.0,0.0,0,0.00147,0.00147,0.00147,0,0.00739,0.00739,0.00739,0
1758,roxanol,correct drug name,BN,high,single,1758,0,roxanol,roxanol,roxanol,BN,high,2.037e-05,2.037e-05,2.037e-05,0,0.15957417,0.15957417,0.15957417,0,0.0,0.0,0.0,0,0.00177,0.00177,0.00177,0,0.00075,0.00075,0.00075,0
1759,Opcon-A,correct drug name,BN,high,single,1759,0,Opcon-A,Opcon-A,opcon-a,BN,high,1.7e-06,1.7e-06,1.7e-06,0,0.18827955,0.18827955,0.18827955,0,0.0,0.0,0.0,0,0.07206,0.07206,0.07206,0,0.04619,0.04619,0.04619,0
1760,Sofosbuvir-Velpatasvir,correct drug name,BN,high,single,1760,0,Sofosbuvir-Velpatasvir,Sofosbuvir-Velpatasvir,sofosbuvir-velpatasvir,BN,high,0.00018701,0.00018701,0.00018701,0,0.14648919,0.14648919,0.14648919,0,0.0,0.0,0.0,0,0.00043,0.00043,0.00043,0,0.00049,0.00049,0.00049,0
1761,Nullo,correct drug name,BN,high,single,1761,0,Nullo,Nullo,nullo,BN,high,1.004e-05,1.004e-05,1.004e-05,0,0.30396727,0.30396727,0.30396727,0,0.0,0.0,0.0,0,0.00191,0.00191,0.00191,0,0.44336,0.44336,0.44336,0
1762,Senexon,correct drug name,BN,high,single,1762,0,Senexon,Senexon,senexon,BN,high,5.09e-06,5.09e-06,5.09e-06,0,0.20666213,0.20666213,0.20666213,0,0.0,0.0,0.0,0,0.0007,0.0007,0.0007,0,0.00201,0.00201,0.00201,0
1763,balsalazide,correct drug name,IN,high,single,1763,0,balsalazide,balsalazide,balsalazide,IN,high,1.811e-05,1.811e-05,1.811e-05,0,0.14822561,0.14822561,0.14822561,0,0.0,0.0,0.0,0,0.00114,0.00114,0.00114,0,0.00144,0.00144,0.00144,0
1764,Viactiv,correct drug name,BN,high,single,1764,0,Viactiv,Viactiv,viactiv,BN,high,0.99999952,0.99999952,0.99999952,1,0.12027877,0.12027877,0.12027877,0,0.0,0.0,0.0,0,0.00108,0.00108,0.00108,0,0.0014,0.0014,0.0014,0
1765,Climara,correct drug name,BN,high,single,1765,0,Climara,Climara,climara,BN,high,7.93e-06,7.93e-06,7.93e-06,0,0.20350049,0.20350049,0.20350049,0,0.0,0.0,0.0,0,0.80944,0.80944,0.80944,1,0.01542,0.01542,0.01542,0
1766,cyclophosphamide,correct drug name,IN,high,single,1766,0,cyclophosphamide,cyclophosphamide,cyclophosphamide,IN,high,5.121e-05,5.121e-05,5.121e-05,0,0.23002437,0.23002437,0.23002437,0,0.0,0.0,0.0,0,0.00037,0.00037,0.00037,0,0.00137,0.00137,0.00137,0
1767,Ex-Lax,correct drug name,BN,high,single,1767,0,Ex-Lax,Ex-Lax,ex-lax,BN,high,1.121e-05,1.121e-05,1.121e-05,0,0.63560921,0.63560921,0.63560921,1,0.0,0.0,0.0,0,0.00042,0.00042,0.00042,0,0.00044,0.00044,0.00044,0
1768,Medigrip,correct non-drug name,BN,high,single,1768,0,Medigrip,Medigrip,medigrip,BN,high,0.9944405,0.9944405,0.9944405,1,0.70772719,0.70772719,0.70772719,1,1.0,3.0,0.75,1,0.99429,0.99429,0.99429,1,0.9952,0.9952,0.9952,1
1769,Suplena,correct drug name,IN,high,single,1769,0,Suplena,Suplena,suplena,IN,high,0.24027999,0.24027999,0.24027999,1,0.31812027,0.31812027,0.31812027,0,0.0,0.0,0.0,0,0.0005,0.0005,0.0005,0,0.00934,0.00934,0.00934,0
1770,Cardura,correct drug name,BN,high,single,1770,0,Cardura,Cardura,cardura,BN,high,0.75532442,0.75532442,0.75532442,1,0.14131732,0.14131732,0.14131732,0,0.0,0.0,0.0,0,0.00094,0.00094,0.00094,0,0.00219,0.00219,0.00219,0
1771,Hemocyte-F,correct drug name,BN,high,single,1771,0,Hemocyte-F,Hemocyte-F,hemocyte-f,BN,high,1.82e-06,1.82e-06,1.82e-06,0,0.70772719,0.70772719,0.70772719,1,0.0,0.0,0.0,0,0.42188,0.42188,0.42188,0,0.95934,0.95934,0.95934,1
1772,Potassium,correct drug name,IN,high,single,1772,0,Potassium,Potassium,potassium,IN,high,9e-06,9e-06,9e-06,0,0.7458089,0.7458089,0.7458089,1,0.0,0.0,0.0,0,0.00796,0.00796,0.00796,0,0.00093,0.00093,0.00093,0
1773,Nasonex,correct drug name,BN,high,single,1773,0,Nasonex,Nasonex,nasonex,BN,high,3.62e-06,3.62e-06,3.62e-06,0,0.23415321,0.23415321,0.23415321,0,0.0,0.0,0.0,0,0.00059,0.00059,0.00059,0,0.00059,0.00059,0.00059,0
1774,Nu-Iron,correct drug name,BN,high,single,1774,0,Nu-Iron,Nu-Iron,nu-iron,BN,high,0.00747047,0.00747047,0.00747047,0,0.70772719,0.70772719,0.70772719,1,0.0,0.0,0.0,0,0.00051,0.00051,0.00051,0,0.00042,0.00042,0.00042,0
1775,Relyvrio,correct drug name,BN,high,single,1775,0,Relyvrio,Relyvrio,relyvrio,BN,high,0.99999928,0.99999928,0.99999928,1,0.70772719,0.70772719,0.70772719,1,1.0,0.0,0.0,1,0.97879,0.97879,0.97879,1,0.96937,0.96937,0.96937,1
1776,heparin,correct drug name,IN,high,single,1776,0,heparin,heparin,heparin,IN,high,1.043e-05,1.043e-05,1.043e-05,0,0.42089617,0.42089617,0.42089617,1,0.0,0.0,0.0,0,0.00031,0.00031,0.00031,0,0.0004,0.0004,0.0004,0
1777,IBU-200,correct drug name,BN,high,single,1777,0,IBU-200,IBU-200,ibu-200,BN,high,7e-07,7e-07,7e-07,0,0.70772719,0.70772719,0.70772719,1,0.0,0.0,0.0,0,0.01681,0.01681,0.01681,0,0.00045,0.00045,0.00045,0
1778,Odefsey,correct drug name,BN,high,single,1778,0,Odefsey,Odefsey,odefsey,BN,high,7.472e-05,7.472e-05,7.472e-05,0,0.18253118,0.18253118,0.18253118,0,0.0,0.0,0.0,0,0.00399,0.00399,0.00399,0,0.03265,0.03265,0.03265,0
1779,Pradaxa,correct drug name,BN,high,single,1779,0,Pradaxa,Pradaxa,pradaxa,BN,high,0.99999702,0.99999702,0.99999702,1,0.11004858,0.11004858,0.11004858,0,0.0,0.0,0.0,0,0.00079,0.00079,0.00079,0,0.00049,0.00049,0.00049,0
1780,Sonata,correct drug name,BN,high,single,1780,0,Sonata,Sonata,sonata,BN,high,6.227e-05,6.227e-05,6.227e-05,0,0.23830745,0.23830745,0.23830745,0,0.0,0.0,0.0,0,0.00078,0.00078,0.00078,0,0.00026,0.00026,0.00026,0
1781,cloZAPine,correct drug name,IN,high,single,1781,0,cloZAPine,cloZAPine,clozapine,IN,high,0.0195576,0.0195576,0.0195576,0,0.29223031,0.29223031,0.29223031,0,0.0,0.0,0.0,0,0.00229,0.00229,0.00229,0,0.00048,0.00048,0.00048,0
1782,Eysuvis,correct drug name,BN,high,single,1782,0,Eysuvis,Eysuvis,eysuvis,BN,high,5.85e-06,5.85e-06,5.85e-06,0,0.70772719,0.70772719,0.70772719,1,0.0,0.0,0.0,0,0.36697,0.36697,0.36697,0,0.01088,0.01088,0.01088,0
1783,Brinzolamide-Brimonidine,correct drug name,IN,high,single,1783,0,Brinzolamide-Brimonidine,Brinzolamide-Brimonidine,brinzolamide-brimonidine,IN,high,9.54e-06,9.54e-06,9.54e-06,0,0.18188171,0.18188171,0.18188171,0,1.0,0.0,0.0,1,0.01224,0.01224,0.01224,0,0.00096,0.00096,0.00096,0
1784,Klor-Con/EF,correct drug name,BN,high,single,1784,0,Klor-Con/EF,Klor-Con/EF,klor-con/ef,BN,high,6e-07,6e-07,6e-07,0,0.70772719,0.70772719,0.70772719,1,1.0,0.0,0.0,1,0.98551,0.98551,0.98551,1,0.87441,0.87441,0.87441,1
1785,darifenacin,correct drug name,IN,high,single,1785,0,darifenacin,darifenacin,darifenacin,IN,high,0.01891837,0.01891837,0.01891837,0,0.06628628,0.06628628,0.06628628,0,0.0,0.0,0.0,0,0.00058,0.00058,0.00058,0,0.00083,0.00083,0.00083,0
1786,Neomycin-Polymyxin-HC,correct drug name,IN,high,single,1786,0,Neomycin-Polymyxin-HC,Neomycin-Polymyxin-HC,neomycin-polymyxin-hc,IN,high,2.515e-05,2.515e-05,2.515e-05,0,0.13350268,0.13350268,0.13350268,0,1.0,0.0,0.0,1,0.00349,0.00349,0.00349,0,0.00037,0.00037,0.00037,0
1787,Panthenol-Glycerin-Dimethicone,correct drug name,IN,high,single,1787,0,Panthenol-Glycerin-Dimethicone,Panthenol-Glycerin-Dimethicone,panthenol-glycerin-dimethicone,IN,high,0.92658323,0.92658323,0.92658323,1,0.70772719,0.70772719,0.70772719,1,1.0,0.0,0.0,1,0.00108,0.00108,0.00108,0,0.00034,0.00034,0.00034,0
1788,SennaCon,correct drug name,BN,high,single,1788,0,SennaCon,SennaCon,sennacon,BN,high,0.99999857,0.99999857,0.99999857,1,0.20263897,0.20263897,0.20263897,0,1.0,3.0,0.75,1,0.35951,0.35951,0.35951,0,0.005,0.005,0.005,0
1789,Bosentan,correct drug name,IN,high,single,1789,0,Bosentan,Bosentan,bosentan,IN,high,2.99e-06,2.99e-06,2.99e-06,0,0.09764642,0.09764642,0.09764642,0,0.0,0.0,0.0,0,0.00026,0.00026,0.00026,0,0.00371,0.00371,0.00371,0
1790,Carnitor,correct drug name,BN,high,single,1790,0,Carnitor,Carnitor,carnitor,BN,high,0.00763611,0.00763611,0.00763611,0,0.47953713,0.47953713,0.47953713,1,0.0,0.0,0.0,0,0.00034,0.00034,0.00034,0,0.00706,0.00706,0.00706,0
1791,Turmeric,correct drug name,IN,high,single,1791,0,Turmeric,Turmeric,turmeric,IN,high,0.32836062,0.32836062,0.32836062,1,0.31641439,0.31641439,0.31641439,0,0.0,0.0,0.0,0,0.00063,0.00063,0.00063,0,0.00036,0.00036,0.00036,0
1792,Zovirax,correct drug name,BN,high,single,1792,0,Zovirax,Zovirax,zovirax,BN,high,8.15e-06,8.15e-06,8.15e-06,0,0.12167951,0.12167951,0.12167951,0,0.0,0.0,0.0,0,0.00077,0.00077,0.00077,0,0.00138,0.00138,0.00138,0
1793,Multilex-T&M,correct drug name,BN,high,single,1793,0,Multilex-T&M,Multilex-T&M,multilex-t&m,BN,high,7.81e-06,7.81e-06,7.81e-06,0,0.70772719,0.70772719,0.70772719,1,1.0,4.0,1.0,1,0.65271,0.65271,0.65271,1,0.23059,0.23059,0.23059,0
1794,Budesonide,correct drug name,IN,high,single,1794,0,Budesonide,Budesonide,budesonide,IN,high,0.01241674,0.01241674,0.01241674,0,0.26978013,0.26978013,0.26978013,0,0.0,0.0,0.0,0,0.00034,0.00034,0.00034,0,0.014,0.014,0.014,0
1795,Amoxicillin,correct drug name,IN,high,single,1795,0,Amoxicillin,Amoxicillin,amoxicillin,IN,high,1.187e-05,1.187e-05,1.187e-05,0,0.28056622,0.28056622,0.28056622,0,0.0,0.0,0.0,0,0.00037,0.00037,0.00037,0,0.0003,0.0003,0.0003,0
1796,Maalox,correct drug name,BN,high,single,1796,0,Maalox,Maalox,maalox,BN,high,0.99999833,0.99999833,0.99999833,1,0.44218424,0.44218424,0.44218424,1,0.0,0.0,0.0,0,0.00051,0.00051,0.00051,0,0.00071,0.00071,0.00071,0
1797,Femara,correct drug name,BN,high,single,1797,0,Femara,Femara,femara,BN,high,7.68e-06,7.68e-06,7.68e-06,0,0.2512773,0.2512773,0.2512773,0,0.0,0.0,0.0,0,0.00167,0.00167,0.00167,0,0.99889,0.99889,0.99889,1
1798,Qvar,correct drug name,BN,high,single,1798,0,Qvar,Qvar,qvar,BN,high,4.97e-06,4.97e-06,4.97e-06,0,0.23162891,0.23162891,0.23162891,0,0.0,0.0,0.0,0,0.00338,0.00338,0.00338,0,0.00061,0.00061,0.00061,0
1799,Men-Phor,correct drug name,BN,high,single,1799,0,Men-Phor,Men-Phor,men-phor,BN,high,0.99821079,0.99821079,0.99821079,1,0.22284505,0.22284505,0.22284505,0,0.0,0.0,0.0,0,0.00114,0.00114,0.00114,0,0.00344,0.00344,0.00344,0
1800,Fiber-Tabs,correct drug name,BN,high,single,1800,0,Fiber-Tabs,Fiber-Tabs,fiber-tabs,BN,high,0.95033556,0.95033556,0.95033556,1,0.39996675,0.39996675,0.39996675,1,1.0,4.0,1.0,1,0.00162,0.00162,0.00162,0,0.00029,0.00029,0.00029,0
1801,Claritin,correct drug name,BN,high,single,1801,0,Claritin,Claritin,claritin,BN,high,0.00056696,0.00056696,0.00056696,0,0.18853836,0.18853836,0.18853836,0,0.0,0.0,0.0,0,0.02172,0.02172,0.02172,0,0.00045,0.00045,0.00045,0
1802,Elimite,correct drug name,BN,high,single,1802,0,Elimite,Elimite,elimite,BN,high,2.595e-05,2.595e-05,2.595e-05,0,0.27585402,0.27585402,0.27585402,0,0.0,0.0,0.0,0,0.00125,0.00125,0.00125,0,0.0004,0.0004,0.0004,0
1803,Bactrim,correct drug name,BN,high,single,1803,0,Bactrim,Bactrim,bactrim,BN,high,5.78e-06,5.78e-06,5.78e-06,0,0.23289105,0.23289105,0.23289105,0,0.0,0.0,0.0,0,0.00062,0.00062,0.00062,0,0.00046,0.00046,0.00046,0
1804,Multivitamin-Minerals,correct drug name,BN,high,single,1804,0,Multivitamin-Minerals,Multivitamin-Minerals,multivitamin-minerals,BN,high,7.75e-06,7.75e-06,7.75e-06,0,0.51600498,0.51600498,0.51600498,1,0.0,0.0,0.0,0,0.00022,0.00022,0.00022,0,0.00035,0.00035,0.00035,0
1805,lurasidone,correct drug name,IN,high,single,1805,0,lurasidone,lurasidone,lurasidone,IN,high,1.434e-05,1.434e-05,1.434e-05,0,0.08482291,0.08482291,0.08482291,0,0.0,0.0,0.0,0,0.00074,0.00074,0.00074,0,0.00088,0.00088,0.00088,0
1806,Orazinc,correct drug name,BN,high,single,1806,0,Orazinc,Orazinc,orazinc,BN,high,0.0009017,0.0009017,0.0009017,0,0.16644339,0.16644339,0.16644339,0,0.0,0.0,0.0,0,0.00021,0.00021,0.00021,0,0.00519,0.00519,0.00519,0
1807,Sinemet,correct drug name,BN,high,single,1807,0,Sinemet,Sinemet,sinemet,BN,high,0.00125157,0.00125157,0.00125157,0,0.15437555,0.15437555,0.15437555,0,0.0,0.0,0.0,0,0.00131,0.00131,0.00131,0,0.00036,0.00036,0.00036,0
1808,Lansoprazole,correct drug name,IN,high,single,1808,0,Lansoprazole,Lansoprazole,lansoprazole,IN,high,0.01057516,0.01057516,0.01057516,0,0.20528661,0.20528661,0.20528661,0,0.0,0.0,0.0,0,0.0006,0.0006,0.0006,0,0.00083,0.00083,0.00083,0
1809,Zyprexa,correct drug name,BN,high,single,1809,0,Zyprexa,Zyprexa,zyprexa,BN,high,0.10071741,0.10071741,0.10071741,0,0.19921985,0.19921985,0.19921985,0,0.0,0.0,0.0,0,0.00038,0.00038,0.00038,0,0.00684,0.00684,0.00684,0
1810,Trandate,correct drug name,BN,high,single,1810,0,Trandate,Trandate,trandate,BN,high,2.076e-05,2.076e-05,2.076e-05,0,0.47280496,0.47280496,0.47280496,1,0.0,0.0,0.0,0,0.00081,0.00081,0.00081,0,0.00125,0.00125,0.00125,0
1811,Savaysa,correct drug name,BN,high,single,1811,0,Savaysa,Savaysa,savaysa,BN,high,1.48e-06,1.48e-06,1.48e-06,0,0.23922357,0.23922357,0.23922357,0,0.0,0.0,0.0,0,0.99693,0.99693,0.99693,1,0.99871,0.99871,0.99871,1
1812,valsartan,correct drug name,IN,high,single,1812,0,valsartan,valsartan,valsartan,IN,high,9.321e-05,9.321e-05,9.321e-05,0,0.21800897,0.21800897,0.21800897,0,0.0,0.0,0.0,0,0.00031,0.00031,0.00031,0,0.00043,0.00043,0.00043,0
1813,Tikosyn,correct drug name,BN,high,single,1813,0,Tikosyn,Tikosyn,tikosyn,BN,high,0.00019513,0.00019513,0.00019513,0,0.15073802,0.15073802,0.15073802,0,0.0,0.0,0.0,0,0.00065,0.00065,0.00065,0,0.0092,0.0092,0.0092,0
1814,Sennalax-S,correct drug name,BN,high,single,1814,0,Sennalax-S,Sennalax-S,sennalax-s,BN,high,0.00030562,0.00030562,0.00030562,0,0.1705673,0.1705673,0.1705673,0,0.0,0.0,0.0,0,0.02019,0.02019,0.02019,0,0.99833,0.99833,0.99833,1
1815,Triderm,correct drug name,BN,high,single,1815,0,Triderm,Triderm,triderm,BN,high,0.00515575,0.00515575,0.00515575,0,0.41102764,0.41102764,0.41102764,1,0.0,0.0,0.0,0,0.00072,0.00072,0.00072,0,0.00135,0.00135,0.00135,0
1816,GlycoLax,correct drug name,BN,high,single,1816,0,GlycoLax,GlycoLax,glycolax,BN,high,0.99999881,0.99999881,0.99999881,1,0.38838923,0.38838923,0.38838923,1,0.0,0.0,0.0,0,0.01124,0.01124,0.01124,0,0.00548,0.00548,0.00548,0
1817,methIMAzole,correct drug name,IN,high,single,1817,0,methIMAzole,methIMAzole,methimazole,IN,high,0.28559136,0.28559136,0.28559136,1,0.16129552,0.16129552,0.16129552,0,0.0,0.0,0.0,0,0.00049,0.00049,0.00049,0,0.00048,0.00048,0.00048,0
1818,fexofenadine,correct drug name,IN,high,single,1818,0,fexofenadine,fexofenadine,fexofenadine,IN,high,3.705e-05,3.705e-05,3.705e-05,0,0.09038927,0.09038927,0.09038927,0,0.0,0.0,0.0,0,0.00112,0.00112,0.00112,0,0.00068,0.00068,0.00068,0
1819,Soothe,correct drug name,BN,high,single,1819,0,Soothe,Soothe,soothe,BN,high,2.05e-06,2.05e-06,2.05e-06,0,0.69983119,0.69983119,0.69983119,1,0.0,0.0,0.0,0,0.00044,0.00044,0.00044,0,0.00047,0.00047,0.00047,0
1820,Sarna,correct drug name,BN,high,single,1820,0,Sarna,Sarna,sarna,BN,high,7.48e-06,7.48e-06,7.48e-06,0,0.23064248,0.23064248,0.23064248,0,0.0,0.0,0.0,0,0.00048,0.00048,0.00048,0,0.00053,0.00053,0.00053,0
1821,Biotin,correct drug name,IN,high,single,1821,0,Biotin,Biotin,biotin,IN,high,0.93393689,0.93393689,0.93393689,1,0.52520877,0.52520877,0.52520877,1,0.0,0.0,0.0,0,0.00088,0.00088,0.00088,0,0.00213,0.00213,0.00213,0
1822,Gocovri,correct drug name,BN,high,single,1822,0,Gocovri,Gocovri,gocovri,BN,high,0.99999869,0.99999869,0.99999869,1,0.10795904,0.10795904,0.10795904,0,0.0,0.0,0.0,0,0.09976,0.09976,0.09976,0,0.17267,0.17267,0.17267,0
1823,Transderm-Scop,correct drug name,BN,high,single,1823,0,Transderm-Scop,Transderm-Scop,transderm-scop,BN,high,0.99999642,0.99999642,0.99999642,1,0.26661444,0.26661444,0.26661444,0,0.0,0.0,0.0,0,0.00205,0.00205,0.00205,0,0.00042,0.00042,0.00042,0
1824,Strattera,correct drug name,BN,high,single,1824,0,Strattera,Strattera,strattera,BN,high,0.99999869,0.99999869,0.99999869,1,0.17692888,0.17692888,0.17692888,0,1.0,3.0,0.75,1,0.99415,0.99415,0.99415,1,0.99713,0.99713,0.99713,1
1825,Dolutegravir-Rilpivirine,correct drug name,IN,high,single,1825,0,Dolutegravir-Rilpivirine,Dolutegravir-Rilpivirine,dolutegravir-rilpivirine,IN,high,3.46e-06,3.46e-06,3.46e-06,0,0.11139525,0.11139525,0.11139525,0,1.0,0.0,0.0,1,0.00051,0.00051,0.00051,0,0.00081,0.00081,0.00081,0
1826,glyBURIDE,correct drug name,IN,high,single,1826,0,glyBURIDE,glyBURIDE,glyburide,IN,high,0.46801996,0.46801996,0.46801996,1,0.23661175,0.23661175,0.23661175,0,0.0,0.0,0.0,0,0.00019,0.00019,0.00019,0,0.0009,0.0009,0.0009,0
1827,Lifitegrast,correct drug name,IN,high,single,1827,0,Lifitegrast,Lifitegrast,lifitegrast,IN,high,6.786e-05,6.786e-05,6.786e-05,0,0.10531186,0.10531186,0.10531186,0,0.0,0.0,0.0,0,0.00071,0.00071,0.00071,0,0.00032,0.00032,0.00032,0
1828,Betadine,correct drug name,BN,high,single,1828,0,Betadine,Betadine,betadine,BN,high,5.955e-05,5.955e-05,5.955e-05,0,0.48722503,0.48722503,0.48722503,1,0.0,0.0,0.0,0,0.00127,0.00127,0.00127,0,0.0005,0.0005,0.0005,0
1829,Depakote,correct drug name,BN,high,single,1829,0,Depakote,Depakote,depakote,BN,high,1.778e-05,1.778e-05,1.778e-05,0,0.41791829,0.41791829,0.41791829,1,0.0,0.0,0.0,0,0.00033,0.00033,0.00033,0,0.00031,0.00031,0.00031,0
1830,Felbamate,correct drug name,IN,high,single,1830,0,Felbamate,Felbamate,felbamate,IN,high,2.918e-05,2.918e-05,2.918e-05,0,0.06229784,0.06229784,0.06229784,0,0.0,0.0,0.0,0,0.0008,0.0008,0.0008,0,0.01956,0.01956,0.01956,0
1831,Bictegravir-Emtricitab-Tenofov,correct short drug name,IN,high,single,1831,0,Bictegravir-Emtricitab-Tenofov,Bictegravir-Emtricitab-Tenofov,bictegravir-emtricitab-tenofov,IN,high,0.20190868,0.20190868,0.20190868,1,0.70772719,0.70772719,0.70772719,1,1.0,0.0,0.0,1,0.9942,0.9942,0.9942,1,0.99917,0.99917,0.99917,1
1832,travoprost,correct drug name,IN,high,single,1832,0,travoprost,travoprost,travoprost,IN,high,7.64e-06,7.64e-06,7.64e-06,0,0.15295678,0.15295678,0.15295678,0,0.0,0.0,0.0,0,0.00036,0.00036,0.00036,0,0.00027,0.00027,0.00027,0
1833,cloBAZam,correct drug name,IN,high,single,1833,0,cloBAZam,cloBAZam,clobazam,IN,high,0.89847678,0.89847678,0.89847678,1,0.0897614,0.0897614,0.0897614,0,0.0,0.0,0.0,0,0.00037,0.00037,0.00037,0,0.00043,0.00043,0.00043,0
1834,Brexpiprazole,correct drug name,IN,high,single,1834,0,Brexpiprazole,Brexpiprazole,brexpiprazole,IN,high,0.07183973,0.07183973,0.07183973,0,0.09068243,0.09068243,0.09068243,0,0.0,0.0,0.0,0,0.2956,0.2956,0.2956,0,0.35272,0.35272,0.35272,0
1835,Cytotec,correct drug name,BN,high,single,1835,0,Cytotec,Cytotec,cytotec,BN,high,0.56305182,0.56305182,0.56305182,1,0.084551,0.084551,0.084551,0,0.0,0.0,0.0,0,0.00091,0.00091,0.00091,0,0.83861,0.83861,0.83861,1
1836,Lagevrio,correct drug name,BN,high,single,1836,0,Lagevrio,Lagevrio,lagevrio,BN,high,0.82054543,0.82054543,0.82054543,1,0.70772719,0.70772719,0.70772719,1,0.0,0.0,0.0,0,0.00574,0.00574,0.00574,0,0.90489,0.90489,0.90489,1
1837,Altace,correct drug name,BN,high,single,1837,0,Altace,Altace,altace,BN,high,1.644e-05,1.644e-05,1.644e-05,0,0.31714216,0.31714216,0.31714216,0,0.0,0.0,0.0,0,0.00063,0.00063,0.00063,0,0.82325,0.82325,0.82325,1
1838,Temazepam,correct drug name,IN,high,single,1838,0,Temazepam,Temazepam,temazepam,IN,high,5.487e-05,5.487e-05,5.487e-05,0,0.09439358,0.09439358,0.09439358,0,0.0,0.0,0.0,0,0.00108,0.00108,0.00108,0,0.00038,0.00038,0.00038,0
1839,Drysol,correct drug name,BN,high,single,1839,0,Drysol,Drysol,drysol,BN,high,1.379e-05,1.379e-05,1.379e-05,0,0.12793733,0.12793733,0.12793733,0,0.0,0.0,0.0,0,0.00048,0.00048,0.00048,0,0.00056,0.00056,0.00056,0
1840,Lysine,correct drug name,IN,high,single,1840,0,Lysine,Lysine,lysine,IN,high,7.229e-05,7.229e-05,7.229e-05,0,0.67360008,0.67360008,0.67360008,1,0.0,0.0,0.0,0,0.00055,0.00055,0.00055,0,0.00048,0.00048,0.00048,0
1841,Lutein-Zeaxanthin,correct drug name,IN,high,single,1841,0,Lutein-Zeaxanthin,Lutein-Zeaxanthin,lutein-zeaxanthin,IN,high,0.14000611,0.14000611,0.14000611,0,0.28143623,0.28143623,0.28143623,0,1.0,0.0,0.0,1,0.00207,0.00207,0.00207,0,0.00032,0.00032,0.00032,0
1842,dextromethorphan-guaifenesin,correct drug name,BN,high,single,1842,0,dextromethorphan-guaifenesin,dextromethorphan-guaifenesin,dextromethorphan-guaifenesin,BN,high,0.26495835,0.26495835,0.26495835,1,0.2255104,0.2255104,0.2255104,0,0.0,0.0,0.0,0,0.00036,0.00036,0.00036,0,0.0003,0.0003,0.0003,0
1843,Intralipid,correct drug name,BN,high,single,1843,0,Intralipid,Intralipid,intralipid,BN,high,0.00265611,0.00265611,0.00265611,0,0.40738365,0.40738365,0.40738365,1,0.0,0.0,0.0,0,0.00024,0.00024,0.00024,0,0.00051,0.00051,0.00051,0
1844,micafungin,correct drug name,IN,high,single,1844,0,micafungin,micafungin,micafungin,IN,high,3.17e-06,3.17e-06,3.17e-06,0,0.21728855,0.21728855,0.21728855,0,0.0,0.0,0.0,0,0.00068,0.00068,0.00068,0,0.00033,0.00033,0.00033,0
1845,Januvia,correct drug name,BN,high,single,1845,0,Januvia,Januvia,januvia,BN,high,4.048e-05,4.048e-05,4.048e-05,0,0.12575796,0.12575796,0.12575796,0,0.0,0.0,0.0,0,0.00021,0.00021,0.00021,0,0.00038,0.00038,0.00038,0
1846,meclizine,correct drug name,IN,high,single,1846,0,meclizine,meclizine,meclizine,IN,high,9.55e-06,9.55e-06,9.55e-06,0,0.15468854,0.15468854,0.15468854,0,0.0,0.0,0.0,0,0.00122,0.00122,0.00122,0,0.0004,0.0004,0.0004,0
1847,Anastrozole,correct drug name,IN,high,single,1847,0,Anastrozole,Anastrozole,anastrozole,IN,high,1.41e-05,1.41e-05,1.41e-05,0,0.12889303,0.12889303,0.12889303,0,0.0,0.0,0.0,0,0.00276,0.00276,0.00276,0,0.00232,0.00232,0.00232,0
1848,Ciloxan,correct drug name,BN,high,single,1848,0,Ciloxan,Ciloxan,ciloxan,BN,high,6.261e-05,6.261e-05,6.261e-05,0,0.13088289,0.13088289,0.13088289,0,0.0,0.0,0.0,0,0.0016,0.0016,0.0016,0,0.00079,0.00079,0.00079,0
1849,Phenytoin,correct drug name,IN,high,single,1849,0,Phenytoin,Phenytoin,phenytoin,IN,high,0.63214695,0.63214695,0.63214695,1,0.21406211,0.21406211,0.21406211,0,0.0,0.0,0.0,0,0.00017,0.00017,0.00017,0,0.00026,0.00026,0.00026,0
1850,Chlorhexidine,correct drug name,IN,high,single,1850,0,Chlorhexidine,Chlorhexidine,chlorhexidine,IN,high,0.99999928,0.99999928,0.99999928,1,0.36451146,0.36451146,0.36451146,0,0.0,0.0,0.0,0,0.00028,0.00028,0.00028,0,0.00047,0.00047,0.00047,0
1851,Prezcobix,correct drug name,BN,high,single,1851,0,Prezcobix,Prezcobix,prezcobix,BN,high,0.47576475,0.47576475,0.47576475,1,0.14855462,0.14855462,0.14855462,0,0.0,0.0,0.0,0,0.99994,0.99994,0.99994,1,0.99158,0.99158,0.99158,1
1852,Peroxyl,correct drug name,BN,high,single,1852,0,Peroxyl,Peroxyl,peroxyl,BN,high,2.219e-05,2.219e-05,2.219e-05,0,0.26961637,0.26961637,0.26961637,0,0.0,0.0,0.0,0,0.00098,0.00098,0.00098,0,0.00272,0.00272,0.00272,0
1853,Trusopt,correct drug name,BN,high,single,1853,0,Trusopt,Trusopt,trusopt,BN,high,0.0241921,0.0241921,0.0241921,0,0.15460864,0.15460864,0.15460864,0,1.0,3.0,0.75,1,0.96067,0.96067,0.96067,1,0.00041,0.00041,0.00041,0
1854,Macuvite,correct drug name,BN,high,single,1854,0,Macuvite,Macuvite,macuvite,BN,high,0.00019241,0.00019241,0.00019241,0,0.70772719,0.70772719,0.70772719,1,0.0,0.0,0.0,0,0.00074,0.00074,0.00074,0,0.00036,0.00036,0.00036,0
1855,Calcium,correct drug name,IN,high,single,1855,0,Calcium,Calcium,calcium,IN,high,0.74153578,0.74153578,0.74153578,1,0.77579659,0.77579659,0.77579659,1,0.0,0.0,0.0,0,0.0014,0.0014,0.0014,0,0.00026,0.00026,0.00026,0
1856,Lialda,correct drug name,BN,high,single,1856,0,Lialda,Lialda,lialda,BN,high,0.00373209,0.00373209,0.00373209,0,0.16292775,0.16292775,0.16292775,0,0.0,0.0,0.0,0,0.03936,0.03936,0.03936,0,0.14103,0.14103,0.14103,0
1857,ramipril,correct drug name,IN,high,single,1857,0,ramipril,ramipril,ramipril,IN,high,8.79e-06,8.79e-06,8.79e-06,0,0.15568811,0.15568811,0.15568811,0,0.0,0.0,0.0,0,0.0007,0.0007,0.0007,0,0.00039,0.00039,0.00039,0
1858,Ciclesonide,correct drug name,IN,high,single,1858,0,Ciclesonide,Ciclesonide,ciclesonide,IN,high,0.03027297,0.03027297,0.03027297,0,0.16495357,0.16495357,0.16495357,0,1.0,0.0,0.0,1,0.00313,0.00313,0.00313,0,0.00143,0.00143,0.00143,0
1859,mecobalamin,correct drug name,IN,high,single,1859,0,mecobalamin,mecobalamin,mecobalamin,IN,high,7.808e-05,7.808e-05,7.808e-05,0,0.21546017,0.21546017,0.21546017,0,0.0,0.0,0.0,0,0.00041,0.00041,0.00041,0,0.00111,0.00111,0.00111,0
1860,Romycin,correct drug name,BN,high,single,1860,0,Romycin,Romycin,romycin,BN,high,9.3e-06,9.3e-06,9.3e-06,0,0.08381004,0.08381004,0.08381004,0,0.0,0.0,0.0,0,0.00054,0.00054,0.00054,0,0.00193,0.00193,0.00193,0
1861,Lubriderm,correct drug name,BN,high,single,1861,0,Lubriderm,Lubriderm,lubriderm,BN,high,0.00012423,0.00012423,0.00012423,0,0.32622093,0.32622093,0.32622093,0,0.0,0.0,0.0,0,0.00057,0.00057,0.00057,0,0.00331,0.00331,0.00331,0
1862,Allergy,correct drug name,BN,high,single,1862,0,Allergy,Allergy,allergy,BN,high,0.99999249,0.99999249,0.99999249,1,0.63888735,0.63888735,0.63888735,1,0.0,0.0,0.0,0,0.04292,0.04292,0.04292,0,0.0274,0.0274,0.0274,0
1863,Cholecalciferol,correct drug name,IN,high,single,1863,0,Cholecalciferol,Cholecalciferol,cholecalciferol,IN,high,0.41510475,0.41510475,0.41510475,1,0.24407011,0.24407011,0.24407011,0,0.0,0.0,0.0,0,0.00023,0.00023,0.00023,0,0.00028,0.00028,0.00028,0
1864,Shingrix,correct drug name,BN,high,single,1864,0,Shingrix,Shingrix,shingrix,BN,high,0.99999964,0.99999964,0.99999964,1,0.30816561,0.30816561,0.30816561,0,0.0,0.0,0.0,0,0.99945,0.99945,0.99945,1,0.98599,0.98599,0.98599,1
1865,PreserVision/Lutein,correct drug name,BN,high,single,1865,0,PreserVision/Lutein,PreserVision/Lutein,preservision/lutein,BN,high,0.62463564,0.62463564,0.62463564,1,0.70772719,0.70772719,0.70772719,1,1.0,0.0,0.0,1,0.00086,0.00086,0.00086,0,0.00226,0.00226,0.00226,0
1866,Lacto-Pectin,correct drug name,BN,high,single,1866,0,Lacto-Pectin,Lacto-Pectin,lacto-pectin,BN,high,0.89370233,0.89370233,0.89370233,1,0.70772719,0.70772719,0.70772719,1,1.0,0.0,0.0,1,0.00058,0.00058,0.00058,0,0.00328,0.00328,0.00328,0
1867,Klaron,correct drug name,BN,high,single,1867,0,Klaron,Klaron,klaron,BN,high,2.86e-06,2.86e-06,2.86e-06,0,0.31403589,0.31403589,0.31403589,0,1.0,2.0,0.5,1,0.96526,0.96526,0.96526,1,0.99985,0.99985,0.99985,1
1868,Pepto-Bismol,correct drug name,BN,high,single,1868,0,Pepto-Bismol,Pepto-Bismol,pepto-bismol,BN,high,8.1e-07,8.1e-07,8.1e-07,0,0.29003844,0.29003844,0.29003844,0,0.0,0.0,0.0,0,0.0023,0.0023,0.0023,0,0.00114,0.00114,0.00114,0
1869,Belbuca,correct drug name,BN,high,single,1869,0,Belbuca,Belbuca,belbuca,BN,high,1.24e-06,1.24e-06,1.24e-06,0,0.2522915,0.2522915,0.2522915,0,1.0,3.0,0.75,1,0.91239,0.91239,0.91239,1,0.99399,0.99399,0.99399,1
1870,phentermine,correct drug name,IN,high,single,1870,0,phentermine,phentermine,phentermine,IN,high,0.00092604,0.00092604,0.00092604,0,0.23212959,0.23212959,0.23212959,0,0.0,0.0,0.0,0,0.001,0.001,0.001,0,0.00037,0.00037,0.00037,0
1871,ertapenem,correct drug name,IN,high,single,1871,0,ertapenem,ertapenem,ertapenem,IN,high,1.235e-05,1.235e-05,1.235e-05,0,0.12391407,0.12391407,0.12391407,0,0.0,0.0,0.0,0,0.00153,0.00153,0.00153,0,0.00182,0.00182,0.00182,0
1872,Fioricet,correct drug name,BN,high,single,1872,0,Fioricet,Fioricet,fioricet,BN,high,0.99999964,0.99999964,0.99999964,1,0.30209938,0.30209938,0.30209938,0,0.0,0.0,0.0,0,0.00069,0.00069,0.00069,0,0.0003,0.0003,0.0003,0
1873,Durezol,correct drug name,BN,high,single,1873,0,Durezol,Durezol,durezol,BN,high,3.111e-05,3.111e-05,3.111e-05,0,0.04609114,0.04609114,0.04609114,0,0.0,0.0,0.0,0,0.06277,0.06277,0.06277,0,0.02433,0.02433,0.02433,0
1874,Razadyne,correct drug name,BN,high,single,1874,0,Razadyne,Razadyne,razadyne,BN,high,6.75e-06,6.75e-06,6.75e-06,0,0.15775493,0.15775493,0.15775493,0,0.0,0.0,0.0,0,0.00043,0.00043,0.00043,0,0.00033,0.00033,0.00033,0
1875,Efudex,correct drug name,BN,high,single,1875,0,Efudex,Efudex,efudex,BN,high,1.883e-05,1.883e-05,1.883e-05,0,0.15036255,0.15036255,0.15036255,0,0.0,0.0,0.0,0,0.05969,0.05969,0.05969,0,0.00537,0.00537,0.00537,0
1876,Entacapone,correct drug name,IN,high,single,1876,0,Entacapone,Entacapone,entacapone,IN,high,5.433e-05,5.433e-05,5.433e-05,0,0.11096045,0.11096045,0.11096045,0,0.0,0.0,0.0,0,0.0013,0.0013,0.0013,0,0.0012,0.0012,0.0012,0
1877,Senna-S,correct drug name,BN,high,single,1877,0,Senna-S,Senna-S,senna-s,BN,high,0.88301092,0.88301092,0.88301092,1,0.2206988,0.2206988,0.2206988,0,1.0,3.0,0.75,1,0.24948,0.24948,0.24948,0,0.00054,0.00054,0.00054,0
1878,Actos,correct drug name,BN,high,single,1878,0,Actos,Actos,actos,BN,high,0.94909859,0.94909859,0.94909859,1,0.17111492,0.17111492,0.17111492,0,1.0,2.0,0.5,1,0.99984,0.99984,0.99984,1,0.00484,0.00484,0.00484,0
1879,Psoriasin,correct drug name,BN,high,single,1879,0,Psoriasin,Psoriasin,psoriasin,BN,high,1.715e-05,1.715e-05,1.715e-05,0,0.25981498,0.25981498,0.25981498,0,0.0,0.0,0.0,0,0.00231,0.00231,0.00231,0,0.00045,0.00045,0.00045,0
1880,DermaSeptin,correct drug name,BN,high,single,1880,0,DermaSeptin,DermaSeptin,dermaseptin,BN,high,0.65062559,0.65062559,0.65062559,1,0.25787756,0.25787756,0.25787756,0,0.0,0.0,0.0,0,0.00059,0.00059,0.00059,0,0.06977,0.06977,0.06977,0
1881,Desoximetasone,correct drug name,IN,high,single,1881,0,Desoximetasone,Desoximetasone,desoximetasone,IN,high,1.259e-05,1.259e-05,1.259e-05,0,0.10266741,0.10266741,0.10266741,0,0.0,0.0,0.0,0,0.0033,0.0033,0.0033,0,0.00862,0.00862,0.00862,0
1882,Anusol-HC,correct drug name,BN,high,single,1882,0,Anusol-HC,Anusol-HC,anusol-hc,BN,high,0.92913604,0.92913604,0.92913604,1,0.17149314,0.17149314,0.17149314,0,0.0,0.0,0.0,0,0.00035,0.00035,0.00035,0,0.00042,0.00042,0.00042,0
1883,L-Arginine,correct drug name,IN,high,single,1883,0,L-Arginine,L-Arginine,l-arginine,IN,high,1.177e-05,1.177e-05,1.177e-05,0,0.32778922,0.32778922,0.32778922,0,0.0,0.0,0.0,0,0.00022,0.00022,0.00022,0,0.00043,0.00043,0.00043,0
1884,B-Complex-C,correct drug name,BN,high,single,1884,0,B-Complex-C,B-Complex-C,b-complex-c,BN,high,1.051e-05,1.051e-05,1.051e-05,0,0.70772719,0.70772719,0.70772719,1,1.0,4.0,1.0,1,0.00106,0.00106,0.00106,0,0.00025,0.00025,0.00025,0
1885,Relistor,correct drug name,BN,high,single,1885,0,Relistor,Relistor,relistor,BN,high,0.00130913,0.00130913,0.00130913,0,0.3776207,0.3776207,0.3776207,0,0.0,0.0,0.0,0,0.00116,0.00116,0.00116,0,0.00395,0.00395,0.00395,0
1886,Hydrogel,correct drug name,IN,high,single,1886,0,Hydrogel,Hydrogel,hydrogel,IN,high,0.99999869,0.99999869,0.99999869,1,0.37225437,0.37225437,0.37225437,0,0.0,0.0,0.0,0,0.00309,0.00309,0.00309,0,0.00045,0.00045,0.00045,0
1887,Cal-Mag,correct drug name,BN,high,single,1887,0,Cal-Mag,Cal-Mag,cal-mag,BN,high,0.99999988,0.99999988,0.99999988,1,0.38068515,0.38068515,0.38068515,0,1.0,3.0,0.75,1,0.00064,0.00064,0.00064,0,0.0011,0.0011,0.0011,0
1888,rabeprazole,correct drug name,IN,high,single,1888,0,rabeprazole,rabeprazole,rabeprazole,IN,high,0.00087536,0.00087536,0.00087536,0,0.16148449,0.16148449,0.16148449,0,0.0,0.0,0.0,0,0.00047,0.00047,0.00047,0,0.00816,0.00816,0.00816,0
1889,Aplisol,correct drug name,BN,high,single,1889,0,Aplisol,Aplisol,aplisol,BN,high,7.27e-06,7.27e-06,7.27e-06,0,0.09748917,0.09748917,0.09748917,0,1.0,3.0,0.75,1,0.99665,0.99665,0.99665,1,0.00919,0.00919,0.00919,0
1890,Cefprozil,correct drug name,IN,high,single,1890,0,Cefprozil,Cefprozil,cefprozil,IN,high,0.99999988,0.99999988,0.99999988,1,0.15252028,0.15252028,0.15252028,0,0.0,0.0,0.0,0,0.00228,0.00228,0.00228,0,0.00039,0.00039,0.00039,0
1891,Pentasa,correct drug name,BN,high,single,1891,0,Pentasa,Pentasa,pentasa,BN,high,0.63877428,0.63877428,0.63877428,1,0.14238741,0.14238741,0.14238741,0,0.0,0.0,0.0,0,0.00121,0.00121,0.00121,0,0.00049,0.00049,0.00049,0
1892,trental,correct drug name,BN,high,single,1892,0,trental,trental,trental,BN,high,3.703e-05,3.703e-05,3.703e-05,0,0.23505497,0.23505497,0.23505497,0,0.0,0.0,0.0,0,0.00038,0.00038,0.00038,0,0.00095,0.00095,0.00095,0
1893,Siltussin-DM,correct drug name,BN,high,single,1893,0,Siltussin-DM,Siltussin-DM,siltussin-dm,BN,high,0.0002335,0.0002335,0.0002335,0,0.70772719,0.70772719,0.70772719,1,0.0,0.0,0.0,0,0.0031,0.0031,0.0031,0,0.01314,0.01314,0.01314,0
1894,Cilostazol,correct drug name,IN,high,single,1894,0,Cilostazol,Cilostazol,cilostazol,IN,high,3.528e-05,3.528e-05,3.528e-05,0,0.1304713,0.1304713,0.1304713,0,0.0,0.0,0.0,0,0.00078,0.00078,0.00078,0,0.00047,0.00047,0.00047,0
1895,Piroxicam,correct drug name,IN,high,single,1895,0,Piroxicam,Piroxicam,piroxicam,IN,high,0.00213405,0.00213405,0.00213405,0,0.10304084,0.10304084,0.10304084,0,0.0,0.0,0.0,0,0.00045,0.00045,0.00045,0,0.00155,0.00155,0.00155,0
1896,Monodox,correct drug name,BN,high,single,1896,0,Monodox,Monodox,monodox,BN,high,0.00385676,0.00385676,0.00385676,0,0.36430553,0.36430553,0.36430553,0,0.0,0.0,0.0,0,0.00167,0.00167,0.00167,0,0.00306,0.00306,0.00306,0
1897,Dialyvite,correct drug name,BN,high,single,1897,0,Dialyvite,Dialyvite,dialyvite,BN,high,0.56152594,0.56152594,0.56152594,1,0.37675676,0.37675676,0.37675676,0,0.0,0.0,0.0,0,0.0007,0.0007,0.0007,0,0.00035,0.00035,0.00035,0
1898,Mysoline,correct drug name,BN,high,single,1898,0,Mysoline,Mysoline,mysoline,BN,high,0.00014184,0.00014184,0.00014184,0,0.14774321,0.14774321,0.14774321,0,0.0,0.0,0.0,0,0.00065,0.00065,0.00065,0,0.00045,0.00045,0.00045,0
1899,Neutra-Phos,correct drug name,BN,high,single,1899,0,Neutra-Phos,Neutra-Phos,neutra-phos,BN,high,0.9993031,0.9993031,0.9993031,1,0.45212579,0.45212579,0.45212579,1,0.0,0.0,0.0,0,0.00037,0.00037,0.00037,0,0.00053,0.00053,0.00053,0
1900,Truvada,correct drug name,BN,high,single,1900,0,Truvada,Truvada,truvada,BN,high,0.41816086,0.41816086,0.41816086,1,0.18152311,0.18152311,0.18152311,0,0.0,0.0,0.0,0,0.00044,0.00044,0.00044,0,0.00047,0.00047,0.00047,0
1901,epinastine,correct drug name,IN,high,single,1901,0,epinastine,epinastine,epinastine,IN,high,2.733e-05,2.733e-05,2.733e-05,0,0.13718833,0.13718833,0.13718833,0,0.0,0.0,0.0,0,0.00189,0.00189,0.00189,0,0.00943,0.00943,0.00943,0
1902,Flomax,correct drug name,BN,high,single,1902,0,Flomax,Flomax,flomax,BN,high,1.204e-05,1.204e-05,1.204e-05,0,0.12114499,0.12114499,0.12114499,0,0.0,0.0,0.0,0,0.00102,0.00102,0.00102,0,0.00085,0.00085,0.00085,0
1903,ibandronate,correct drug name,IN,high,single,1903,0,ibandronate,ibandronate,ibandronate,IN,high,2.2e-06,2.2e-06,2.2e-06,0,0.10206708,0.10206708,0.10206708,0,0.0,0.0,0.0,0,0.00125,0.00125,0.00125,0,0.00033,0.00033,0.00033,0
1904,pyridoxine,correct drug name,IN,high,single,1904,0,pyridoxine,pyridoxine,pyridoxine,IN,high,1.086e-05,1.086e-05,1.086e-05,0,0.27691951,0.27691951,0.27691951,0,0.0,0.0,0.0,0,0.00041,0.00041,0.00041,0,0.0004,0.0004,0.0004,0
1905,Zenpep,correct drug name,BN,high,single,1905,0,Zenpep,Zenpep,zenpep,BN,high,4.22e-06,4.22e-06,4.22e-06,0,0.16137114,0.16137114,0.16137114,0,0.0,0.0,0.0,0,0.00846,0.00846,0.00846,0,0.00049,0.00049,0.00049,0
1906,Hibiclens,correct drug name,BN,high,single,1906,0,Hibiclens,Hibiclens,hibiclens,BN,high,0.00021714,0.00021714,0.00021714,0,0.34647825,0.34647825,0.34647825,0,0.0,0.0,0.0,0,0.01279,0.01279,0.01279,0,0.00037,0.00037,0.00037,0
1907,Benicar,correct drug name,BN,high,single,1907,0,Benicar,Benicar,benicar,BN,high,2.59e-06,2.59e-06,2.59e-06,0,0.16429684,0.16429684,0.16429684,0,0.0,0.0,0.0,0,0.90617,0.90617,0.90617,1,0.00107,0.00107,0.00107,0
1908,candesartan,correct drug name,IN,high,single,1908,0,candesartan,candesartan,candesartan,IN,high,3.128e-05,3.128e-05,3.128e-05,0,0.11281192,0.11281192,0.11281192,0,0.0,0.0,0.0,0,0.00092,0.00092,0.00092,0,0.00119,0.00119,0.00119,0
1909,Lokelma,correct drug name,BN,high,single,1909,0,Lokelma,Lokelma,lokelma,BN,high,0.9999454,0.9999454,0.9999454,1,0.70772719,0.70772719,0.70772719,1,1.0,3.0,0.75,1,0.01022,0.01022,0.01022,0,0.99562,0.99562,0.99562,1
1910,Atripla,correct drug name,BN,high,single,1910,0,Atripla,Atripla,atripla,BN,high,6.13e-06,6.13e-06,6.13e-06,0,0.13110715,0.13110715,0.13110715,0,1.0,2.0,0.5,1,0.00377,0.00377,0.00377,0,0.994,0.994,0.994,1
1911,Accolate,correct drug name,BN,high,single,1911,0,Accolate,Accolate,accolate,BN,high,0.69050384,0.69050384,0.69050384,1,0.30238104,0.30238104,0.30238104,0,0.0,0.0,0.0,0,0.00274,0.00274,0.00274,0,0.00327,0.00327,0.00327,0
1912,niacinamide,correct drug name,IN,high,single,1912,0,niacinamide,niacinamide,niacinamide,IN,high,0.00023318,0.00023318,0.00023318,0,0.20007572,0.20007572,0.20007572,0,0.0,0.0,0.0,0,0.00133,0.00133,0.00133,0,0.19282,0.19282,0.19282,0
1913,TEGretol-XR,correct drug name,BN,high,single,1913,0,TEGretol-XR,TEGretol-XR,tegretol-xr,BN,high,0.99987793,0.99987793,0.99987793,1,0.11031968,0.11031968,0.11031968,0,1.0,0.0,0.0,1,0.00212,0.00212,0.00212,0,0.00037,0.00037,0.00037,0
1914,Reguloid,correct drug name,BN,high,single,1914,0,Reguloid,Reguloid,reguloid,BN,high,0.29982719,0.29982719,0.29982719,1,0.38569745,0.38569745,0.38569745,1,0.0,0.0,0.0,0,0.00058,0.00058,0.00058,0,0.0007,0.0007,0.0007,0
1915,colestipol,correct drug name,IN,high,single,1915,0,colestipol,colestipol,colestipol,IN,high,0.00038061,0.00038061,0.00038061,0,0.20915753,0.20915753,0.20915753,0,0.0,0.0,0.0,0,0.00054,0.00054,0.00054,0,0.00182,0.00182,0.00182,0
1916,Clarithromycin,correct drug name,IN,high,single,1916,0,Clarithromycin,Clarithromycin,clarithromycin,IN,high,0.00012088,0.00012088,0.00012088,0,0.23844002,0.23844002,0.23844002,0,0.0,0.0,0.0,0,0.00029,0.00029,0.00029,0,0.00068,0.00068,0.00068,0
1917,Dulcolax,correct drug name,BN,high,single,1917,0,Dulcolax,Dulcolax,dulcolax,BN,high,0.86726278,0.86726278,0.86726278,1,0.50300765,0.50300765,0.50300765,1,0.0,0.0,0.0,0,0.00053,0.00053,0.00053,0,0.00275,0.00275,0.00275,0
1918,Capecitabine,correct drug name,IN,high,single,1918,0,Capecitabine,Capecitabine,capecitabine,IN,high,4.048e-05,4.048e-05,4.048e-05,0,0.09257238,0.09257238,0.09257238,0,0.0,0.0,0.0,0,0.00064,0.00064,0.00064,0,0.00036,0.00036,0.00036,0
1919,Activella,correct drug name,BN,high,single,1919,0,Activella,Activella,activella,BN,high,6.42e-06,6.42e-06,6.42e-06,0,0.49917957,0.49917957,0.49917957,1,0.0,0.0,0.0,0,0.00081,0.00081,0.00081,0,0.00053,0.00053,0.00053,0
1920,cinacalcet,correct drug name,IN,high,single,1920,0,cinacalcet,cinacalcet,cinacalcet,IN,high,5.074e-05,5.074e-05,5.074e-05,0,0.19033173,0.19033173,0.19033173,0,0.0,0.0,0.0,0,0.00027,0.00027,0.00027,0,0.00071,0.00071,0.00071,0
1921,Velphoro,correct drug name,BN,high,single,1921,0,Velphoro,Velphoro,velphoro,BN,high,2.334e-05,2.334e-05,2.334e-05,0,0.25313628,0.25313628,0.25313628,0,1.0,0.0,0.0,1,0.95062,0.95062,0.95062,1,0.99793,0.99793,0.99793,1
1922,Epivir,correct drug name,BN,high,single,1922,0,Epivir,Epivir,epivir,BN,high,9.69e-06,9.69e-06,9.69e-06,0,0.09433857,0.09433857,0.09433857,0,0.0,0.0,0.0,0,0.00139,0.00139,0.00139,0,0.00048,0.00048,0.00048,0
1923,Vraylar,correct drug name,BN,high,single,1923,0,Vraylar,Vraylar,vraylar,BN,high,0.99999714,0.99999714,0.99999714,1,0.2192097,0.2192097,0.2192097,0,1.0,0.0,0.0,1,0.99997,0.99997,0.99997,1,0.98177,0.98177,0.98177,1
1924,Linezolid,correct drug name,IN,high,single,1924,0,Linezolid,Linezolid,linezolid,IN,high,8.17e-06,8.17e-06,8.17e-06,0,0.10277727,0.10277727,0.10277727,0,0.0,0.0,0.0,0,0.00078,0.00078,0.00078,0,0.00041,0.00041,0.00041,0
1925,Prolia,correct drug name,BN,high,single,1925,0,Prolia,Prolia,prolia,BN,high,0.0141281,0.0141281,0.0141281,0,0.21854426,0.21854426,0.21854426,0,0.0,0.0,0.0,0,0.95742,0.95742,0.95742,1,0.82629,0.82629,0.82629,1
1926,Kerendia,correct drug name,BN,high,single,1926,0,Kerendia,Kerendia,kerendia,BN,high,1.169e-05,1.169e-05,1.169e-05,0,0.70772719,0.70772719,0.70772719,1,0.0,0.0,0.0,0,0.04923,0.04923,0.04923,0,0.97848,0.97848,0.97848,1
1927,Zithromax,correct drug name,BN,high,single,1927,0,Zithromax,Zithromax,zithromax,BN,high,1.617e-05,1.617e-05,1.617e-05,0,0.2843762,0.2843762,0.2843762,0,0.0,0.0,0.0,0,0.00086,0.00086,0.00086,0,0.00055,0.00055,0.00055,0
1928,Arthricream,correct drug name,BN,high,single,1928,0,Arthricream,Arthricream,arthricream,BN,high,0.99999893,0.99999893,0.99999893,1,0.70772719,0.70772719,0.70772719,1,1.0,0.0,0.0,1,0.99916,0.99916,0.99916,1,0.00656,0.00656,0.00656,0
1929,Vanicream,correct drug name,BN,high,single,1929,0,Vanicream,Vanicream,vanicream,BN,high,0.0005603,0.0005603,0.0005603,0,0.2339015,0.2339015,0.2339015,0,0.0,0.0,0.0,0,0.00043,0.00043,0.00043,0,0.00031,0.00031,0.00031,0
1930,Micro-K,correct drug name,BN,high,single,1930,0,Micro-K,Micro-K,micro-k,BN,high,1.3e-06,1.3e-06,1.3e-06,0,0.29976192,0.29976192,0.29976192,0,0.0,0.0,0.0,0,0.00049,0.00049,0.00049,0,0.0003,0.0003,0.0003,0
1931,Fluad,correct drug name,BN,high,single,1931,0,Fluad,Fluad,fluad,BN,high,0.9999975,0.9999975,0.9999975,1,0.30852777,0.30852777,0.30852777,0,0.0,0.0,0.0,0,0.99904,0.99904,0.99904,1,0.99726,0.99726,0.99726,1
1932,miSOPROStol,correct drug name,IN,high,single,1932,0,miSOPROStol,miSOPROStol,misoprostol,IN,high,4.617e-05,4.617e-05,4.617e-05,0,0.15752308,0.15752308,0.15752308,0,0.0,0.0,0.0,0,0.00028,0.00028,0.00028,0,0.00046,0.00046,0.00046,0
1933,Monurol,correct drug name,BN,high,single,1933,0,Monurol,Monurol,monurol,BN,high,1.84e-06,1.84e-06,1.84e-06,0,0.27106893,0.27106893,0.27106893,0,0.0,0.0,0.0,0,0.00193,0.00193,0.00193,0,0.00241,0.00241,0.00241,0
1934,Exemestane,correct drug name,IN,high,single,1934,0,Exemestane,Exemestane,exemestane,IN,high,6.148e-05,6.148e-05,6.148e-05,0,0.1168857,0.1168857,0.1168857,0,0.0,0.0,0.0,0,0.00219,0.00219,0.00219,0,0.00147,0.00147,0.00147,0
1935,Mepron,correct drug name,BN,high,single,1935,0,Mepron,Mepron,mepron,BN,high,8.24e-06,8.24e-06,8.24e-06,0,0.25464937,0.25464937,0.25464937,0,0.0,0.0,0.0,0,0.00212,0.00212,0.00212,0,0.00032,0.00032,0.00032,0
1936,Acalabrutinib,correct drug name,IN,high,single,1936,0,Acalabrutinib,Acalabrutinib,acalabrutinib,IN,high,1.16e-06,1.16e-06,1.16e-06,0,0.05882911,0.05882911,0.05882911,0,0.0,0.0,0.0,0,0.02112,0.02112,0.02112,0,0.00121,0.00121,0.00121,0
1937,CellCept,correct drug name,BN,high,single,1937,0,CellCept,CellCept,cellcept,BN,high,0.27047727,0.27047727,0.27047727,1,0.17378008,0.17378008,0.17378008,0,0.0,0.0,0.0,0,0.00024,0.00024,0.00024,0,0.00039,0.00039,0.00039,0
1938,lamiVUDine-Zidovudine,correct drug name,BN,high,single,1938,0,lamiVUDine-Zidovudine,lamiVUDine-Zidovudine,lamivudine-zidovudine,BN,high,6.962e-05,6.962e-05,6.962e-05,0,0.15480104,0.15480104,0.15480104,0,0.0,0.0,0.0,0,0.00043,0.00043,0.00043,0,0.00043,0.00043,0.00043,0
1939,Apokyn,correct drug name,BN,high,single,1939,0,Apokyn,Apokyn,apokyn,BN,high,0.1368231,0.1368231,0.1368231,0,0.11736834,0.11736834,0.11736834,0,0.0,0.0,0.0,0,0.00021,0.00021,0.00021,0,0.01895,0.01895,0.01895,0
1940,Nicotrol,correct drug name,BN,high,single,1940,0,Nicotrol,Nicotrol,nicotrol,BN,high,0.99999034,0.99999034,0.99999034,1,0.33808199,0.33808199,0.33808199,0,0.0,0.0,0.0,0,0.04949,0.04949,0.04949,0,0.8872,0.8872,0.8872,1
1941,Thera-Gesic,correct drug name,BN,high,single,1941,0,Thera-Gesic,Thera-Gesic,thera-gesic,BN,high,0.9966948,0.9966948,0.9966948,1,0.13697925,0.13697925,0.13697925,0,0.0,0.0,0.0,0,0.00077,0.00077,0.00077,0,0.00031,0.00031,0.00031,0
1942,Mylicon,correct drug name,BN,high,single,1942,0,Mylicon,Mylicon,mylicon,BN,high,2.218e-05,2.218e-05,2.218e-05,0,0.39328432,0.39328432,0.39328432,1,0.0,0.0,0.0,0,0.00078,0.00078,0.00078,0,0.00051,0.00051,0.00051,0
1943,D-Vi-Sol,correct drug name,BN,high,single,1943,0,D-Vi-Sol,D-Vi-Sol,d-vi-sol,BN,high,0.99999976,0.99999976,0.99999976,1,0.70772719,0.70772719,0.70772719,1,0.0,0.0,0.0,0,0.00025,0.00025,0.00025,0,0.00042,0.00042,0.00042,0
1944,Tigan,correct drug name,BN,high,single,1944,0,Tigan,Tigan,tigan,BN,high,0.0002945,0.0002945,0.0002945,0,0.13301179,0.13301179,0.13301179,0,0.0,0.0,0.0,0,0.00077,0.00077,0.00077,0,0.00249,0.00249,0.00249,0
1945,Augmentin,correct drug name,BN,high,single,1945,0,Augmentin,Augmentin,augmentin,BN,high,4.83e-06,4.83e-06,4.83e-06,0,0.20421408,0.20421408,0.20421408,0,0.0,0.0,0.0,0,0.0002,0.0002,0.0002,0,0.00029,0.00029,0.00029,0
1946,Prenatal,correct drug name,BN,high,single,1946,0,Prenatal,Prenatal,prenatal,BN,high,3.188e-05,3.188e-05,3.188e-05,0,0.74262929,0.74262929,0.74262929,1,0.0,0.0,0.0,0,0.00069,0.00069,0.00069,0,0.00164,0.00164,0.00164,0
1947,Prelief,correct drug name,BN,high,single,1947,0,Prelief,Prelief,prelief,BN,high,0.00040735,0.00040735,0.00040735,0,0.4049986,0.4049986,0.4049986,1,0.0,0.0,0.0,0,0.00156,0.00156,0.00156,0,0.0023,0.0023,0.0023,0
1948,Tretinoin,correct drug name,IN,high,single,1948,0,Tretinoin,Tretinoin,tretinoin,IN,high,4.635e-05,4.635e-05,4.635e-05,0,0.23839772,0.23839772,0.23839772,0,0.0,0.0,0.0,0,0.00084,0.00084,0.00084,0,0.00152,0.00152,0.00152,0
1949,Furosemide,correct drug name,IN,high,single,1949,0,Furosemide,Furosemide,furosemide,IN,high,2.187e-05,2.187e-05,2.187e-05,0,0.24865417,0.24865417,0.24865417,0,0.0,0.0,0.0,0,0.00035,0.00035,0.00035,0,0.00166,0.00166,0.00166,0
1950,Welchol,correct drug name,BN,high,single,1950,0,Welchol,Welchol,welchol,BN,high,0.14372389,0.14372389,0.14372389,0,0.30226526,0.30226526,0.30226526,0,1.0,3.0,0.75,1,0.00029,0.00029,0.00029,0,0.99786,0.99786,0.99786,1
1951,Opsumit,correct drug name,BN,high,single,1951,0,Opsumit,Opsumit,opsumit,BN,high,3.24e-06,3.24e-06,3.24e-06,0,0.09723546,0.09723546,0.09723546,0,0.0,0.0,0.0,0,0.99778,0.99778,0.99778,1,0.99718,0.99718,0.99718,1
1952,PeriGuard,correct drug name,BN,high,single,1952,0,PeriGuard,PeriGuard,periguard,BN,high,0.99999952,0.99999952,0.99999952,1,0.30612212,0.30612212,0.30612212,0,0.0,0.0,0.0,0,0.00038,0.00038,0.00038,0,0.01648,0.01648,0.01648,0
1953,desvenlafaxine,correct drug name,IN,high,single,1953,0,desvenlafaxine,desvenlafaxine,desvenlafaxine,IN,high,7.69e-06,7.69e-06,7.69e-06,0,0.19009265,0.19009265,0.19009265,0,0.0,0.0,0.0,0,0.00119,0.00119,0.00119,0,0.00122,0.00122,0.00122,0
1954,Rufinamide,correct drug name,IN,high,single,1954,0,Rufinamide,Rufinamide,rufinamide,IN,high,0.5647319,0.5647319,0.5647319,1,0.06863744,0.06863744,0.06863744,0,0.0,0.0,0.0,0,0.00185,0.00185,0.00185,0,0.00181,0.00181,0.00181,0
1955,Simbrinza,correct drug name,BN,high,single,1955,0,Simbrinza,Simbrinza,simbrinza,BN,high,0.02320582,0.02320582,0.02320582,0,0.15709247,0.15709247,0.15709247,0,0.0,0.0,0.0,0,0.0015,0.0015,0.0015,0,0.0035,0.0035,0.0035,0
1956,Gel-Kam,correct drug name,BN,high,single,1956,0,Gel-Kam,Gel-Kam,gel-kam,BN,high,0.82019395,0.82019395,0.82019395,1,0.30333379,0.30333379,0.30333379,0,0.0,0.0,0.0,0,0.99973,0.99973,0.99973,1,0.987,0.987,0.987,1
1957,Albuterol-Ipratropium,correct drug name,IN,high,single,1957,0,Albuterol-Ipratropium,Albuterol-Ipratropium,albuterol-ipratropium,IN,high,0.00015065,0.00015065,0.00015065,0,0.38817939,0.38817939,0.38817939,1,0.0,0.0,0.0,0,0.00033,0.00033,0.00033,0,0.0003,0.0003,0.0003,0
1958,Unicomplex-M,correct drug name,BN,high,single,1958,0,Unicomplex-M,Unicomplex-M,unicomplex-m,BN,high,6.22e-06,6.22e-06,6.22e-06,0,0.70772719,0.70772719,0.70772719,1,1.0,3.0,0.75,1,0.01682,0.01682,0.01682,0,0.93427,0.93427,0.93427,1
1959,Gleevec,correct drug name,BN,high,single,1959,0,Gleevec,Gleevec,gleevec,BN,high,7.26e-05,7.26e-05,7.26e-05,0,0.14410229,0.14410229,0.14410229,0,1.0,2.0,0.5,1,0.00051,0.00051,0.00051,0,0.00079,0.00079,0.00079,0
1960,AndroGel,correct drug name,BN,high,single,1960,0,AndroGel,AndroGel,androgel,BN,high,9.023e-05,9.023e-05,9.023e-05,0,0.42309263,0.42309263,0.42309263,1,0.0,0.0,0.0,0,0.00141,0.00141,0.00141,0,0.00036,0.00036,0.00036,0
1961,Isosource,correct drug name,IN,high,single,1961,0,Isosource,Isosource,isosource,IN,high,2.22e-06,2.22e-06,2.22e-06,0,0.35543448,0.35543448,0.35543448,0,0.0,0.0,0.0,0,0.00035,0.00035,0.00035,0,0.00165,0.00165,0.00165,0
1962,Apremilast,correct drug name,IN,high,single,1962,0,Apremilast,Apremilast,apremilast,IN,high,5.196e-05,5.196e-05,5.196e-05,0,0.07209941,0.07209941,0.07209941,0,0.0,0.0,0.0,0,0.00072,0.00072,0.00072,0,0.00041,0.00041,0.00041,0
1963,Clotrimazole,correct drug name,IN,high,single,1963,0,Clotrimazole,Clotrimazole,clotrimazole,IN,high,1.029e-05,1.029e-05,1.029e-05,0,0.27488744,0.27488744,0.27488744,0,0.0,0.0,0.0,0,0.00027,0.00027,0.00027,0,0.00051,0.00051,0.00051,0
1964,Pluronic,correct drug name,BN,high,single,1964,0,Pluronic,Pluronic,pluronic,BN,high,0.01164155,0.01164155,0.01164155,0,0.47847903,0.47847903,0.47847903,1,1.0,2.0,0.5,1,0.00048,0.00048,0.00048,0,0.00032,0.00032,0.00032,0
1965,Tivicay,correct drug name,BN,high,single,1965,0,Tivicay,Tivicay,tivicay,BN,high,1.03e-06,1.03e-06,1.03e-06,0,0.23616587,0.23616587,0.23616587,0,0.0,0.0,0.0,0,0.00178,0.00178,0.00178,0,0.00054,0.00054,0.00054,0
1966,Tacrolimus,correct drug name,IN,high,single,1966,0,Tacrolimus,Tacrolimus,tacrolimus,IN,high,0.00010174,0.00010174,0.00010174,0,0.19353813,0.19353813,0.19353813,0,0.0,0.0,0.0,0,0.0003,0.0003,0.0003,0,0.00056,0.00056,0.00056,0
1967,Benefiber,correct drug name,BN,high,single,1967,0,Benefiber,Benefiber,benefiber,BN,high,7.503e-05,7.503e-05,7.503e-05,0,0.26402208,0.26402208,0.26402208,0,0.0,0.0,0.0,0,0.00031,0.00031,0.00031,0,0.0006,0.0006,0.0006,0
1968,Eliquis,correct drug name,BN,high,single,1968,0,Eliquis,Eliquis,eliquis,BN,high,4.28e-06,4.28e-06,4.28e-06,0,0.24056479,0.24056479,0.24056479,0,0.0,0.0,0.0,0,0.99949,0.99949,0.99949,1,0.95101,0.95101,0.95101,1
1969,Elderberry,correct drug name,IN,high,single,1969,0,Elderberry,Elderberry,elderberry,IN,high,0.74078542,0.74078542,0.74078542,1,0.49342072,0.49342072,0.49342072,1,0.0,0.0,0.0,0,0.00043,0.00043,0.00043,0,0.0004,0.0004,0.0004,0
1970,Nicotine,correct drug name,IN,high,single,1970,0,Nicotine,Nicotine,nicotine,IN,high,0.00010308,0.00010308,0.00010308,0,0.25919119,0.25919119,0.25919119,0,0.0,0.0,0.0,0,0.00535,0.00535,0.00535,0,0.07364,0.07364,0.07364,0
1971,Renacidin,correct drug name,BN,high,single,1971,0,Renacidin,Renacidin,renacidin,BN,high,0.60665911,0.60665911,0.60665911,1,0.13184662,0.13184662,0.13184662,0,0.0,0.0,0.0,0,0.00087,0.00087,0.00087,0,0.00803,0.00803,0.00803,0
1972,Darunavir-Cobicistat,correct drug name,IN,high,single,1972,0,Darunavir-Cobicistat,Darunavir-Cobicistat,darunavir-cobicistat,IN,high,3.42e-06,3.42e-06,3.42e-06,0,0.08612916,0.08612916,0.08612916,0,1.0,0.0,0.0,1,0.00117,0.00117,0.00117,0,0.00193,0.00193,0.00193,0
1973,B-1,correct drug name,IN,high,single,1973,0,B-1,B-1,b-1,IN,high,1.386e-05,1.386e-05,1.386e-05,0,0.37452453,0.37452453,0.37452453,0,1.0,2.0,0.5,1,0.97985,0.97985,0.97985,1,0.46076,0.46076,0.46076,0
1974,Dofetilide,correct drug name,IN,high,single,1974,0,Dofetilide,Dofetilide,dofetilide,IN,high,0.00914446,0.00914446,0.00914446,0,0.15264527,0.15264527,0.15264527,0,0.0,0.0,0.0,0,0.00052,0.00052,0.00052,0,0.00042,0.00042,0.00042,0
1975,tiagabine,correct drug name,IN,high,single,1975,0,tiagabine,tiagabine,tiagabine,IN,high,5.63e-06,5.63e-06,5.63e-06,0,0.0930275,0.0930275,0.0930275,0,0.0,0.0,0.0,0,0.00033,0.00033,0.00033,0,0.00078,0.00078,0.00078,0
1976,Silenor,correct drug name,BN,high,single,1976,0,Silenor,Silenor,silenor,BN,high,0.99999928,0.99999928,0.99999928,1,0.37013254,0.37013254,0.37013254,0,1.0,3.0,0.75,1,0.38025,0.38025,0.38025,0,0.99982,0.99982,0.99982,1
1977,chlorpromazine,correct drug name,IN,high,single,1977,0,chlorpromazine,chlorpromazine,chlorpromazine,IN,high,7.19e-06,7.19e-06,7.19e-06,0,0.12948059,0.12948059,0.12948059,0,0.0,0.0,0.0,0,0.00082,0.00082,0.00082,0,0.00115,0.00115,0.00115,0
1978,Theratears,correct drug name,BN,high,single,1978,0,Theratears,Theratears,theratears,BN,high,0.9999876,0.9999876,0.9999876,1,0.37705848,0.37705848,0.37705848,0,0.0,0.0,0.0,0,0.00031,0.00031,0.00031,0,0.0003,0.0003,0.0003,0
1979,Acetylcysteine,correct drug name,IN,high,single,1979,0,Acetylcysteine,Acetylcysteine,acetylcysteine,IN,high,0.07399839,0.07399839,0.07399839,0,0.2583805,0.2583805,0.2583805,0,0.0,0.0,0.0,0,0.00041,0.00041,0.00041,0,0.00055,0.00055,0.00055,0
1980,trihexyphenidyl,correct drug name,IN,high,single,1980,0,trihexyphenidyl,trihexyphenidyl,trihexyphenidyl,IN,high,0.00014352,0.00014352,0.00014352,0,0.09855594,0.09855594,0.09855594,0,0.0,0.0,0.0,0,0.00293,0.00293,0.00293,0,0.00038,0.00038,0.00038,0
1981,Rocaltrol,correct drug name,BN,high,single,1981,0,Rocaltrol,Rocaltrol,rocaltrol,BN,high,8.27e-06,8.27e-06,8.27e-06,0,0.1797924,0.1797924,0.1797924,0,0.0,0.0,0.0,0,0.00067,0.00067,0.00067,0,0.00104,0.00104,0.00104,0
1982,Visine,correct drug name,BN,high,single,1982,0,Visine,Visine,visine,BN,high,0.99998486,0.99998486,0.99998486,1,0.21114418,0.21114418,0.21114418,0,0.0,0.0,0.0,0,0.00106,0.00106,0.00106,0,0.0004,0.0004,0.0004,0
1983,Benadryl,correct drug name,BN,high,single,1983,0,Benadryl,Benadryl,benadryl,BN,high,0.48557875,0.48557875,0.48557875,1,0.30085137,0.30085137,0.30085137,0,0.0,0.0,0.0,0,0.00059,0.00059,0.00059,0,0.00043,0.00043,0.00043,0
1984,Sulindac,correct drug name,IN,high,single,1984,0,Sulindac,Sulindac,sulindac,IN,high,8.3e-07,8.3e-07,8.3e-07,0,0.1310695,0.1310695,0.1310695,0,0.0,0.0,0.0,0,0.04071,0.04071,0.04071,0,0.00596,0.00596,0.00596,0
1985,Sween,correct drug name,BN,high,single,1985,0,Sween,Sween,sween,BN,high,3.05e-06,3.05e-06,3.05e-06,0,0.50831056,0.50831056,0.50831056,1,0.0,0.0,0.0,0,0.00293,0.00293,0.00293,0,0.00214,0.00214,0.00214,0
1986,Certa-Vite,correct drug name,BN,high,single,1986,0,Certa-Vite,Certa-Vite,certa-vite,BN,high,0.00040162,0.00040162,0.00040162,0,0.70772719,0.70772719,0.70772719,1,0.0,0.0,0.0,0,0.00108,0.00108,0.00108,0,0.00131,0.00131,0.00131,0
1987,Reglan,correct drug name,BN,high,single,1987,0,Reglan,Reglan,reglan,BN,high,0.99999917,0.99999917,0.99999917,1,0.34423593,0.34423593,0.34423593,0,1.0,2.0,0.5,1,0.00024,0.00024,0.00024,0,0.0009,0.0009,0.0009,0
1988,ProCel,correct drug name,IN,high,single,1988,0,ProCel,ProCel,procel,IN,high,0.0357841,0.0357841,0.0357841,0,0.44737896,0.44737896,0.44737896,1,1.0,2.0,0.5,1,0.99562,0.99562,0.99562,1,0.06467,0.06467,0.06467,0
1989,Protein,correct non-drug name,IN,high,single,1989,0,Protein,Protein,protein,IN,high,0.9507913,0.9507913,0.9507913,1,0.74222511,0.74222511,0.74222511,1,0.0,0.0,0.0,0,0.9127,0.9127,0.9127,1,0.00074,0.00074,0.00074,0
1990,Ziagen,correct drug name,BN,high,single,1990,0,Ziagen,Ziagen,ziagen,BN,high,1.447e-05,1.447e-05,1.447e-05,0,0.13097531,0.13097531,0.13097531,0,1.0,2.0,0.5,1,0.9997,0.9997,0.9997,1,0.99932,0.99932,0.99932,1
1991,Lovastatin,correct drug name,IN,high,single,1991,0,Lovastatin,Lovastatin,lovastatin,IN,high,1.086e-05,1.086e-05,1.086e-05,0,0.15544149,0.15544149,0.15544149,0,0.0,0.0,0.0,0,0.00041,0.00041,0.00041,0,0.00084,0.00084,0.00084,0
1992,Lunesta,correct drug name,BN,high,single,1992,0,Lunesta,Lunesta,lunesta,BN,high,0.97838223,0.97838223,0.97838223,1,0.17250703,0.17250703,0.17250703,0,1.0,2.0,0.5,1,0.99934,0.99934,0.99934,1,0.99944,0.99944,0.99944,1
1993,Xylocaine,correct drug name,BN,high,single,1993,0,Xylocaine,Xylocaine,xylocaine,BN,high,0.00074118,0.00074118,0.00074118,0,0.45459604,0.45459604,0.45459604,1,0.0,0.0,0.0,0,0.00156,0.00156,0.00156,0,0.00087,0.00087,0.00087,0
1994,CertaVite/Antioxidants,correct drug name,BN,high,single,1994,0,CertaVite/Antioxidants,CertaVite/Antioxidants,certavite/antioxidants,BN,high,0.9999994,0.9999994,0.9999994,1,0.70772719,0.70772719,0.70772719,1,1.0,0.0,0.0,1,0.00023,0.00023,0.00023,0,0.00043,0.00043,0.00043,0
1995,Theragran-M,correct drug name,BN,high,single,1995,0,Theragran-M,Theragran-M,theragran-m,BN,high,0.91134083,0.91134083,0.91134083,1,0.28643709,0.28643709,0.28643709,0,0.0,0.0,0.0,0,0.00882,0.00882,0.00882,0,0.0207,0.0207,0.0207,0
1996,Bystolic,correct drug name,BN,high,single,1996,0,Bystolic,Bystolic,bystolic,BN,high,4.768e-05,4.768e-05,4.768e-05,0,0.52767235,0.52767235,0.52767235,1,1.0,1.0,0.25,1,0.00733,0.00733,0.00733,0,0.97995,0.97995,0.97995,1
1997,Loratadine,correct drug name,IN,high,single,1997,0,Loratadine,Loratadine,loratadine,IN,high,1.685e-05,1.685e-05,1.685e-05,0,0.18765509,0.18765509,0.18765509,0,0.0,0.0,0.0,0,0.00092,0.00092,0.00092,0,0.00204,0.00204,0.00204,0
1998,Integra,correct drug name,BN,high,single,1998,0,Integra,Integra,integra,BN,high,0.99999785,0.99999785,0.99999785,1,0.08631155,0.08631155,0.08631155,0,0.0,0.0,0.0,0,0.00074,0.00074,0.00074,0,0.00034,0.00034,0.00034,0
1999,Glucotrol,correct drug name,BN,high,single,1999,0,Glucotrol,Glucotrol,glucotrol,BN,high,0.99999619,0.99999619,0.99999619,1,0.17237274,0.17237274,0.17237274,0,0.0,0.0,0.0,0,0.0014,0.0014,0.0014,0,0.00053,0.00053,0.00053,0
0,neomy-polymix-hc ear suspension,mispelled drug name,IN,low,multi,0,1,neomy-polymix-hc ear suspension,neomy-polymix-hc ear suspension,neomy-polymix-hc ear suspension,IN,1,0.94888699,0.94888699,0.94888699,1,0.46558869,0.46558869,0.46558869,1,1.0,0.0,0.0,1,0.99976,0.99976,0.99976,1,0.97549,0.97549,0.97549,1
1,cran-vitC-mannose-FOS-bromen,mispelled drug name,IN,low,multi,1,1,cran-vitC-mannose-FOS-bromen,cran-vitC-mannose-FOS-bromen,cran-vitc-mannose-fos-bromen,IN,1,0.14925747,0.14925747,0.14925747,0,0.70772719,0.70772719,0.70772719,1,1.0,0.0,0.0,1,0.99957,0.99957,0.99957,1,0.9996,0.9996,0.9996,1
2,odansetron disintegrating',mispelled drug name,BN,low,multi,2,1,odansetron disintegrating',odansetron disintegrating',odansetron disintegrating',BN,1,0.99076742,0.99076742,0.99076742,1,0.24501094,0.24501094,0.24501094,0,1.0,2.0,0.5,1,0.47998,0.47998,0.47998,0,0.00118,0.00118,0.00118,0
3,bactrobran abx ointment,mispelled drug name,BN,low,multi,3,1,bactrobran abx ointment,bactrobran abx ointment,bactrobran abx ointment,BN,1,0.99998987,0.99998987,0.99998987,1,0.17799731,0.17799731,0.17799731,0,1.0,1.0,0.25,1,0.00629,0.00629,0.00629,0,0.97727,0.97727,0.97727,1
4,Zyprexa sublingal,mispelled drug name,"BN,IN",low,multi,4,1,Zyprexa sublingal,Zyprexa sublingal,zyprexa sublingal,"BN, IN",1,0.00264646,0.00264646,0.00264646,0,0.28628671,0.28628671,0.28628671,0,1.0,1.0,0.25,1,0.00034,0.00034,0.00034,0,0.00112,0.00112,0.00112,0
5,Allegra Allergy Childrens,nonstandard,BN,low,multi,5,1,Allegra Allergy Childrens,Allegra Allergy Childrens,allegra allergy childrens,BN,24,1.0,1.0,1.0,1,0.30530339,0.30530339,0.30530339,0,0.0,0.0,0.0,0,0.00022,0.00022,0.00022,0,0.00025,0.00025,0.00025,0
6,Stress Formula/Zinc (B-Compl),correct short drug name,IN,low,multi,6,0,Stress Formula/Zinc (B-Compl),Stress Formula/Zinc (B-Compl),stress formula/zinc (b-compl),IN,25,0.99999988,0.99999988,0.99999988,1,0.57400692,0.57400692,0.57400692,1,1.0,0.0,0.0,1,0.99975,0.99975,0.99975,1,0.99981,0.99981,0.99981,1
7,Ocutabs,correct drug name,BN,high,multi,7,0,Ocutabs,Ocutabs,ocutabs,BN,121,1.45e-06,1.45e-06,1.45e-06,0,0.43507835,0.43507835,0.43507835,1,0.0,0.0,0.0,0,0.9997,0.9997,0.9997,1,0.99948,0.99948,0.99948,1
8,insulin lispro protamin-lispro,nonstandard,IN,high,multi,8,1,insulin lispro protamin-lispro,insulin lispro protamin-lispro,insulin lispro protamin-lispro,IN,152,0.000185,0.000185,0.000185,0,0.20764861,0.20764861,0.20764861,0,1.0,0.0,0.0,1,0.00123,0.00123,0.00123,0,0.99985,0.99985,0.99985,1
9,Flulaval 2013-2014 (flu vacc ts 2013-14(36mos+)),correct drug name,"BN,IN",high,multi,9,0,Flulaval 2013-2014 (flu vacc ts 2013-14(36mos+)),Flulaval 2013-2014 (flu vacc ts 2013-14(36mos+)),flulaval 2013-2014 (flu vacc ts 2013-14(36mos+)),"BN, IN",178,0.99983823,0.99983823,0.99983823,1,0.75480306,0.75480306,0.75480306,1,1.0,1.0,0.25,1,0.98186,0.98186,0.98186,1,0.95558,0.95558,0.95558,1
10,POLYETHYLENE GLYCOL 3350 POWD,correct short drug name,IN,high,multi,10,0,POLYETHYLENE GLYCOL 3350 POWD,POLYETHYLENE GLYCOL 3350 POWD,polyethylene glycol 3350 powd,IN,210,0.00071992,0.00071992,0.00071992,0,0.35312313,0.35312313,0.35312313,0,1.0,4.0,1.0,1,0.99987,0.99987,0.99987,1,0.99974,0.99974,0.99974,1
11,marys magic butt cream,nonstandard,"BN,IN",high,multi,11,1,marys magic butt cream,marys magic butt cream,marys magic butt cream,"BN, IN",459,6.3e-06,6.3e-06,6.3e-06,0,0.39914444,0.39914444,0.39914444,1,1.0,1.0,0.25,1,0.99978,0.99978,0.99978,1,0.00039,0.00039,0.00039,0
12,Folic Acid-Vit B6-Vit B12,correct short drug name,IN,high,multi,12,0,Folic Acid-Vit B6-Vit B12,Folic Acid-Vit B6-Vit B12,folic acid-vit b6-vit b12,IN,532,0.99999964,0.99999964,0.99999964,1,0.5226078,0.5226078,0.5226078,1,1.0,3.0,0.75,1,0.65208,0.65208,0.65208,1,0.3934,0.3934,0.3934,0
13,marys magic mouthwash,nonstandard,"BN,IN",high,multi,13,1,marys magic mouthwash,marys magic mouthwash,marys magic mouthwash,"BN, IN",750,6.79e-06,6.79e-06,6.79e-06,0,0.34881863,0.34881863,0.34881863,0,1.0,1.0,0.25,1,0.99906,0.99906,0.99906,1,0.00036,0.00036,0.00036,0
14,"Pfizer COVID19 Vacc (Unapprov) (covid-19 vacc,mrna(pfizer)(pf))",correct drug name,BN,high,multi,14,0,"Pfizer COVID19 Vacc (Unapprov) (covid-19 vacc,mrna(pfizer)(pf))","Pfizer COVID19 Vacc (Unapprov) (covid-19 vacc,mrna(pfizer)(pf))","pfizer covid19 vacc (unapprov) (covid-19 vacc,mrna(pfizer)(pf))",BN,868,1.0,1.0,1.0,1,0.32764059,0.32764059,0.32764059,0,1.0,1.0,0.25,1,0.99997,0.99997,0.99997,1,0.99984,0.99984,0.99984,1
15,"Pfizer COVID-19 Vaccine (EUA) (covid-19 vacc,mrna(pfizer)(pf))",correct drug name,BN,high,multi,15,0,"Pfizer COVID-19 Vaccine (EUA) (covid-19 vacc,mrna(pfizer)(pf))","Pfizer COVID-19 Vaccine (EUA) (covid-19 vacc,mrna(pfizer)(pf))","pfizer covid-19 vaccine (eua) (covid-19 vacc,mrna(pfizer)(pf))",BN,3522,0.99999976,0.99999976,0.99999976,1,0.25511247,0.25511247,0.25511247,0,1.0,4.0,1.0,1,0.99993,0.99993,0.99993,1,0.9999,0.9999,0.9999,1
16,triamterene-hydrochlorothiazid,nonstandard,IN,high,multi,16,1,triamterene-hydrochlorothiazid,triamterene-hydrochlorothiazid,triamterene-hydrochlorothiazid,IN,4485,0.99901402,0.99901402,0.99901402,1,0.13301691,0.13301691,0.13301691,0,1.0,0.0,0.0,1,0.99944,0.99944,0.99944,1,0.9999,0.9999,0.9999,1
17,Spikevax 2023-2024(12y up)(PF) (covid vac23-24(12up)(andu)(pf)),correct drug name,"BN,IN",high,multi,17,0,Spikevax 2023-2024(12y up)(PF) (covid vac23-24(12up)(andu)(pf)),Spikevax 2023-2024(12y up)(PF) (covid vac23-24(12up)(andu)(pf)),spikevax 2023-2024(12y up)(pf) (covid vac23-24(12up)(andu)(pf)),"BN, IN",6781,0.99994457,0.99994457,0.99994457,1,0.70772719,0.70772719,0.70772719,1,1.0,1.0,0.25,1,0.99995,0.99995,0.99995,1,0.99978,0.99978,0.99978,1
18,Prevnar 20 (PF) (pneumoc 20-val conj-dip cr(pf)),correct drug name,"BN,IN",high,multi,18,0,Prevnar 20 (PF) (pneumoc 20-val conj-dip cr(pf)),Prevnar 20 (PF) (pneumoc 20-val conj-dip cr(pf)),prevnar 20 (pf) (pneumoc 20-val conj-dip cr(pf)),"BN, IN",8567,0.99999988,0.99999988,0.99999988,1,0.43532372,0.43532372,0.43532372,1,1.0,2.0,0.5,1,0.99944,0.99944,0.99944,1,0.99959,0.99959,0.99959,1
19,"Moderna COVID-19 Vaccine (EUA) (covid-19 vacc,mrna(moderna)-pf)",correct drug name,BN,high,multi,19,0,"Moderna COVID-19 Vaccine (EUA) (covid-19 vacc,mrna(moderna)-pf)","Moderna COVID-19 Vaccine (EUA) (covid-19 vacc,mrna(moderna)-pf)","moderna covid-19 vaccine (eua) (covid-19 vacc,mrna(moderna)-pf)",BN,8850,0.9999994,0.9999994,0.9999994,1,0.5356434,0.5356434,0.5356434,1,1.0,4.0,1.0,1,0.99994,0.99994,0.99994,1,0.99987,0.99987,0.99987,1
20,Refresh Classic (PF) (polyvinyl alcohol-povidon(pf)),nonstandard,"BN,IN",high,multi,20,1,Refresh Classic (PF) (polyvinyl alcohol-povidon(pf)),Refresh Classic (PF) (polyvinyl alcohol-povidon(pf)),refresh classic (pf) (polyvinyl alcohol-povidon(pf)),"BN, IN",9049,0.96111369,0.96111369,0.96111369,1,0.49592471,0.49592471,0.49592471,1,1.0,1.0,0.25,1,0.99991,0.99991,0.99991,1,0.9998,0.9998,0.9998,1
21,Aspirin Childrens,nonstandard,"BN,IN",high,multi,21,1,Aspirin Childrens,Aspirin Childrens,aspirin childrens,"BN, IN",9053,0.99999762,0.99999762,0.99999762,1,0.28649685,0.28649685,0.28649685,0,0.0,0.0,0.0,0,0.00015,0.00015,0.00015,0,0.00026,0.00026,0.00026,0
22,Prevnar 13 (PF) (pneumoc 13-val conj-dip cr(pf)),correct drug name,"BN,IN",high,multi,22,0,Prevnar 13 (PF) (pneumoc 13-val conj-dip cr(pf)),Prevnar 13 (PF) (pneumoc 13-val conj-dip cr(pf)),prevnar 13 (pf) (pneumoc 13-val conj-dip cr(pf)),"BN, IN",15492,0.99999988,0.99999988,0.99999988,1,0.52854592,0.52854592,0.52854592,1,1.0,2.0,0.5,1,0.99951,0.99951,0.99951,1,0.99978,0.99978,0.99978,1
23,Levemir FlexTouch U-100 Insuln,nonstandard,BN,high,multi,23,1,Levemir FlexTouch U-100 Insuln,Levemir FlexTouch U-100 Insuln,levemir flextouch u-100 insuln,BN,17208,0.99999976,0.99999976,0.99999976,1,0.1789771,0.1789771,0.1789771,0,1.0,3.0,0.75,1,0.99991,0.99991,0.99991,1,0.94413,0.94413,0.94413,1
24,FerrouSul,correct drug name,BN,high,multi,24,0,FerrouSul,FerrouSul,ferrousul,BN,18399,0.82623893,0.82623893,0.82623893,1,0.37156212,0.37156212,0.37156212,0,1.0,3.0,0.75,1,0.99993,0.99993,0.99993,1,0.99874,0.99874,0.99874,1
25,BACLOFEN 5MG/ML SUSP,correct drug name,IN,low,multi,25,0,BACLOFEN 5MG/ML SUSP,BACLOFEN 5MG/ML SUSP,baclofen 5mg/ml susp,IN,1,0.50635535,0.50635535,0.50635535,1,0.2842547,0.2842547,0.2842547,0,1.0,0.0,0.0,1,0.00169,0.00169,0.00169,0,0.00421,0.00421,0.00421,0
26,OMEPRAZOLE 2MG/ML,correct drug name,IN,low,multi,26,0,OMEPRAZOLE 2MG/ML,OMEPRAZOLE 2MG/ML,omeprazole 2mg/ml,IN,16,0.99993432,0.99993432,0.99993432,1,0.30857819,0.30857819,0.30857819,0,1.0,0.0,0.0,1,0.07554,0.07554,0.07554,0,0.04366,0.04366,0.04366,0
27,Fluzone HighDose Quad 22-23 PF (flu vacc qs2021-22(65yr up)-pf),correct drug name,"BN,IN",low,multi,27,0,Fluzone HighDose Quad 22-23 PF (flu vacc qs2021-22(65yr up)-pf),Fluzone HighDose Quad 22-23 PF (flu vacc qs2021-22(65yr up)-pf),fluzone highdose quad 22-23 pf (flu vacc qs2021-22(65yr up)-pf),"BN, IN",27,0.99999666,0.99999666,0.99999666,1,0.66297489,0.66297489,0.66297489,1,1.0,4.0,1.0,1,0.96612,0.96612,0.96612,1,0.99987,0.99987,0.99987,1
28,Coenzyme Q-10,correct drug name,IN,high,multi,28,0,Coenzyme Q-10,Coenzyme Q-10,coenzyme q-10,IN,387,0.89744723,0.89744723,0.89744723,1,0.12922005,0.12922005,0.12922005,0,0.0,0.0,0.0,0,0.00037,0.00037,0.00037,0,0.00049,0.00049,0.00049,0
29,Afluria Qd 2021-22(3yr up)(PF) (flu vac qs2021-22 36mos up(pf)),correct drug name,"BN,IN",high,multi,29,0,Afluria Qd 2021-22(3yr up)(PF) (flu vac qs2021-22 36mos up(pf)),Afluria Qd 2021-22(3yr up)(PF) (flu vac qs2021-22 36mos up(pf)),afluria qd 2021-22(3yr up)(pf) (flu vac qs2021-22 36mos up(pf)),"BN, IN",410,0.99999988,0.99999988,0.99999988,1,0.2346227,0.2346227,0.2346227,0,1.0,4.0,1.0,1,0.9999,0.9999,0.9999,1,0.99985,0.99985,0.99985,1
30,Fluzone Quad 2023-2024 (PF) (flu vacc qs2023-24 6mos up(pf)),correct drug name,"BN,IN",high,multi,30,0,Fluzone Quad 2023-2024 (PF) (flu vacc qs2023-24 6mos up(pf)),Fluzone Quad 2023-2024 (PF) (flu vacc qs2023-24 6mos up(pf)),fluzone quad 2023-2024 (pf) (flu vacc qs2023-24 6mos up(pf)),"BN, IN",436,0.99999964,0.99999964,0.99999964,1,0.6517362,0.6517362,0.6517362,1,1.0,4.0,1.0,1,0.99968,0.99968,0.99968,1,0.99984,0.99984,0.99984,1
31,Afluria Qd 2020-21(3yr up)(PF) (flu vac qs2020-21 36mos up(pf)),correct drug name,"BN,IN",high,multi,31,0,Afluria Qd 2020-21(3yr up)(PF) (flu vac qs2020-21 36mos up(pf)),Afluria Qd 2020-21(3yr up)(PF) (flu vac qs2020-21 36mos up(pf)),afluria qd 2020-21(3yr up)(pf) (flu vac qs2020-21 36mos up(pf)),"BN, IN",812,1.0,1.0,1.0,1,0.2346227,0.2346227,0.2346227,0,1.0,4.0,1.0,1,0.99992,0.99992,0.99992,1,0.99987,0.99987,0.99987,1
32,Asper-Flex,correct drug name,BN,high,multi,32,0,Asper-Flex,Asper-Flex,asper-flex,BN,839,7.477e-05,7.477e-05,7.477e-05,0,0.70772719,0.70772719,0.70772719,1,0.0,0.0,0.0,0,0.00024,0.00024,0.00024,0,0.00032,0.00032,0.00032,0
33,Multi-Vitamin/Iron,correct drug name,IN,high,multi,33,0,Multi-Vitamin/Iron,Multi-Vitamin/Iron,multi-vitamin/iron,IN,934,1.992e-05,1.992e-05,1.992e-05,0,0.70772719,0.70772719,0.70772719,1,1.0,0.0,0.0,1,0.00025,0.00025,0.00025,0,0.00038,0.00038,0.00038,0
34,Multi-Vitamins,correct drug name,IN,high,multi,34,0,Multi-Vitamins,Multi-Vitamins,multi-vitamins,IN,1348,0.00018217,0.00018217,0.00018217,0,0.6212588,0.6212588,0.6212588,1,0.0,0.0,0.0,0,0.00022,0.00022,0.00022,0,0.00027,0.00027,0.00027,0
35,Anti-Fungal,correct drug name,BN,high,multi,35,0,Anti-Fungal,Anti-Fungal,anti-fungal,BN,1373,0.41970867,0.41970867,0.41970867,1,0.56777596,0.56777596,0.56777596,1,0.0,0.0,0.0,0,0.00029,0.00029,0.00029,0,0.00025,0.00025,0.00025,0
36,Fluarix Quad 2019-2020 (PF) (flu vacc qs2019-20 6mos up(pf)),correct drug name,"BN,IN",high,multi,36,0,Fluarix Quad 2019-2020 (PF) (flu vacc qs2019-20 6mos up(pf)),Fluarix Quad 2019-2020 (PF) (flu vacc qs2019-20 6mos up(pf)),fluarix quad 2019-2020 (pf) (flu vacc qs2019-20 6mos up(pf)),"BN, IN",1851,0.99999976,0.99999976,0.99999976,1,0.64871663,0.64871663,0.64871663,1,1.0,4.0,1.0,1,0.99955,0.99955,0.99955,1,0.99967,0.99967,0.99967,1
37,Cepacol Sorethroat-Cough,correct drug name,BN,high,multi,37,0,Cepacol Sorethroat-Cough,Cepacol Sorethroat-Cough,cepacol sorethroat-cough,BN,1882,0.99993575,0.99993575,0.99993575,1,0.35572624,0.35572624,0.35572624,0,1.0,0.0,0.0,1,0.99979,0.99979,0.99979,1,0.99954,0.99954,0.99954,1
38,Co Q-10,correct drug name,BN,high,multi,38,0,Co Q-10,Co Q-10,co q-10,BN,2168,0.00128875,0.00128875,0.00128875,0,0.46668944,0.46668944,0.46668944,1,0.0,0.0,0.0,0,0.87526,0.87526,0.87526,1,0.85596,0.85596,0.85596,1
39,Fluzone High-Dose 2018-19 (PF) (flu vacc ts2018-19 65yr up(pf)),correct drug name,"BN,IN",high,multi,39,0,Fluzone High-Dose 2018-19 (PF) (flu vacc ts2018-19 65yr up(pf)),Fluzone High-Dose 2018-19 (PF) (flu vacc ts2018-19 65yr up(pf)),fluzone high-dose 2018-19 (pf) (flu vacc ts2018-19 65yr up(pf)),"BN, IN",3849,0.99999821,0.99999821,0.99999821,1,0.49923977,0.49923977,0.49923977,1,1.0,5.0,1.0,1,0.99988,0.99988,0.99988,1,0.99959,0.99959,0.99959,1
40,"Heparin LockFlush(Porcine)(PF) (heparin, porcine (pf))",correct drug name,BN,high,multi,40,0,"Heparin LockFlush(Porcine)(PF) (heparin, porcine (pf))","Heparin LockFlush(Porcine)(PF) (heparin, porcine (pf))","heparin lockflush(porcine)(pf) (heparin, porcine (pf))",BN,3889,0.9999392,0.9999392,0.9999392,1,0.40689549,0.40689549,0.40689549,1,1.0,2.0,0.5,1,0.99996,0.99996,0.99996,1,0.99991,0.99991,0.99991,1
41,Afluria Qd 2019-20(3yr up)(PF) (flu vac qs2019-20 36mos up(pf)),correct drug name,"BN,IN",high,multi,41,0,Afluria Qd 2019-20(3yr up)(PF) (flu vac qs2019-20 36mos up(pf)),Afluria Qd 2019-20(3yr up)(PF) (flu vac qs2019-20 36mos up(pf)),afluria qd 2019-20(3yr up)(pf) (flu vac qs2019-20 36mos up(pf)),"BN, IN",4268,0.99999988,0.99999988,0.99999988,1,0.2346227,0.2346227,0.2346227,0,1.0,4.0,1.0,1,0.99992,0.99992,0.99992,1,0.99982,0.99982,0.99982,1
42,Fluzone HighDose Quad 20-21 PF (flu vacc qs2020-21(65yr up)-pf),correct drug name,"BN,IN",high,multi,42,0,Fluzone HighDose Quad 20-21 PF (flu vacc qs2020-21(65yr up)-pf),Fluzone HighDose Quad 20-21 PF (flu vacc qs2020-21(65yr up)-pf),fluzone highdose quad 20-21 pf (flu vacc qs2020-21(65yr up)-pf),"BN, IN",4503,0.99997568,0.99997568,0.99997568,1,0.5922823,0.5922823,0.5922823,1,1.0,4.0,1.0,1,0.9976,0.9976,0.9976,1,0.99988,0.99988,0.99988,1
43,Fluzone HighDose Quad 23-24 PF (flu vacc qs2023-24(65yr up)-pf),correct drug name,"BN,IN",high,multi,43,0,Fluzone HighDose Quad 23-24 PF (flu vacc qs2023-24(65yr up)-pf),Fluzone HighDose Quad 23-24 PF (flu vacc qs2023-24(65yr up)-pf),fluzone highdose quad 23-24 pf (flu vacc qs2023-24(65yr up)-pf),"BN, IN",9715,0.99999213,0.99999213,0.99999213,1,0.77839363,0.77839363,0.77839363,1,1.0,4.0,1.0,1,0.99406,0.99406,0.99406,1,0.99984,0.99984,0.99984,1
44,Fluzone HighDose Quad 21-22 PF (flu vacc qs2021-22(65yr up)-pf),correct drug name,"BN,IN",high,multi,44,0,Fluzone HighDose Quad 21-22 PF (flu vacc qs2021-22(65yr up)-pf),Fluzone HighDose Quad 21-22 PF (flu vacc qs2021-22(65yr up)-pf),fluzone highdose quad 21-22 pf (flu vacc qs2021-22(65yr up)-pf),"BN, IN",9781,0.99999988,0.99999988,0.99999988,1,0.76846564,0.76846564,0.76846564,1,1.0,4.0,1.0,1,0.99917,0.99917,0.99917,1,0.99987,0.99987,0.99987,1
45,Fluzone HighDose Quad 22-23 PF (flu vacc qs2022-23(65yr up)-pf),correct drug name,"BN,IN",high,multi,45,0,Fluzone HighDose Quad 22-23 PF (flu vacc qs2022-23(65yr up)-pf),Fluzone HighDose Quad 22-23 PF (flu vacc qs2022-23(65yr up)-pf),fluzone highdose quad 22-23 pf (flu vacc qs2022-23(65yr up)-pf),"BN, IN",9843,0.9999193,0.9999193,0.9999193,1,0.66297489,0.66297489,0.66297489,1,1.0,4.0,1.0,1,0.99415,0.99415,0.99415,1,0.99989,0.99989,0.99989,1
46,Multi-Vitamin/Minerals,correct drug name,IN,high,multi,46,0,Multi-Vitamin/Minerals,Multi-Vitamin/Minerals,multi-vitamin/minerals,IN,15352,7.005e-05,7.005e-05,7.005e-05,0,0.48178354,0.48178354,0.48178354,1,1.0,5.0,1.0,1,0.00022,0.00022,0.00022,0,0.00029,0.00029,0.00029,0
47,iodine supplement,correct drug name,IN,low,multi,47,0,iodine supplement,iodine supplement,iodine supplement,IN,1,0.00024241,0.00024241,0.00024241,0,0.40482038,0.40482038,0.40482038,1,0.0,0.0,0.0,0,0.00156,0.00156,0.00156,0,0.00039,0.00039,0.00039,0
49,multi vitamin once daily,correct drug name,IN,low,multi,49,0,multi vitamin once daily,multi vitamin once daily,multi vitamin once daily,IN,1,5.052e-05,5.052e-05,5.052e-05,0,0.24432544,0.24432544,0.24432544,0,0.0,0.0,0.0,0,0.00142,0.00142,0.00142,0,0.00061,0.00061,0.00061,0
50,calcium-vitamin d 600 mg-400 units tablet,correct drug name,IN,low,multi,50,0,calcium-vitamin d 600 mg-400 units tablet,calcium-vitamin d 600 mg-400 units tablet,calcium-vitamin d 600 mg-400 units tablet,IN,1,0.07518157,0.07518157,0.07518157,0,0.35550806,0.35550806,0.35550806,0,1.0,2.0,0.5,1,0.00028,0.00028,0.00028,0,0.00159,0.00159,0.00159,0
51,MSIR 20mg./ml give 0.25ml,not sure,"BN,IN",low,multi,51,1,MSIR 20mg./ml give 0.25ml,MSIR 20mg./ml give 0.25ml,msir 20mg./ml give 0.25ml,"BN, IN",1,0.99999881,0.99999881,0.99999881,1,0.44965696,0.44965696,0.44965696,1,1.0,2.0,0.5,1,0.89654,0.89654,0.89654,1,0.97671,0.97671,0.97671,1
52,aspirin 162,nonstandard,IN,low,multi,52,1,aspirin 162,aspirin 162,aspirin 162,IN,1,4.122e-05,4.122e-05,4.122e-05,0,0.40398896,0.40398896,0.40398896,1,1.0,0.0,0.0,1,0.0018,0.0018,0.0018,0,0.00056,0.00056,0.00056,0
54,ferrous sulfate oral 160 mg (50 elemental iron) oral tablet extended release,nonstandard,IN,low,multi,54,1,ferrous sulfate oral 160 mg (50 elemental iron) oral tablet extended release,ferrous sulfate oral 160 mg (50 elemental iron) oral tablet extended release,ferrous sulfate oral 160 mg (50 elemental iron) oral tablet extended release,IN,1,0.08581153,0.08581153,0.08581153,0,0.26207098,0.26207098,0.26207098,0,0.0,0.0,0.0,0,0.09318,0.09318,0.09318,0,0.10038,0.10038,0.10038,0
55,Exelon 3 mg,correct drug name,BN,low,multi,55,0,Exelon 3 mg,Exelon 3 mg,exelon 3 mg,BN,1,0.99974877,0.99974877,0.99974877,1,0.41790786,0.41790786,0.41790786,1,0.0,0.0,0.0,0,0.01755,0.01755,0.01755,0,0.00278,0.00278,0.00278,0
56,multivitamin central vite hp,correct drug name,"BN,IN",low,multi,56,0,multivitamin central vite hp,multivitamin central vite hp,multivitamin central vite hp,"BN, IN",1,0.00049088,0.00049088,0.00049088,0,0.37708163,0.37708163,0.37708163,0,0.0,0.0,0.0,0,0.02338,0.02338,0.02338,0,0.00695,0.00695,0.00695,0
57,Multiple Vitamin-Minerals oral hair and nails formula,correct drug name,IN,low,multi,57,0,Multiple Vitamin-Minerals oral hair and nails formula,Multiple Vitamin-Minerals oral hair and nails formula,multiple vitamin-minerals oral hair and nails formula,IN,1,0.72948545,0.72948545,0.72948545,1,0.27683875,0.27683875,0.27683875,0,1.0,0.0,0.0,1,0.00045,0.00045,0.00045,0,0.00032,0.00032,0.00032,0
58,Prilosec 20 mg po dly xs 6 weeks for gerd,nonstandard,"BN,IN",low,multi,58,1,Prilosec 20 mg po dly xs 6 weeks for gerd,Prilosec 20 mg po dly xs 6 weeks for gerd,prilosec 20 mg po dly xs 6 weeks for gerd,"BN, IN",1,0.99999976,0.99999976,0.99999976,1,0.59991199,0.59991199,0.59991199,1,1.0,2.0,0.5,1,0.99986,0.99986,0.99986,1,0.99828,0.99828,0.99828,1
59,Calcium carb-Cholecalciferol 1000-800,nonstandard,IN,low,multi,59,1,Calcium carb-Cholecalciferol 1000-800,Calcium carb-Cholecalciferol 1000-800,calcium carb-cholecalciferol 1000-800,IN,1,0.999143,0.999143,0.999143,1,0.45071334,0.45071334,0.45071334,1,1.0,2.0,0.5,1,0.00026,0.00026,0.00026,0,0.00057,0.00057,0.00057,0
60,iv saline flush,nonstandard,IN,low,multi,60,1,iv saline flush,iv saline flush,iv saline flush,IN,1,0.00024031,0.00024031,0.00024031,0,0.25563249,0.25563249,0.25563249,0,0.0,0.0,0.0,0,0.98788,0.98788,0.98788,1,0.00059,0.00059,0.00059,0
61,Natural Fish Oil oral,correct drug name,IN,low,multi,61,0,Natural Fish Oil oral,Natural Fish Oil oral,natural fish oil oral,IN,1,0.02041023,0.02041023,0.02041023,0,0.24664962,0.24664962,0.24664962,0,0.0,0.0,0.0,0,0.00048,0.00048,0.00048,0,0.00052,0.00052,0.00052,0
62,sodium chloride solp 250ml with iron sucrose 100mg/5ml soln 300mg,nonstandard,IN,low,multi,62,1,sodium chloride solp 250ml with iron sucrose 100mg/5ml soln 300mg,sodium chloride solp 250ml with iron sucrose 100mg/5ml soln 300mg,sodium chloride solp 250ml with iron sucrose 100mg/5ml soln 300mg,IN,1,0.99999988,0.99999988,0.99999988,1,0.32565159,0.32565159,0.32565159,0,1.0,2.0,0.5,1,0.17677,0.17677,0.17677,0,0.07008,0.07008,0.07008,0
63,dapagliflozin  oral,correct drug name,IN,low,multi,63,0,dapagliflozin oral,dapagliflozin  oral,dapagliflozin oral,IN,1,4.27e-05,4.27e-05,4.27e-05,0,0.21866684,0.21866684,0.21866684,0,0.0,0.0,0.0,0,0.00032,0.00032,0.00032,0,0.00374,0.00374,0.00374,0
64,"vitamin D 50,000 INT UNITS CAPSULE",nonstandard,IN,low,multi,64,1,"vitamin D 50,000 INT UNITS CAPSULE","vitamin D 50,000 INT UNITS CAPSULE","vitamin d 50,000 int units capsule",IN,1,0.2925759,0.2925759,0.2925759,1,0.47715375,0.47715375,0.47715375,1,1.0,1.0,0.25,1,0.99972,0.99972,0.99972,1,0.99403,0.99403,0.99403,1
65,Centrum Silver Women Iron 8mg-400mcg 300mcg  tablet,nonstandard,"BN,IN",low,multi,65,1,Centrum Silver Women Iron 8mg-400mcg 300mcg tablet,Centrum Silver Women Iron 8mg-400mcg 300mcg  tablet,centrum silver women iron 8mg-400mcg 300mcg tablet,"BN, IN",1,0.99999976,0.99999976,0.99999976,1,0.44513711,0.44513711,0.44513711,1,1.0,2.0,0.5,1,0.9203,0.9203,0.9203,1,0.00548,0.00548,0.00548,0
66,calcium citrate-D 500 mg,nonstandard,IN,low,multi,66,1,calcium citrate-D 500 mg,calcium citrate-D 500 mg,calcium citrate-d 500 mg,IN,1,9.119e-05,9.119e-05,9.119e-05,0,0.31749815,0.31749815,0.31749815,0,1.0,2.0,0.5,1,0.00068,0.00068,0.00068,0,0.00026,0.00026,0.00026,0
67,REFRESH OPTIVE MEGA 3  0.5 EYE GTTS. INSTILL INTO OS QID,nonstandard,"BN,IN",low,multi,67,1,REFRESH OPTIVE MEGA 3 0.5 EYE GTTS. INSTILL INTO OS QID,REFRESH OPTIVE MEGA 3  0.5 EYE GTTS. INSTILL INTO OS QID,refresh optive mega 3 0.5 eye gtts. instill into os qid,"BN, IN",1,0.03222932,0.03222932,0.03222932,0,0.33891231,0.33891231,0.33891231,0,1.0,8.0,1.0,1,0.97952,0.97952,0.97952,1,0.88753,0.88753,0.88753,1
68,CVS Silver,nonstandard,BN,low,multi,68,1,CVS Silver,CVS Silver,cvs silver,BN,1,0.99999893,0.99999893,0.99999893,1,0.42330098,0.42330098,0.42330098,1,0.0,0.0,0.0,0,0.06654,0.06654,0.06654,0,0.97082,0.97082,0.97082,1
69,Calcium Carbonate  with vit d,correct short drug name,IN,low,multi,69,0,Calcium Carbonate with vit d,Calcium Carbonate  with vit d,calcium carbonate with vit d,IN,1,0.99999881,0.99999881,0.99999881,1,0.49279019,0.49279019,0.49279019,1,0.0,0.0,0.0,0,0.00163,0.00163,0.00163,0,0.00027,0.00027,0.00027,0
70,gabapentin peg,nonstandard,IN,low,multi,70,1,gabapentin peg,gabapentin peg,gabapentin peg,IN,1,0.63971061,0.63971061,0.63971061,1,0.47934744,0.47934744,0.47934744,1,0.0,0.0,0.0,0,0.00042,0.00042,0.00042,0,0.00051,0.00051,0.00051,0
71,Mary's Magic Potion Solution,correct drug name,IN,low,multi,71,0,Mary's Magic Potion Solution,Mary's Magic Potion Solution,mary's magic potion solution,IN,2,0.00081481,0.00081481,0.00081481,0,0.39534631,0.39534631,0.39534631,1,0.0,0.0,0.0,0,0.00088,0.00088,0.00088,0,0.51729,0.51729,0.51729,1
72,morphin sulfate,mispelled drug name,IN,low,multi,72,1,morphin sulfate,morphin sulfate,morphin sulfate,IN,2,2.634e-05,2.634e-05,2.634e-05,0,0.2535339,0.2535339,0.2535339,0,1.0,1.0,0.25,1,0.99991,0.99991,0.99991,1,0.99991,0.99991,0.99991,1
73,heparin 100u/ml,nonstandard,IN,low,multi,73,1,heparin 100u/ml,heparin 100u/ml,heparin 100u/ml,IN,2,0.99999976,0.99999976,0.99999976,1,0.32160708,0.32160708,0.32160708,0,1.0,0.0,0.0,1,0.00605,0.00605,0.00605,0,0.91749,0.91749,0.91749,1
74,aluminum magnesium hydroxide simethicone,nonstandard,IN,low,multi,74,1,aluminum magnesium hydroxide simethicone,aluminum magnesium hydroxide simethicone,aluminum magnesium hydroxide simethicone,IN,2,0.01108347,0.01108347,0.01108347,0,0.14642948,0.14642948,0.14642948,0,0.0,0.0,0.0,0,0.0003,0.0003,0.0003,0,0.00047,0.00047,0.00047,0
75,ferrous sequels,nonstandard,BN,low,multi,75,1,ferrous sequels,ferrous sequels,ferrous sequels,BN,2,2.36e-06,2.36e-06,2.36e-06,0,0.37774843,0.37774843,0.37774843,0,0.0,0.0,0.0,0,0.00125,0.00125,0.00125,0,0.00117,0.00117,0.00117,0
76,acetaminophen 650 mg CR,correct drug name,IN,low,multi,76,0,acetaminophen 650 mg CR,acetaminophen 650 mg CR,acetaminophen 650 mg cr,IN,2,0.03145538,0.03145538,0.03145538,0,0.26501662,0.26501662,0.26501662,0,0.0,0.0,0.0,0,0.11383,0.11383,0.11383,0,0.0003,0.0003,0.0003,0
77,Metamucil oral packet,correct drug name,BN,low,multi,77,0,Metamucil oral packet,Metamucil oral packet,metamucil oral packet,BN,3,7.71e-06,7.71e-06,7.71e-06,0,0.21948402,0.21948402,0.21948402,0,0.0,0.0,0.0,0,0.00141,0.00141,0.00141,0,0.00255,0.00255,0.00255,0
78,Metoprolol Tartrate 12.5,nonstandard,IN,low,multi,78,1,Metoprolol Tartrate 12.5,Metoprolol Tartrate 12.5,metoprolol tartrate 12.5,IN,3,0.51239967,0.51239967,0.51239967,1,0.2579011,0.2579011,0.2579011,0,1.0,0.0,0.0,1,0.00422,0.00422,0.00422,0,0.02101,0.02101,0.02101,0
79,TL G-Fol OS,correct drug name,BN,low,multi,79,0,TL G-Fol OS,TL G-Fol OS,tl g-fol os,BN,3,0.03932288,0.03932288,0.03932288,0,0.63564914,0.63564914,0.63564914,1,0.0,0.0,0.0,0,0.91337,0.91337,0.91337,1,0.18856,0.18856,0.18856,0
80,Nicomide,correct drug name,BN,low,multi,80,0,Nicomide,Nicomide,nicomide,BN,4,0.00010554,0.00010554,0.00010554,0,0.19072737,0.19072737,0.19072737,0,0.0,0.0,0.0,0,0.00568,0.00568,0.00568,0,0.02625,0.02625,0.02625,0
81,Phenol-Phenolate Sodium,correct drug name,IN,low,multi,81,0,Phenol-Phenolate Sodium,Phenol-Phenolate Sodium,phenol-phenolate sodium,IN,5,0.99998188,0.99998188,0.99998188,1,0.18502338,0.18502338,0.18502338,0,1.0,0.0,0.0,1,0.02994,0.02994,0.02994,0,0.00031,0.00031,0.00031,0
82,Hydroactive Dressings,correct non-drug name,IN,low,multi,82,0,Hydroactive Dressings,Hydroactive Dressings,hydroactive dressings,IN,6,0.99996078,0.99996078,0.99996078,1,0.32819635,0.32819635,0.32819635,0,1.0,0.0,0.0,1,0.00027,0.00027,0.00027,0,0.00052,0.00052,0.00052,0
83,BProtected Multi-Vite,nonstandard,BN,low,multi,83,1,BProtected Multi-Vite,BProtected Multi-Vite,bprotected multi-vite,BN,6,0.99964106,0.99964106,0.99964106,1,0.4580853,0.4580853,0.4580853,1,1.0,2.0,0.5,1,0.99996,0.99996,0.99996,1,0.99984,0.99984,0.99984,1
84,Chloraseptic lozenge,correct drug name,"BN,IN",low,multi,84,0,Chloraseptic lozenge,Chloraseptic lozenge,chloraseptic lozenge,"BN, IN",6,0.99994767,0.99994767,0.99994767,1,0.22387335,0.22387335,0.22387335,0,0.0,0.0,0.0,0,0.00031,0.00031,0.00031,0,0.00037,0.00037,0.00037,0
85,tobramycin ophthalmic,correct drug name,BN,low,multi,85,0,tobramycin ophthalmic,tobramycin ophthalmic,tobramycin ophthalmic,BN,7,0.00064522,0.00064522,0.00064522,0,0.20428291,0.20428291,0.20428291,0,0.0,0.0,0.0,0,0.00029,0.00029,0.00029,0,0.00034,0.00034,0.00034,0
86,Humira-Ps/UV/Adol HS Starter,nonstandard,BN,low,multi,86,1,Humira-Ps/UV/Adol HS Starter,Humira-Ps/UV/Adol HS Starter,humira-ps/uv/adol hs starter,BN,7,0.00016948,0.00016948,0.00016948,0,0.42605782,0.42605782,0.42605782,1,1.0,0.0,0.0,1,0.97914,0.97914,0.97914,1,0.99165,0.99165,0.99165,1
87,Triprolidine-Pseudoephedrine,correct drug name,BN,low,multi,87,0,Triprolidine-Pseudoephedrine,Triprolidine-Pseudoephedrine,triprolidine-pseudoephedrine,BN,7,0.0024555,0.0024555,0.0024555,0,0.09451298,0.09451298,0.09451298,0,0.0,0.0,0.0,0,0.00138,0.00138,0.00138,0,0.00034,0.00034,0.00034,0
88,Health shake,correct non-drug name,IN,low,multi,88,0,Health shake,Health shake,health shake,IN,7,0.9999727,0.9999727,0.9999727,1,0.62060332,0.62060332,0.62060332,1,0.0,0.0,0.0,0,0.00199,0.00199,0.00199,0,0.00057,0.00057,0.00057,0
89,bacteriostatic saline,nonstandard,IN,low,multi,89,1,bacteriostatic saline,bacteriostatic saline,bacteriostatic saline,IN,7,0.00012486,0.00012486,0.00012486,0,0.36241549,0.36241549,0.36241549,0,0.0,0.0,0.0,0,0.00036,0.00036,0.00036,0,0.00029,0.00029,0.00029,0
90,Keppra liquid,correct drug name,BN,low,multi,90,0,Keppra liquid,Keppra liquid,keppra liquid,BN,8,0.0192833,0.0192833,0.0192833,0,0.30536285,0.30536285,0.30536285,0,0.0,0.0,0.0,0,0.00046,0.00046,0.00046,0,0.00033,0.00033,0.00033,0
91,Cranberry cap,correct short drug name,IN,low,multi,91,0,Cranberry cap,Cranberry cap,cranberry cap,IN,8,1.524e-05,1.524e-05,1.524e-05,0,0.32356331,0.32356331,0.32356331,0,0.0,0.0,0.0,0,0.0007,0.0007,0.0007,0,0.00029,0.00029,0.00029,0
92,sugar free Robitussin,correct drug name,"BN,IN",low,multi,92,0,sugar free Robitussin,sugar free Robitussin,sugar free robitussin,"BN, IN",9,4.841e-05,4.841e-05,4.841e-05,0,0.39304715,0.39304715,0.39304715,1,0.0,0.0,0.0,0,0.00017,0.00017,0.00017,0,0.00057,0.00057,0.00057,0
93,Fiber (Corn Dextrin),nonstandard,IN,low,multi,93,1,Fiber (Corn Dextrin),Fiber (Corn Dextrin),fiber (corn dextrin),IN,9,0.99999273,0.99999273,0.99999273,1,0.49789762,0.49789762,0.49789762,1,1.0,2.0,0.5,1,0.0006,0.0006,0.0006,0,0.00088,0.00088,0.00088,0
94,Ferretts IPS,correct drug name,BN,low,multi,94,0,Ferretts IPS,Ferretts IPS,ferretts ips,BN,10,5.077e-05,5.077e-05,5.077e-05,0,0.45197767,0.45197767,0.45197767,1,0.0,0.0,0.0,0,0.00031,0.00031,0.00031,0,0.02772,0.02772,0.02772,0
95,Ativan cream,nonstandard,BN,low,multi,95,1,Ativan cream,Ativan cream,ativan cream,BN,10,1.565e-05,1.565e-05,1.565e-05,0,0.23924638,0.23924638,0.23924638,0,0.0,0.0,0.0,0,0.00127,0.00127,0.00127,0,0.00081,0.00081,0.00081,0
96,phenazopyridine oral,correct drug name,IN,low,multi,96,0,phenazopyridine oral,phenazopyridine oral,phenazopyridine oral,IN,11,1.521e-05,1.521e-05,1.521e-05,0,0.24989881,0.24989881,0.24989881,0,0.0,0.0,0.0,0,0.00071,0.00071,0.00071,0,0.00079,0.00079,0.00079,0
97,Murine Ear Wax Relief,correct drug name,IN,low,multi,97,0,Murine Ear Wax Relief,Murine Ear Wax Relief,murine ear wax relief,IN,12,0.97887254,0.97887254,0.97887254,1,0.39431253,0.39431253,0.39431253,1,0.0,0.0,0.0,0,0.00077,0.00077,0.00077,0,0.00034,0.00034,0.00034,0
98,Gattex,correct drug name,BN,low,multi,98,0,Gattex,Gattex,gattex,BN,12,0.99998438,0.99998438,0.99998438,1,0.13026971,0.13026971,0.13026971,0,0.0,0.0,0.0,0,0.00154,0.00154,0.00154,0,0.1855,0.1855,0.1855,0
99,Adult 50 Plus Eye Health,correct drug name,IN,low,multi,99,0,Adult 50 Plus Eye Health,Adult 50 Plus Eye Health,adult 50 plus eye health,IN,13,0.99999988,0.99999988,0.99999988,1,0.36738586,0.36738586,0.36738586,0,0.0,0.0,0.0,0,0.01293,0.01293,0.01293,0,0.00741,0.00741,0.00741,0
100,Salex,correct drug name,BN,low,multi,100,0,Salex,Salex,salex,BN,13,2.75e-06,2.75e-06,2.75e-06,0,0.20707725,0.20707725,0.20707725,0,0.0,0.0,0.0,0,0.00185,0.00185,0.00185,0,0.00043,0.00043,0.00043,0
101,Hydrocortisone Acetate-Aloe,correct drug name,IN,low,multi,101,0,Hydrocortisone Acetate-Aloe,Hydrocortisone Acetate-Aloe,hydrocortisone acetate-aloe,IN,13,0.99999952,0.99999952,0.99999952,1,0.58301002,0.58301002,0.58301002,1,1.0,0.0,0.0,1,0.00496,0.00496,0.00496,0,0.00129,0.00129,0.00129,0
102,vaseline lip therapy,correct drug name,BN,low,multi,102,0,vaseline lip therapy,vaseline lip therapy,vaseline lip therapy,BN,13,1.461e-05,1.461e-05,1.461e-05,0,0.3164221,0.3164221,0.3164221,0,0.0,0.0,0.0,0,0.00023,0.00023,0.00023,0,0.00047,0.00047,0.00047,0
103,Olopatadine Hydrochloride Ophthalmic Solution ,correct drug name,IN,low,multi,103,0,Olopatadine Hydrochloride Ophthalmic Solution,Olopatadine Hydrochloride Ophthalmic Solution ,olopatadine hydrochloride ophthalmic solution,IN,14,0.99682343,0.99682343,0.99682343,1,0.02823142,0.02823142,0.02823142,0,0.0,0.0,0.0,0,0.00065,0.00065,0.00065,0,0.00037,0.00037,0.00037,0
104,ferrous fumarate oral,correct drug name,IN,low,multi,104,0,ferrous fumarate oral,ferrous fumarate oral,ferrous fumarate oral,IN,15,6.26e-06,6.26e-06,6.26e-06,0,0.25536454,0.25536454,0.25536454,0,0.0,0.0,0.0,0,0.0004,0.0004,0.0004,0,0.00103,0.00103,0.00103,0
105,Romosozumab-aqqg,correct drug name,IN,low,multi,105,0,Romosozumab-aqqg,Romosozumab-aqqg,romosozumab-aqqg,IN,15,6.03e-06,6.03e-06,6.03e-06,0,0.70772719,0.70772719,0.70772719,1,0.0,0.0,0.0,0,0.63023,0.63023,0.63023,1,0.36863,0.36863,0.36863,0
106,Hi-Cal Plus Vit D,correct drug name,BN,low,multi,106,0,Hi-Cal Plus Vit D,Hi-Cal Plus Vit D,hi-cal plus vit d,BN,15,0.99842888,0.99842888,0.99842888,1,0.22786462,0.22786462,0.22786462,0,0.0,0.0,0.0,0,0.00991,0.00991,0.00991,0,0.00189,0.00189,0.00189,0
107,Bidex,correct drug name,BN,low,multi,107,0,Bidex,Bidex,bidex,BN,16,2.879e-05,2.879e-05,2.879e-05,0,0.70772719,0.70772719,0.70772719,1,0.0,0.0,0.0,0,0.00197,0.00197,0.00197,0,0.00275,0.00275,0.00275,0
108,Deplin,correct drug name,BN,low,multi,108,0,Deplin,Deplin,deplin,BN,16,0.46398586,0.46398586,0.46398586,1,0.33515146,0.33515146,0.33515146,0,0.0,0.0,0.0,0,0.00608,0.00608,0.00608,0,0.0047,0.0047,0.0047,0
109,Sleep,correct non-drug name,BN,low,multi,109,0,Sleep,Sleep,sleep,BN,16,0.00140109,0.00140109,0.00140109,0,0.54357404,0.54357404,0.54357404,1,0.0,0.0,0.0,0,0.00311,0.00311,0.00311,0,0.00057,0.00057,0.00057,0
110,lidocaine-hydrocortisone-aloe,correct drug name,IN,low,multi,110,0,lidocaine-hydrocortisone-aloe,lidocaine-hydrocortisone-aloe,lidocaine-hydrocortisone-aloe,IN,17,0.00137453,0.00137453,0.00137453,0,0.70772719,0.70772719,0.70772719,1,1.0,0.0,0.0,1,0.00209,0.00209,0.00209,0,0.00547,0.00547,0.00547,0
111,Lip Treatment,correct non-drug name,IN,low,multi,111,0,Lip Treatment,Lip Treatment,lip treatment,IN,18,0.73622799,0.73622799,0.73622799,1,0.54872888,0.54872888,0.54872888,1,0.0,0.0,0.0,0,0.97924,0.97924,0.97924,1,0.00085,0.00085,0.00085,0
112,Influenza Vac Typ A&B Surf Ant,nonstandard,"BN,IN",low,multi,112,1,Influenza Vac Typ A&B Surf Ant,Influenza Vac Typ A&B Surf Ant,influenza vac typ a&b surf ant,"BN, IN",19,0.99999988,0.99999988,0.99999988,1,0.76858622,0.76858622,0.76858622,1,1.0,2.0,0.5,1,0.99583,0.99583,0.99583,1,0.05135,0.05135,0.05135,0
113,aluminum-magnesium hydroxide oral,correct drug name,IN,low,multi,113,0,aluminum-magnesium hydroxide oral,aluminum-magnesium hydroxide oral,aluminum-magnesium hydroxide oral,IN,19,0.05372152,0.05372152,0.05372152,0,0.1162104,0.1162104,0.1162104,0,0.0,0.0,0.0,0,0.00093,0.00093,0.00093,0,0.00019,0.00019,0.00019,0
114,Valtoco 5 MG Dose,correct drug name,BN,low,multi,114,0,Valtoco 5 MG Dose,Valtoco 5 MG Dose,valtoco 5 mg dose,BN,21,0.99999881,0.99999881,0.99999881,1,0.48187935,0.48187935,0.48187935,1,0.0,0.0,0.0,0,0.88754,0.88754,0.88754,1,0.9936,0.9936,0.9936,1
115,lidocaine 5% topical patch,correct drug name,IN,low,multi,115,0,lidocaine 5% topical patch,lidocaine 5% topical patch,lidocaine 5% topical patch,IN,21,0.00921116,0.00921116,0.00921116,0,0.21962251,0.21962251,0.21962251,0,0.0,0.0,0.0,0,0.5065,0.5065,0.5065,1,0.20258,0.20258,0.20258,0
116,Coricidin HBP Max Strength Flu,correct short drug name,BN,low,multi,116,0,Coricidin HBP Max Strength Flu,Coricidin HBP Max Strength Flu,coricidin hbp max strength flu,BN,21,0.99992692,0.99992692,0.99992692,1,0.60550821,0.60550821,0.60550821,1,0.0,0.0,0.0,0,0.00023,0.00023,0.00023,0,0.00047,0.00047,0.00047,0
117,"Aquacel Foam 6""x6""",correct drug name,IN,low,multi,117,0,"Aquacel Foam 6""x6""","Aquacel Foam 6""x6""","aquacel foam 6""x6""",IN,23,0.00445508,0.00445508,0.00445508,0,0.37725434,0.37725434,0.37725434,0,1.0,3.0,0.75,1,0.49431,0.49431,0.49431,0,0.99843,0.99843,0.99843,1
118,Omega 3 Fish Oil oral,correct drug name,IN,low,multi,118,0,Omega 3 Fish Oil oral,Omega 3 Fish Oil oral,omega 3 fish oil oral,IN,23,0.08995752,0.08995752,0.08995752,0,0.25578904,0.25578904,0.25578904,0,0.0,0.0,0.0,0,0.05125,0.05125,0.05125,0,0.00059,0.00059,0.00059,0
119,milk of magnesium,nonstandard,IN,low,multi,119,1,milk of magnesium,milk of magnesium,milk of magnesium,IN,23,0.00012883,0.00012883,0.00012883,0,0.38708317,0.38708317,0.38708317,1,0.0,0.0,0.0,0,0.00049,0.00049,0.00049,0,0.0003,0.0003,0.0003,0
120,Hyophen,correct drug name,BN,low,multi,120,0,Hyophen,Hyophen,hyophen,BN,24,4.454e-05,4.454e-05,4.454e-05,0,0.29485226,0.29485226,0.29485226,0,0.0,0.0,0.0,0,0.00206,0.00206,0.00206,0,0.00253,0.00253,0.00253,0
121,Mega Multi for Women,correct drug name,"BN,IN",low,multi,121,0,Mega Multi for Women,Mega Multi for Women,mega multi for women,"BN, IN",24,0.07683957,0.07683957,0.07683957,0,0.56574589,0.56574589,0.56574589,1,0.0,0.0,0.0,0,0.00111,0.00111,0.00111,0,0.00318,0.00318,0.00318,0
122,Biotin w/ Vitamins C & E,correct short drug name,IN,low,multi,122,0,Biotin w/ Vitamins C & E,Biotin w/ Vitamins C & E,biotin w/ vitamins c & e,IN,24,1.0,1.0,1.0,1,0.38158971,0.38158971,0.38158971,0,0.0,0.0,0.0,0,0.18555,0.18555,0.18555,0,0.00032,0.00032,0.00032,0
123,Norethindrone-Eth Estradiol,nonstandard,IN,low,multi,123,1,Norethindrone-Eth Estradiol,Norethindrone-Eth Estradiol,norethindrone-eth estradiol,IN,24,0.99638796,0.99638796,0.99638796,1,0.68830454,0.68830454,0.68830454,1,1.0,0.0,0.0,1,0.00138,0.00138,0.00138,0,0.95184,0.95184,0.95184,1
124,Adult Cough Formula DM Max,correct drug name,IN,low,multi,124,0,Adult Cough Formula DM Max,Adult Cough Formula DM Max,adult cough formula dm max,IN,26,0.99999976,0.99999976,0.99999976,1,0.57916915,0.57916915,0.57916915,1,0.0,0.0,0.0,0,0.00029,0.00029,0.00029,0,0.00039,0.00039,0.00039,0
125,etesevimab,correct drug name,IN,low,multi,125,0,etesevimab,etesevimab,etesevimab,IN,26,7.23e-06,7.23e-06,7.23e-06,0,0.70772719,0.70772719,0.70772719,1,0.0,0.0,0.0,0,0.00254,0.00254,0.00254,0,0.0204,0.0204,0.0204,0
126,Arnica Montana,correct drug name,IN,low,multi,126,0,Arnica Montana,Arnica Montana,arnica montana,IN,26,0.00565065,0.00565065,0.00565065,0,0.19649102,0.19649102,0.19649102,0,0.0,0.0,0.0,0,0.00025,0.00025,0.00025,0,0.00073,0.00073,0.00073,0
127,Womens Multivitamin Plus,nonstandard,IN,low,multi,127,1,Womens Multivitamin Plus,Womens Multivitamin Plus,womens multivitamin plus,IN,27,0.00164441,0.00164441,0.00164441,0,0.26948997,0.26948997,0.26948997,0,0.0,0.0,0.0,0,0.00015,0.00015,0.00015,0,0.00025,0.00025,0.00025,0
128,Simponi Aria,correct drug name,BN,low,multi,128,0,Simponi Aria,Simponi Aria,simponi aria,BN,27,0.96283072,0.96283072,0.96283072,1,0.43189666,0.43189666,0.43189666,1,0.0,0.0,0.0,0,0.23611,0.23611,0.23611,0,0.26159,0.26159,0.26159,0
129,hydrocortisone (for Hydrocortisone (Topical) lotion),correct drug name,IN,low,multi,129,0,hydrocortisone (for Hydrocortisone (Topical) lotion),hydrocortisone (for Hydrocortisone (Topical) lotion),hydrocortisone (for hydrocortisone (topical) lotion),IN,27,0.99980551,0.99980551,0.99980551,1,0.22455256,0.22455256,0.22455256,0,1.0,4.0,1.0,1,0.99968,0.99968,0.99968,1,0.88179,0.88179,0.88179,1
130,Bosutinib,correct drug name,IN,low,multi,130,0,Bosutinib,Bosutinib,bosutinib,IN,28,2.323e-05,2.323e-05,2.323e-05,0,0.08669227,0.08669227,0.08669227,0,0.0,0.0,0.0,0,0.00061,0.00061,0.00061,0,0.00497,0.00497,0.00497,0
131,ferrous gluconate oral,correct drug name,IN,low,multi,131,0,ferrous gluconate oral,ferrous gluconate oral,ferrous gluconate oral,IN,28,1.14e-06,1.14e-06,1.14e-06,0,0.22041558,0.22041558,0.22041558,0,0.0,0.0,0.0,0,0.00044,0.00044,0.00044,0,0.00237,0.00237,0.00237,0
132,EC Aspirin,correct short drug name,IN,low,multi,132,0,EC Aspirin,EC Aspirin,ec aspirin,IN,30,0.25609219,0.25609219,0.25609219,1,0.36824548,0.36824548,0.36824548,0,0.0,0.0,0.0,0,0.92337,0.92337,0.92337,1,0.98376,0.98376,0.98376,1
133,Women's Daily Formula,correct drug name,IN,low,multi,133,0,Women's Daily Formula,Women's Daily Formula,women's daily formula,IN,31,0.99999714,0.99999714,0.99999714,1,0.40963969,0.40963969,0.40963969,1,0.0,0.0,0.0,0,0.00018,0.00018,0.00018,0,0.0003,0.0003,0.0003,0
134,Derma-Smoothe/FS Body Oil,correct drug name,"BN,IN",low,multi,134,0,Derma-Smoothe/FS Body Oil,Derma-Smoothe/FS Body Oil,derma-smoothe/fs body oil,"BN, IN",31,0.99967825,0.99967825,0.99967825,1,0.60109836,0.60109836,0.60109836,1,1.0,0.0,0.0,1,0.99898,0.99898,0.99898,1,0.99891,0.99891,0.99891,1
135,Natural Fiber Therapy,correct drug name,BN,low,multi,135,0,Natural Fiber Therapy,Natural Fiber Therapy,natural fiber therapy,BN,32,0.99999988,0.99999988,0.99999988,1,0.32217732,0.32217732,0.32217732,0,0.0,0.0,0.0,0,0.00038,0.00038,0.00038,0,0.00039,0.00039,0.00039,0
136,Unifine Pen Needle,correct drug name,BN,low,multi,136,0,Unifine Pen Needle,Unifine Pen Needle,unifine pen needle,BN,32,0.99999988,0.99999988,0.99999988,1,0.41691878,0.41691878,0.41691878,1,1.0,2.0,0.5,1,0.00601,0.00601,0.00601,0,0.99745,0.99745,0.99745,1
137,Siltussin DAS,correct drug name,BN,low,multi,137,0,Siltussin DAS,Siltussin DAS,siltussin das,BN,33,5.548e-05,5.548e-05,5.548e-05,0,0.33757979,0.33757979,0.33757979,0,0.0,0.0,0.0,0,0.02414,0.02414,0.02414,0,0.00044,0.00044,0.00044,0
138,Lidocaine Max St 24 Hours,nonstandard,IN,low,multi,138,1,Lidocaine Max St 24 Hours,Lidocaine Max St 24 Hours,lidocaine max st 24 hours,IN,35,1.0,1.0,1.0,1,0.496916,0.496916,0.496916,1,0.0,0.0,0.0,0,0.05919,0.05919,0.05919,0,0.00076,0.00076,0.00076,0
139,Citracal Calcium Gummies,correct drug name,BN,low,multi,139,0,Citracal Calcium Gummies,Citracal Calcium Gummies,citracal calcium gummies,BN,35,0.99971527,0.99971527,0.99971527,1,0.18075608,0.18075608,0.18075608,0,0.0,0.0,0.0,0,0.00064,0.00064,0.00064,0,0.00105,0.00105,0.00105,0
140,Benadryl Allergy Liqui-Gels ,correct drug name,BN,low,multi,140,0,Benadryl Allergy Liqui-Gels,Benadryl Allergy Liqui-Gels ,benadryl allergy liqui-gels,BN,36,0.99999952,0.99999952,0.99999952,1,0.26943585,0.26943585,0.26943585,0,0.0,0.0,0.0,0,0.00076,0.00076,0.00076,0,0.00029,0.00029,0.00029,0
141,Thermazene,correct drug name,BN,low,multi,141,0,Thermazene,Thermazene,thermazene,BN,37,0.00031005,0.00031005,0.00031005,0,0.70772719,0.70772719,0.70772719,1,0.0,0.0,0.0,0,0.00078,0.00078,0.00078,0,0.00071,0.00071,0.00071,0
142,sulfacetamide sodium-sulfur,correct drug name,BN,low,multi,142,0,sulfacetamide sodium-sulfur,sulfacetamide sodium-sulfur,sulfacetamide sodium-sulfur,BN,37,0.0001593,0.0001593,0.0001593,0,0.10781047,0.10781047,0.10781047,0,0.0,0.0,0.0,0,0.00294,0.00294,0.00294,0,0.00026,0.00026,0.00026,0
143,First-Vancomycin,correct drug name,BN,low,multi,143,0,First-Vancomycin,First-Vancomycin,first-vancomycin,BN,38,0.98874539,0.98874539,0.98874539,1,0.70772719,0.70772719,0.70772719,1,0.0,0.0,0.0,0,0.00086,0.00086,0.00086,0,0.00034,0.00034,0.00034,0
144,Neosporin Plus Pain Relief MS,nonstandard,BN,low,multi,144,1,Neosporin Plus Pain Relief MS,Neosporin Plus Pain Relief MS,neosporin plus pain relief ms,BN,39,0.99999964,0.99999964,0.99999964,1,0.36835617,0.36835617,0.36835617,0,0.0,0.0,0.0,0,0.31242,0.31242,0.31242,0,0.00029,0.00029,0.00029,0
145,MEGESTROL 400 MG/10ML SUSP CUP,nonstandard,IN,low,multi,145,1,MEGESTROL 400 MG/10ML SUSP CUP,MEGESTROL 400 MG/10ML SUSP CUP,megestrol 400 mg/10ml susp cup,IN,39,7.77e-06,7.77e-06,7.77e-06,0,0.12591574,0.12591574,0.12591574,0,1.0,0.0,0.0,1,0.0258,0.0258,0.0258,0,0.00103,0.00103,0.00103,0
146,BenGay patch,correct drug name,BN,low,multi,146,0,BenGay patch,BenGay patch,bengay patch,BN,40,0.20865756,0.20865756,0.20865756,1,0.31043673,0.31043673,0.31043673,0,0.0,0.0,0.0,0,0.00018,0.00018,0.00018,0,0.00032,0.00032,0.00032,0
147,vitamin K Oral,correct drug name,IN,low,multi,147,0,vitamin K Oral,vitamin K Oral,vitamin k oral,IN,43,2.033e-05,2.033e-05,2.033e-05,0,0.33015651,0.33015651,0.33015651,0,0.0,0.0,0.0,0,0.01725,0.01725,0.01725,0,0.00046,0.00046,0.00046,0
148,Safety Insulin Syringes,correct drug name,IN,low,multi,148,0,Safety Insulin Syringes,Safety Insulin Syringes,safety insulin syringes,IN,44,0.99984717,0.99984717,0.99984717,1,0.27809748,0.27809748,0.27809748,0,0.0,0.0,0.0,0,0.00016,0.00016,0.00016,0,0.00043,0.00043,0.00043,0
149,OLANZapine-FLUoxetine HCl,correct drug name,IN,low,multi,149,0,OLANZapine-FLUoxetine HCl,OLANZapine-FLUoxetine HCl,olanzapine-fluoxetine hcl,IN,44,0.99605429,0.99605429,0.99605429,1,0.05419899,0.05419899,0.05419899,0,1.0,0.0,0.0,1,0.00055,0.00055,0.00055,0,0.00067,0.00067,0.00067,0
150,Acidophilus High-Potency,correct drug name,IN,low,multi,150,0,Acidophilus High-Potency,Acidophilus High-Potency,acidophilus high-potency,IN,45,6.489e-05,6.489e-05,6.489e-05,0,0.23857169,0.23857169,0.23857169,0,1.0,4.0,1.0,1,0.00278,0.00278,0.00278,0,0.00045,0.00045,0.00045,0
151,Reid Buccal Mix,not sure,BN,low,multi,151,1,Reid Buccal Mix,Reid Buccal Mix,reid buccal mix,BN,45,0.99999917,0.99999917,0.99999917,1,0.5920521,0.5920521,0.5920521,1,0.0,0.0,0.0,0,0.99945,0.99945,0.99945,1,0.99991,0.99991,0.99991,1
152,ABH Cream,correct drug name,IN,low,multi,152,0,ABH Cream,ABH Cream,abh cream,IN,45,3.03e-06,3.03e-06,3.03e-06,0,0.52761835,0.52761835,0.52761835,1,1.0,3.0,0.75,1,0.99989,0.99989,0.99989,1,0.99983,0.99983,0.99983,1
153,Pen Needle,correct drug name,IN,low,multi,153,0,Pen Needle,Pen Needle,pen needle,IN,45,0.9999975,0.9999975,0.9999975,1,0.41691878,0.41691878,0.41691878,1,0.0,0.0,0.0,0,0.00039,0.00039,0.00039,0,0.08567,0.08567,0.08567,0
154,fluocinonide-emollient,correct drug name,IN,low,multi,154,0,fluocinonide-emollient,fluocinonide-emollient,fluocinonide-emollient,IN,45,1.727e-05,1.727e-05,1.727e-05,0,0.1702687,0.1702687,0.1702687,0,1.0,0.0,0.0,1,0.00317,0.00317,0.00317,0,0.00039,0.00039,0.00039,0
155,Azo,correct drug name,BN,low,multi,155,0,Azo,Azo,azo,BN,48,1.173e-05,1.173e-05,1.173e-05,0,0.48912686,0.48912686,0.48912686,1,0.0,0.0,0.0,0,0.00278,0.00278,0.00278,0,0.00223,0.00223,0.00223,0
156,Hydrocol II Sacral,correct drug name,BN,low,multi,156,0,Hydrocol II Sacral,Hydrocol II Sacral,hydrocol ii sacral,BN,48,0.99999988,0.99999988,0.99999988,1,0.49984938,0.49984938,0.49984938,1,1.0,2.0,0.5,1,0.00132,0.00132,0.00132,0,0.00039,0.00039,0.00039,0
157,Pancrelipase 5000,correct drug name,IN,low,multi,157,0,Pancrelipase 5000,Pancrelipase 5000,pancrelipase 5000,IN,49,5.692e-05,5.692e-05,5.692e-05,0,0.24586815,0.24586815,0.24586815,0,0.0,0.0,0.0,0,0.00086,0.00086,0.00086,0,0.00512,0.00512,0.00512,0
158,"VITAMIN D3 5,000 UNIT TABLET",correct drug name,IN,low,multi,158,0,"VITAMIN D3 5,000 UNIT TABLET","VITAMIN D3 5,000 UNIT TABLET","vitamin d3 5,000 unit tablet",IN,50,0.24661551,0.24661551,0.24661551,1,0.29973084,0.29973084,0.29973084,0,1.0,2.0,0.5,1,0.01442,0.01442,0.01442,0,0.00071,0.00071,0.00071,0
159,K2 Plus D3 (vitamin d3-vitamin k2 (mk4)),correct drug name,IN,low,multi,159,0,K2 Plus D3 (vitamin d3-vitamin k2 (mk4)),K2 Plus D3 (vitamin d3-vitamin k2 (mk4)),k2 plus d3 (vitamin d3-vitamin k2 (mk4)),IN,51,0.99999988,0.99999988,0.99999988,1,0.56962442,0.56962442,0.56962442,1,1.0,0.0,0.0,1,0.99988,0.99988,0.99988,1,0.99929,0.99929,0.99929,1
160,Vericiguat,correct drug name,IN,low,multi,160,0,Vericiguat,Vericiguat,vericiguat,IN,51,1.47e-06,1.47e-06,1.47e-06,0,0.06330496,0.06330496,0.06330496,0,0.0,0.0,0.0,0,0.13906,0.13906,0.13906,0,0.99717,0.99717,0.99717,1
161,Estriol,correct drug name,IN,low,multi,161,0,Estriol,Estriol,estriol,IN,51,0.00032064,0.00032064,0.00032064,0,0.25952873,0.25952873,0.25952873,0,0.0,0.0,0.0,0,0.00091,0.00091,0.00091,0,0.00175,0.00175,0.00175,0
162,Vagisil Maximum Strength,correct drug name,BN,low,multi,162,0,Vagisil Maximum Strength,Vagisil Maximum Strength,vagisil maximum strength,BN,52,0.99992275,0.99992275,0.99992275,1,0.21267666,0.21267666,0.21267666,0,0.0,0.0,0.0,0,0.0002,0.0002,0.0002,0,0.00023,0.00023,0.00023,0
163,Derma-Smoothe/FS Body,correct drug name,BN,low,multi,163,0,Derma-Smoothe/FS Body,Derma-Smoothe/FS Body,derma-smoothe/fs body,BN,54,0.99985409,0.99985409,0.99985409,1,0.58544475,0.58544475,0.58544475,1,1.0,0.0,0.0,1,0.99943,0.99943,0.99943,1,0.99938,0.99938,0.99938,1
164,emla cream,correct drug name,BN,low,multi,164,0,emla cream,emla cream,emla cream,BN,54,0.55395043,0.55395043,0.55395043,1,0.28921074,0.28921074,0.28921074,0,0.0,0.0,0.0,0,0.97811,0.97811,0.97811,1,0.00239,0.00239,0.00239,0
165,Omega-3 + Vitamin D3,correct drug name,IN,low,multi,165,0,Omega-3 + Vitamin D3,Omega-3 + Vitamin D3,omega-3 + vitamin d3,IN,56,0.99999201,0.99999201,0.99999201,1,0.38756683,0.38756683,0.38756683,1,0.0,0.0,0.0,0,0.1462,0.1462,0.1462,0,0.00039,0.00039,0.00039,0
166,bupropion,correct drug name,IN,low,multi,166,0,bupropion,bupropion,bupropion,IN,58,1.07e-06,1.07e-06,1.07e-06,0,0.22863093,0.22863093,0.22863093,0,0.0,0.0,0.0,0,0.00036,0.00036,0.00036,0,0.00138,0.00138,0.00138,0
167,Vumerity,correct drug name,BN,low,multi,167,0,Vumerity,Vumerity,vumerity,BN,58,2.58e-06,2.58e-06,2.58e-06,0,0.70772719,0.70772719,0.70772719,1,0.0,0.0,0.0,0,0.00064,0.00064,0.00064,0,0.00849,0.00849,0.00849,0
168,D5 1/2 NS,correct drug name,IN,low,multi,168,0,D5 1/2 NS,D5 1/2 NS,d5 1/2 ns,IN,59,0.00158886,0.00158886,0.00158886,0,0.57653219,0.57653219,0.57653219,1,0.0,0.0,0.0,0,0.67614,0.67614,0.67614,1,0.29212,0.29212,0.29212,0
169,Taurine,correct drug name,IN,low,multi,169,0,Taurine,Taurine,taurine,IN,61,8.434e-05,8.434e-05,8.434e-05,0,0.29656392,0.29656392,0.29656392,0,0.0,0.0,0.0,0,0.00236,0.00236,0.00236,0,0.00616,0.00616,0.00616,0
170,Semglee U-100 Insulin,correct drug name,"BN,IN",low,multi,170,0,Semglee U-100 Insulin,Semglee U-100 Insulin,semglee u-100 insulin,"BN, IN",61,0.99999952,0.99999952,0.99999952,1,0.30855131,0.30855131,0.30855131,0,1.0,1.0,0.25,1,0.00741,0.00741,0.00741,0,0.99918,0.99918,0.99918,1
172,Folate-B12-Intrinsic Factor,correct drug name,IN,low,multi,172,0,Folate-B12-Intrinsic Factor,Folate-B12-Intrinsic Factor,folate-b12-intrinsic factor,IN,61,0.99999964,0.99999964,0.99999964,1,0.65777045,0.65777045,0.65777045,1,1.0,0.0,0.0,1,0.00083,0.00083,0.00083,0,0.00046,0.00046,0.00046,0
173,Fish Oil Ultra,correct drug name,BN,low,multi,173,0,Fish Oil Ultra,Fish Oil Ultra,fish oil ultra,BN,62,0.89843649,0.89843649,0.89843649,1,0.21550806,0.21550806,0.21550806,0,0.0,0.0,0.0,0,0.00043,0.00043,0.00043,0,0.00034,0.00034,0.00034,0
174,DERMACLOUD OINTMENT,correct drug name,BN,low,multi,174,0,DERMACLOUD OINTMENT,DERMACLOUD OINTMENT,dermacloud ointment,BN,63,0.99992347,0.99992347,0.99992347,1,0.65769833,0.65769833,0.65769833,1,0.0,0.0,0.0,0,0.00082,0.00082,0.00082,0,0.00079,0.00079,0.00079,0
175,Acetaminophen-Codeine #2,correct drug name,IN,low,multi,175,0,Acetaminophen-Codeine #2,Acetaminophen-Codeine #2,acetaminophen-codeine #2,IN,73,0.99995613,0.99995613,0.99995613,1,0.29570457,0.29570457,0.29570457,0,0.0,0.0,0.0,0,0.17264,0.17264,0.17264,0,0.00631,0.00631,0.00631,0
176,PROSCAR 5 MG TABLET,correct drug name,BN,low,multi,176,0,PROSCAR 5 MG TABLET,PROSCAR 5 MG TABLET,proscar 5 mg tablet,BN,76,7.496e-05,7.496e-05,7.496e-05,0,0.32070884,0.32070884,0.32070884,0,1.0,7.0,1.0,1,0.00292,0.00292,0.00292,0,0.00066,0.00066,0.00066,0
177,Dexcom G7 Receiver,correct non-drug name,,low,multi,177,0,Dexcom G7 Receiver,Dexcom G7 Receiver,dexcom g7 receiver,nan,77,0.99999964,0.99999964,0.99999964,1,0.55001414,0.55001414,0.55001414,1,1.0,5.0,1.0,1,0.99943,0.99943,0.99943,1,0.99983,0.99983,0.99983,1
178,Ayr Allergy and Sinus,correct drug name,BN,low,multi,178,0,Ayr Allergy and Sinus,Ayr Allergy and Sinus,ayr allergy and sinus,BN,77,0.00374707,0.00374707,0.00374707,0,0.44476369,0.44476369,0.44476369,1,0.0,0.0,0.0,0,0.99606,0.99606,0.99606,1,0.00111,0.00111,0.00111,0
179,Hydroquinone,correct drug name,IN,low,multi,179,0,Hydroquinone,Hydroquinone,hydroquinone,IN,80,0.01208186,0.01208186,0.01208186,0,0.16041318,0.16041318,0.16041318,0,0.0,0.0,0.0,0,0.00051,0.00051,0.00051,0,0.00368,0.00368,0.00368,0
180,Methotrexate Sodium (PF),correct drug name,IN,low,multi,180,0,Methotrexate Sodium (PF),Methotrexate Sodium (PF),methotrexate sodium (pf),IN,80,0.00012156,0.00012156,0.00012156,0,0.13417272,0.13417272,0.13417272,0,0.0,0.0,0.0,0,0.93349,0.93349,0.93349,1,0.03436,0.03436,0.03436,0
181,Sebex,correct drug name,BN,low,multi,181,0,Sebex,Sebex,sebex,BN,81,2.311e-05,2.311e-05,2.311e-05,0,0.70772719,0.70772719,0.70772719,1,1.0,2.0,0.5,1,0.90108,0.90108,0.90108,1,0.9999,0.9999,0.9999,1
182,Arnica,correct drug name,IN,low,multi,182,0,Arnica,Arnica,arnica,IN,83,7.007e-05,7.007e-05,7.007e-05,0,0.31916547,0.31916547,0.31916547,0,0.0,0.0,0.0,0,0.00034,0.00034,0.00034,0,0.0009,0.0009,0.0009,0
183,HumaLOG Pen,correct drug name,BN,low,multi,183,0,HumaLOG Pen,HumaLOG Pen,humalog pen,BN,84,0.98215896,0.98215896,0.98215896,1,0.190843,0.190843,0.190843,0,0.0,0.0,0.0,0,0.00071,0.00071,0.00071,0,0.0004,0.0004,0.0004,0
184,DuoDERM CGF Spots Extra Thin,correct drug name,BN,low,multi,184,0,DuoDERM CGF Spots Extra Thin,DuoDERM CGF Spots Extra Thin,duoderm cgf spots extra thin,BN,84,0.99999964,0.99999964,0.99999964,1,0.32861292,0.32861292,0.32861292,0,1.0,3.0,0.75,1,0.99997,0.99997,0.99997,1,0.99878,0.99878,0.99878,1
185,B-Complex Plus Vit C (calcium),correct drug name,IN,low,multi,185,0,B-Complex Plus Vit C (calcium),B-Complex Plus Vit C (calcium),b-complex plus vit c (calcium),IN,87,0.00393336,0.00393336,0.00393336,0,0.3491897,0.3491897,0.3491897,0,1.0,1.0,0.25,1,0.00543,0.00543,0.00543,0,0.00069,0.00069,0.00069,0
186,Bactroban ointment,correct drug name,BN,low,multi,186,0,Bactroban ointment,Bactroban ointment,bactroban ointment,BN,88,6.87e-05,6.87e-05,6.87e-05,0,0.25502902,0.25502902,0.25502902,0,1.0,3.0,0.75,1,0.00028,0.00028,0.00028,0,0.00052,0.00052,0.00052,0
187,Tegaderm Foam,correct non-drug name,BN,low,multi,187,0,Tegaderm Foam,Tegaderm Foam,tegaderm foam,BN,88,0.28870428,0.28870428,0.28870428,1,0.25040084,0.25040084,0.25040084,0,0.0,0.0,0.0,0,0.00038,0.00038,0.00038,0,0.00059,0.00059,0.00059,0
188,Diprolene (augmented),correct drug name,BN,low,multi,188,0,Diprolene (augmented),Diprolene (augmented),diprolene (augmented),BN,89,0.00010629,0.00010629,0.00010629,0,0.14154021,0.14154021,0.14154021,0,1.0,2.0,0.5,1,0.00139,0.00139,0.00139,0,0.00145,0.00145,0.00145,0
189,HYDROcodone Bitartrate ER,correct drug name,BN,low,multi,189,0,HYDROcodone Bitartrate ER,HYDROcodone Bitartrate ER,hydrocodone bitartrate er,BN,89,0.99897361,0.99897361,0.99897361,1,0.18942393,0.18942393,0.18942393,0,0.0,0.0,0.0,0,0.00027,0.00027,0.00027,0,0.00024,0.00024,0.00024,0
190,Boost Pudding,correct drug name,BN,low,multi,190,0,Boost Pudding,Boost Pudding,boost pudding,BN,91,0.99999952,0.99999952,0.99999952,1,0.30004299,0.30004299,0.30004299,0,0.0,0.0,0.0,0,0.00038,0.00038,0.00038,0,0.01495,0.01495,0.01495,0
191,Heartburn Relief,correct drug name,BN,low,multi,191,0,Heartburn Relief,Heartburn Relief,heartburn relief,BN,92,0.99999976,0.99999976,0.99999976,1,0.50656021,0.50656021,0.50656021,1,0.0,0.0,0.0,0,0.00083,0.00083,0.00083,0,0.00041,0.00041,0.00041,0
192,Super B Complex,correct drug name,BN,low,multi,192,0,Super B Complex,Super B Complex,super b complex,BN,92,0.00052463,0.00052463,0.00052463,0,0.36977786,0.36977786,0.36977786,0,0.0,0.0,0.0,0,0.00021,0.00021,0.00021,0,0.0003,0.0003,0.0003,0
193,tylenol supp,nonstandard,BN,low,multi,193,1,tylenol supp,tylenol supp,tylenol supp,BN,92,0.00615626,0.00615626,0.00615626,0,0.55643302,0.55643302,0.55643302,1,1.0,1.0,0.25,1,0.00025,0.00025,0.00025,0,0.00032,0.00032,0.00032,0
194,cholecalciferol (vitamin D3) oral,correct drug name,IN,low,multi,194,0,cholecalciferol (vitamin D3) oral,cholecalciferol (vitamin D3) oral,cholecalciferol (vitamin d3) oral,IN,92,0.00022715,0.00022715,0.00022715,0,0.32492515,0.32492515,0.32492515,0,1.0,2.0,0.5,1,0.02017,0.02017,0.02017,0,0.01378,0.01378,0.01378,0
195,Vitamin B-2,correct drug name,IN,low,multi,195,0,Vitamin B-2,Vitamin B-2,vitamin b-2,IN,93,0.27955854,0.27955854,0.27955854,1,0.35345811,0.35345811,0.35345811,0,0.0,0.0,0.0,0,0.48078,0.48078,0.48078,0,0.0003,0.0003,0.0003,0
196,Aloe Vesta Protectant Ointment,correct drug name,"BN,IN",low,multi,196,0,Aloe Vesta Protectant Ointment,Aloe Vesta Protectant Ointment,aloe vesta protectant ointment,"BN, IN",93,0.999933,0.999933,0.999933,1,0.19938967,0.19938967,0.19938967,0,0.0,0.0,0.0,0,0.00033,0.00033,0.00033,0,0.00261,0.00261,0.00261,0
197,Konsyl Sugar-Free,correct drug name,"BN,IN",low,multi,197,0,Konsyl Sugar-Free,Konsyl Sugar-Free,konsyl sugar-free,"BN, IN",93,0.76698613,0.76698613,0.76698613,1,0.28222185,0.28222185,0.28222185,0,0.0,0.0,0.0,0,0.00044,0.00044,0.00044,0,0.00092,0.00092,0.00092,0
198,Probiotic Advanced,correct drug name,IN,low,multi,198,0,Probiotic Advanced,Probiotic Advanced,probiotic advanced,IN,93,0.97456282,0.97456282,0.97456282,1,0.27087495,0.27087495,0.27087495,0,0.0,0.0,0.0,0,0.00038,0.00038,0.00038,0,0.00029,0.00029,0.00029,0
199,Oxaydo,correct drug name,BN,low,multi,199,0,Oxaydo,Oxaydo,oxaydo,BN,97,0.99999976,0.99999976,0.99999976,1,0.70772719,0.70772719,0.70772719,1,0.0,0.0,0.0,0,0.00835,0.00835,0.00835,0,0.00338,0.00338,0.00338,0
200,Oyster Calcium + D,correct drug name,IN,low,multi,200,0,Oyster Calcium + D,Oyster Calcium + D,oyster calcium + d,IN,97,0.00011761,0.00011761,0.00011761,0,0.31776282,0.31776282,0.31776282,0,0.0,0.0,0.0,0,0.00292,0.00292,0.00292,0,0.00022,0.00022,0.00022,0
201,Mi-Acid Maximum Strength,correct drug name,BN,low,multi,201,0,Mi-Acid Maximum Strength,Mi-Acid Maximum Strength,mi-acid maximum strength,BN,97,0.99999881,0.99999881,0.99999881,1,0.59197944,0.59197944,0.59197944,1,0.0,0.0,0.0,0,0.00184,0.00184,0.00184,0,0.00022,0.00022,0.00022,0
202,PreviDent 5000 Booster,correct drug name,BN,low,multi,202,0,PreviDent 5000 Booster,PreviDent 5000 Booster,prevident 5000 booster,BN,97,0.99994826,0.99994826,0.99994826,1,0.20406497,0.20406497,0.20406497,0,0.0,0.0,0.0,0,0.00034,0.00034,0.00034,0,0.00038,0.00038,0.00038,0
203,Eligen B12,correct drug name,BN,low,multi,203,0,Eligen B12,Eligen B12,eligen b12,BN,98,0.9999994,0.9999994,0.9999994,1,0.28617707,0.28617707,0.28617707,0,1.0,2.0,0.5,1,0.9811,0.9811,0.9811,1,0.9998,0.9998,0.9998,1
204,Halls Defense (ascorbic acid (vitamin c)),correct drug name,"BN,IN",low,multi,204,0,Halls Defense (ascorbic acid (vitamin c)),Halls Defense (ascorbic acid (vitamin c)),halls defense (ascorbic acid (vitamin c)),"BN, IN",100,0.19352078,0.19352078,0.19352078,1,0.31997088,0.31997088,0.31997088,0,1.0,1.0,0.25,1,0.99543,0.99543,0.99543,1,0.00093,0.00093,0.00093,0
205,Diabetic Siltussin-DM,correct drug name,"BN,IN",high,multi,205,0,Diabetic Siltussin-DM,Diabetic Siltussin-DM,diabetic siltussin-dm,"BN, IN",103,0.70969594,0.70969594,0.70969594,1,0.39557591,0.39557591,0.39557591,1,0.0,0.0,0.0,0,0.00938,0.00938,0.00938,0,0.99919,0.99919,0.99919,1
206,CalProtect,correct drug name,BN,high,multi,206,0,CalProtect,CalProtect,calprotect,BN,103,0.00625379,0.00625379,0.00625379,0,0.47815859,0.47815859,0.47815859,1,1.0,0.0,0.0,1,0.00095,0.00095,0.00095,0,0.97499,0.97499,0.97499,1
207,Lidopac,correct drug name,BN,high,multi,207,0,Lidopac,Lidopac,lidopac,BN,105,0.00035235,0.00035235,0.00035235,0,0.70772719,0.70772719,0.70772719,1,1.0,3.0,0.75,1,0.01341,0.01341,0.01341,0,0.99981,0.99981,0.99981,1
208,Vital-D Rx,correct drug name,BN,high,multi,208,0,Vital-D Rx,Vital-D Rx,vital-d rx,BN,105,0.00016021,0.00016021,0.00016021,0,0.586173,0.586173,0.586173,1,1.0,3.0,0.75,1,0.00069,0.00069,0.00069,0,0.96974,0.96974,0.96974,1
209,Aquaphor Lip Repair,correct drug name,BN,high,multi,209,0,Aquaphor Lip Repair,Aquaphor Lip Repair,aquaphor lip repair,BN,111,0.99752384,0.99752384,0.99752384,1,0.35187456,0.35187456,0.35187456,0,0.0,0.0,0.0,0,0.00036,0.00036,0.00036,0,0.00041,0.00041,0.00041,0
210,Naratriptan HCl,correct drug name,IN,high,multi,210,0,Naratriptan HCl,Naratriptan HCl,naratriptan hcl,IN,112,0.99998605,0.99998605,0.99998605,1,0.06617451,0.06617451,0.06617451,0,0.0,0.0,0.0,0,0.00099,0.00099,0.00099,0,0.00228,0.00228,0.00228,0
211,Emtricitabine-Tenofovir DF,correct drug name,BN,high,multi,211,0,Emtricitabine-Tenofovir DF,Emtricitabine-Tenofovir DF,emtricitabine-tenofovir df,BN,113,0.00021162,0.00021162,0.00021162,0,0.41169667,0.41169667,0.41169667,1,0.0,0.0,0.0,0,0.00448,0.00448,0.00448,0,0.00048,0.00048,0.00048,0
212,Caldesene,correct drug name,BN,high,multi,212,0,Caldesene,Caldesene,caldesene,BN,113,0.00016621,0.00016621,0.00016621,0,0.70772719,0.70772719,0.70772719,1,0.0,0.0,0.0,0,0.0044,0.0044,0.0044,0,0.00701,0.00701,0.00701,0
213,B-50 Complex,correct drug name,BN,high,multi,213,0,B-50 Complex,B-50 Complex,b-50 complex,BN,113,0.41126159,0.41126159,0.41126159,1,0.38275644,0.38275644,0.38275644,0,0.0,0.0,0.0,0,0.00034,0.00034,0.00034,0,0.00029,0.00029,0.00029,0
214,MediHoney (hydrocolloid-honey),correct drug name,BN,high,multi,214,0,MediHoney (hydrocolloid-honey),MediHoney (hydrocolloid-honey),medihoney (hydrocolloid-honey),BN,114,0.00243302,0.00243302,0.00243302,0,0.28520983,0.28520983,0.28520983,0,1.0,3.0,0.75,1,0.99996,0.99996,0.99996,1,0.99973,0.99973,0.99973,1
215,metformin ER,correct drug name,IN,high,multi,215,0,metformin ER,metformin ER,metformin er,IN,115,3.69e-06,3.69e-06,3.69e-06,0,0.48110974,0.48110974,0.48110974,1,0.0,0.0,0.0,0,0.00036,0.00036,0.00036,0,0.00038,0.00038,0.00038,0
216,FOLIC ACID 1 MG TABLET,correct drug name,IN,high,multi,216,0,FOLIC ACID 1 MG TABLET,FOLIC ACID 1 MG TABLET,folic acid 1 mg tablet,IN,116,0.02430107,0.02430107,0.02430107,0,0.511338,0.511338,0.511338,1,0.0,0.0,0.0,0,0.01315,0.01315,0.01315,0,0.0003,0.0003,0.0003,0
217,Campho-Phenique,correct drug name,BN,high,multi,217,0,Campho-Phenique,Campho-Phenique,campho-phenique,BN,119,0.00119243,0.00119243,0.00119243,0,0.21940078,0.21940078,0.21940078,0,0.0,0.0,0.0,0,0.09225,0.09225,0.09225,0,0.02377,0.02377,0.02377,0
218,Murine Ear Wax Removal System,correct drug name,IN,high,multi,218,0,Murine Ear Wax Removal System,Murine Ear Wax Removal System,murine ear wax removal system,IN,119,0.05068507,0.05068507,0.05068507,0,0.31917176,0.31917176,0.31917176,0,0.0,0.0,0.0,0,0.00062,0.00062,0.00062,0,0.00031,0.00031,0.00031,0
219,Child Aspirin,correct drug name,BN,high,multi,219,0,Child Aspirin,Child Aspirin,child aspirin,BN,120,0.99999964,0.99999964,0.99999964,1,0.28562719,0.28562719,0.28562719,0,0.0,0.0,0.0,0,0.00046,0.00046,0.00046,0,0.00044,0.00044,0.00044,0
220,Alendronate-Cholecalciferol,correct drug name,IN,high,multi,220,0,Alendronate-Cholecalciferol,Alendronate-Cholecalciferol,alendronate-cholecalciferol,IN,120,3.743e-05,3.743e-05,3.743e-05,0,0.33232781,0.33232781,0.33232781,0,1.0,0.0,0.0,1,0.0003,0.0003,0.0003,0,0.00022,0.00022,0.00022,0
221,Baloxavir Marboxil(40 MG Dose),correct drug name,IN,high,multi,221,0,Baloxavir Marboxil(40 MG Dose),Baloxavir Marboxil(40 MG Dose),baloxavir marboxil(40 mg dose),IN,120,0.99998844,0.99998844,0.99998844,1,0.32160622,0.32160622,0.32160622,0,1.0,0.0,0.0,1,0.55803,0.55803,0.55803,1,0.0215,0.0215,0.0215,0
222,Citrucel (methylcellulose (with sugar)),correct drug name,"BN,IN",high,multi,222,0,Citrucel (methylcellulose (with sugar)),Citrucel (methylcellulose (with sugar)),citrucel (methylcellulose (with sugar)),"BN, IN",121,0.00025964,0.00025964,0.00025964,0,0.23900881,0.23900881,0.23900881,0,1.0,3.0,0.75,1,0.00545,0.00545,0.00545,0,0.00073,0.00073,0.00073,0
223,Carbonyl Iron,correct drug name,IN,high,multi,223,0,Carbonyl Iron,Carbonyl Iron,carbonyl iron,IN,121,0.99999678,0.99999678,0.99999678,1,0.2714943,0.2714943,0.2714943,0,0.0,0.0,0.0,0,0.00031,0.00031,0.00031,0,0.0008,0.0008,0.0008,0
224,Indocin,correct drug name,BN,high,multi,224,0,Indocin,Indocin,indocin,BN,122,0.27577081,0.27577081,0.27577081,1,0.30957699,0.30957699,0.30957699,0,0.0,0.0,0.0,0,0.00086,0.00086,0.00086,0,0.0009,0.0009,0.0009,0
225,ArgiMent,correct drug name,BN,high,multi,225,0,ArgiMent,ArgiMent,argiment,BN,122,0.002089,0.002089,0.002089,0,0.70772719,0.70772719,0.70772719,1,1.0,3.0,0.75,1,0.99803,0.99803,0.99803,1,0.99942,0.99942,0.99942,1
226,Fluocinolone Acetonide Scalp,correct drug name,IN,high,multi,226,0,Fluocinolone Acetonide Scalp,Fluocinolone Acetonide Scalp,fluocinolone acetonide scalp,IN,123,0.99049228,0.99049228,0.99049228,1,0.14310917,0.14310917,0.14310917,0,0.0,0.0,0.0,0,0.00187,0.00187,0.00187,0,0.00047,0.00047,0.00047,0
227,Fiber Therapy (m-cell/sugar) (methylcellulose (with sugar)),correct drug name,BN,high,multi,227,0,Fiber Therapy (m-cell/sugar) (methylcellulose (with sugar)),Fiber Therapy (m-cell/sugar) (methylcellulose (with sugar)),fiber therapy (m-cell/sugar) (methylcellulose (with sugar)),BN,124,0.052812,0.052812,0.052812,0,0.32837602,0.32837602,0.32837602,0,1.0,3.0,0.75,1,0.99853,0.99853,0.99853,1,0.99728,0.99728,0.99728,1
228,PRO-STAT SUGAR FREE LIQUID,correct drug name,IN,high,multi,228,0,PRO-STAT SUGAR FREE LIQUID,PRO-STAT SUGAR FREE LIQUID,pro-stat sugar free liquid,IN,125,0.00016538,0.00016538,0.00016538,0,0.33045983,0.33045983,0.33045983,0,1.0,8.0,1.0,1,0.95211,0.95211,0.95211,1,0.00031,0.00031,0.00031,0
229,Qulipta,correct drug name,BN,high,multi,229,0,Qulipta,Qulipta,qulipta,BN,128,5.56e-06,5.56e-06,5.56e-06,0,0.70772719,0.70772719,0.70772719,1,0.0,0.0,0.0,0,0.00076,0.00076,0.00076,0,0.00193,0.00193,0.00193,0
230,Ferate,correct drug name,BN,high,multi,230,0,Ferate,Ferate,ferate,BN,132,0.95867974,0.95867974,0.95867974,1,0.70772719,0.70772719,0.70772719,1,1.0,1.0,0.25,1,0.98701,0.98701,0.98701,1,0.88777,0.88777,0.88777,1
231,Airborne,correct drug name,BN,high,multi,231,0,Airborne,Airborne,airborne,BN,133,0.27515516,0.27515516,0.27515516,1,0.64858633,0.64858633,0.64858633,1,0.0,0.0,0.0,0,0.00069,0.00069,0.00069,0,0.0004,0.0004,0.0004,0
232,Calquence,correct drug name,BN,high,multi,232,0,Calquence,Calquence,calquence,BN,134,0.00067145,0.00067145,0.00067145,0,0.38631615,0.38631615,0.38631615,1,0.0,0.0,0.0,0,0.00079,0.00079,0.00079,0,0.00063,0.00063,0.00063,0
233,amantadine,correct drug name,IN,high,multi,233,0,amantadine,amantadine,amantadine,IN,138,1.311e-05,1.311e-05,1.311e-05,0,0.24526063,0.24526063,0.24526063,0,0.0,0.0,0.0,0,0.00059,0.00059,0.00059,0,0.00027,0.00027,0.00027,0
234,Melatonin Maximum Strength,correct drug name,IN,high,multi,234,0,Melatonin Maximum Strength,Melatonin Maximum Strength,melatonin maximum strength,IN,141,0.99917918,0.99917918,0.99917918,1,0.41891915,0.41891915,0.41891915,1,0.0,0.0,0.0,0,0.0002,0.0002,0.0002,0,0.00029,0.00029,0.00029,0
235,ethyl chloride,correct drug name,IN,high,multi,235,0,ethyl chloride,ethyl chloride,ethyl chloride,IN,143,5.275e-05,5.275e-05,5.275e-05,0,0.25738218,0.25738218,0.25738218,0,0.0,0.0,0.0,0,0.00366,0.00366,0.00366,0,0.00155,0.00155,0.00155,0
236,Milk of Magnesia Oral,correct drug name,IN,high,multi,236,0,Milk of Magnesia Oral,Milk of Magnesia Oral,milk of magnesia oral,IN,144,0.99957234,0.99957234,0.99957234,1,0.20460367,0.20460367,0.20460367,0,0.0,0.0,0.0,0,0.0002,0.0002,0.0002,0,0.00022,0.00022,0.00022,0
237,Fortamet,correct drug name,BN,high,multi,237,0,Fortamet,Fortamet,fortamet,BN,146,0.61355835,0.61355835,0.61355835,1,0.12692663,0.12692663,0.12692663,0,0.0,0.0,0.0,0,0.00092,0.00092,0.00092,0,0.99817,0.99817,0.99817,1
238,Triamcinolone,correct drug name,IN,high,multi,238,0,Triamcinolone,Triamcinolone,triamcinolone,IN,147,0.07050154,0.07050154,0.07050154,0,0.32094917,0.32094917,0.32094917,0,0.0,0.0,0.0,0,0.00212,0.00212,0.00212,0,0.00052,0.00052,0.00052,0
239,Slo-Niacin,correct drug name,BN,high,multi,239,0,Slo-Niacin,Slo-Niacin,slo-niacin,BN,148,0.00281847,0.00281847,0.00281847,0,0.13718988,0.13718988,0.13718988,0,0.0,0.0,0.0,0,0.00122,0.00122,0.00122,0,0.00051,0.00051,0.00051,0
240,Stomach Relief,correct drug name,BN,high,multi,240,0,Stomach Relief,Stomach Relief,stomach relief,BN,149,0.00941906,0.00941906,0.00941906,0,0.46933162,0.46933162,0.46933162,1,0.0,0.0,0.0,0,0.00266,0.00266,0.00266,0,0.0004,0.0004,0.0004,0
241,PreserVision,correct drug name,BN,high,multi,241,0,PreserVision,PreserVision,preservision,BN,150,0.00012353,0.00012353,0.00012353,0,0.27458259,0.27458259,0.27458259,0,0.0,0.0,0.0,0,0.00037,0.00037,0.00037,0,0.0003,0.0003,0.0003,0
242,Oral Relief Lozenges,correct drug name,IN,high,multi,242,0,Oral Relief Lozenges,Oral Relief Lozenges,oral relief lozenges,IN,154,0.53974038,0.53974038,0.53974038,1,0.32007286,0.32007286,0.32007286,0,0.0,0.0,0.0,0,0.00016,0.00016,0.00016,0,0.00041,0.00041,0.00041,0
243,Daily Multiple For Women,correct drug name,BN,high,multi,243,0,Daily Multiple For Women,Daily Multiple For Women,daily multiple for women,BN,155,0.99999952,0.99999952,0.99999952,1,0.40568498,0.40568498,0.40568498,1,0.0,0.0,0.0,0,0.00022,0.00022,0.00022,0,0.00036,0.00036,0.00036,0
244,Icy Hot Patch,correct drug name,BN,high,multi,244,0,Icy Hot Patch,Icy Hot Patch,icy hot patch,BN,159,0.9999994,0.9999994,0.9999994,1,0.41787857,0.41787857,0.41787857,1,0.0,0.0,0.0,0,0.00062,0.00062,0.00062,0,0.00027,0.00027,0.00027,0
245,DOCUSATE SODIUM 100 MG CAPSULE,correct drug name,IN,high,multi,245,0,DOCUSATE SODIUM 100 MG CAPSULE,DOCUSATE SODIUM 100 MG CAPSULE,docusate sodium 100 mg capsule,IN,161,0.00113163,0.00113163,0.00113163,0,0.25435185,0.25435185,0.25435185,0,0.0,0.0,0.0,0,0.00043,0.00043,0.00043,0,0.00081,0.00081,0.00081,0
246,Clear Eyes for Dry Eyes,correct drug name,BN,high,multi,246,0,Clear Eyes for Dry Eyes,Clear Eyes for Dry Eyes,clear eyes for dry eyes,BN,162,0.99999666,0.99999666,0.99999666,1,0.26851627,0.26851627,0.26851627,0,0.0,0.0,0.0,0,0.00028,0.00028,0.00028,0,0.00028,0.00028,0.00028,0
247,Cuvposa,correct drug name,BN,high,multi,247,0,Cuvposa,Cuvposa,cuvposa,BN,167,0.9364695,0.9364695,0.9364695,1,0.70772719,0.70772719,0.70772719,1,0.0,0.0,0.0,0,0.0008,0.0008,0.0008,0,0.02125,0.02125,0.02125,0
248,Tirzepatide,correct drug name,IN,high,multi,248,0,Tirzepatide,Tirzepatide,tirzepatide,IN,169,7.452e-05,7.452e-05,7.452e-05,0,0.70772719,0.70772719,0.70772719,1,0.0,0.0,0.0,0,0.10297,0.10297,0.10297,0,0.02089,0.02089,0.02089,0
249,Fluzone Quad 2019-2020 (flu vacc qs 2019-20 (6 mos up)),correct drug name,"BN,IN",high,multi,249,0,Fluzone Quad 2019-2020 (flu vacc qs 2019-20 (6 mos up)),Fluzone Quad 2019-2020 (flu vacc qs 2019-20 (6 mos up)),fluzone quad 2019-2020 (flu vacc qs 2019-20 (6 mos up)),"BN, IN",170,0.9999845,0.9999845,0.9999845,1,0.60015553,0.60015553,0.60015553,1,1.0,2.0,0.5,1,0.46078,0.46078,0.46078,0,0.42649,0.42649,0.42649,0
250,Betadine Surgical Scrub,correct drug name,BN,high,multi,250,0,Betadine Surgical Scrub,Betadine Surgical Scrub,betadine surgical scrub,BN,173,0.99927944,0.99927944,0.99927944,1,0.2464595,0.2464595,0.2464595,0,0.0,0.0,0.0,0,0.00049,0.00049,0.00049,0,0.00033,0.00033,0.00033,0
251,Phenaseptic,correct drug name,BN,high,multi,251,0,Phenaseptic,Phenaseptic,phenaseptic,BN,173,0.19652236,0.19652236,0.19652236,1,0.51623756,0.51623756,0.51623756,1,0.0,0.0,0.0,0,0.00041,0.00041,0.00041,0,0.75069,0.75069,0.75069,1
252,One-A-Day Womens 50 Plus,correct drug name,BN,high,multi,252,0,One-A-Day Womens 50 Plus,One-A-Day Womens 50 Plus,one-a-day womens 50 plus,BN,176,0.70005149,0.70005149,0.70005149,1,0.28601021,0.28601021,0.28601021,0,0.0,0.0,0.0,0,0.00027,0.00027,0.00027,0,0.0003,0.0003,0.0003,0
253,EvenCare G2 Test,correct non-drug name,BN,high,multi,253,0,EvenCare G2 Test,EvenCare G2 Test,evencare g2 test,BN,176,5.59e-06,5.59e-06,5.59e-06,0,0.53351343,0.53351343,0.53351343,1,1.0,2.0,0.5,1,0.9965,0.9965,0.9965,1,0.99989,0.99989,0.99989,1
254,One-Daily Multi-Vitamin,correct drug name,BN,high,multi,254,0,One-Daily Multi-Vitamin,One-Daily Multi-Vitamin,one-daily multi-vitamin,BN,183,0.91294235,0.91294235,0.91294235,1,0.23296994,0.23296994,0.23296994,0,0.0,0.0,0.0,0,0.00032,0.00032,0.00032,0,0.00038,0.00038,0.00038,0
255,One Daily Womens,correct drug name,BN,high,multi,255,0,One Daily Womens,One Daily Womens,one daily womens,BN,183,0.99999928,0.99999928,0.99999928,1,0.38611287,0.38611287,0.38611287,1,0.0,0.0,0.0,0,0.00029,0.00029,0.00029,0,0.01403,0.01403,0.01403,0
256,Vancomycin HCl and NaCl,correct drug name,IN,high,multi,256,0,Vancomycin HCl and NaCl,Vancomycin HCl and NaCl,vancomycin hcl and nacl,IN,185,0.99999857,0.99999857,0.99999857,1,0.28515622,0.28515622,0.28515622,0,0.0,0.0,0.0,0,0.00033,0.00033,0.00033,0,0.00038,0.00038,0.00038,0
257,Benefiber Healthy Shape,correct drug name,BN,high,multi,257,0,Benefiber Healthy Shape,Benefiber Healthy Shape,benefiber healthy shape,BN,186,0.99998009,0.99998009,0.99998009,1,0.40531376,0.40531376,0.40531376,1,0.0,0.0,0.0,0,0.00018,0.00018,0.00018,0,0.00031,0.00031,0.00031,0
258,Methylcobalamin,correct drug name,IN,high,multi,258,0,Methylcobalamin,Methylcobalamin,methylcobalamin,IN,188,2.837e-05,2.837e-05,2.837e-05,0,0.34170723,0.34170723,0.34170723,0,0.0,0.0,0.0,0,0.00024,0.00024,0.00024,0,0.00077,0.00077,0.00077,0
259,Stool Softener Laxative,correct drug name,IN,high,multi,259,0,Stool Softener Laxative,Stool Softener Laxative,stool softener laxative,IN,189,0.99999988,0.99999988,0.99999988,1,0.11599572,0.11599572,0.11599572,0,0.0,0.0,0.0,0,0.00025,0.00025,0.00025,0,0.00034,0.00034,0.00034,0
260,Nafcillin Sodium in Dextrose,correct drug name,IN,high,multi,260,0,Nafcillin Sodium in Dextrose,Nafcillin Sodium in Dextrose,nafcillin sodium in dextrose,IN,193,0.01627801,0.01627801,0.01627801,0,0.23217106,0.23217106,0.23217106,0,0.0,0.0,0.0,0,0.00034,0.00034,0.00034,0,0.00023,0.00023,0.00023,0
261,Anti-Itch,correct drug name,BN,high,multi,261,0,Anti-Itch,Anti-Itch,anti-itch,BN,199,0.99999797,0.99999797,0.99999797,1,0.27592406,0.27592406,0.27592406,0,0.0,0.0,0.0,0,0.00041,0.00041,0.00041,0,0.00025,0.00025,0.00025,0
262,Citracal Slow Release,correct drug name,BN,high,multi,262,0,Citracal Slow Release,Citracal Slow Release,citracal slow release,BN,199,0.8972615,0.8972615,0.8972615,1,0.37536475,0.37536475,0.37536475,0,0.0,0.0,0.0,0,0.00108,0.00108,0.00108,0,0.00042,0.00042,0.00042,0
263,metoclopramide,correct drug name,IN,high,multi,263,0,metoclopramide,metoclopramide,metoclopramide,IN,200,1.134e-05,1.134e-05,1.134e-05,0,0.20873639,0.20873639,0.20873639,0,0.0,0.0,0.0,0,0.00057,0.00057,0.00057,0,0.00584,0.00584,0.00584,0
264,Sotalol HCl (AF),correct drug name,IN,high,multi,264,0,Sotalol HCl (AF),Sotalol HCl (AF),sotalol hcl (af),IN,203,0.99944526,0.99944526,0.99944526,1,0.03064546,0.03064546,0.03064546,0,1.0,2.0,0.5,1,0.99804,0.99804,0.99804,1,0.00042,0.00042,0.00042,0
265,ethambutol,correct drug name,IN,high,multi,265,0,ethambutol,ethambutol,ethambutol,IN,207,9.7e-06,9.7e-06,9.7e-06,0,0.18449019,0.18449019,0.18449019,0,0.0,0.0,0.0,0,0.00072,0.00072,0.00072,0,0.00036,0.00036,0.00036,0
266,Calcium Alginate (Hemostatic),correct drug name,IN,high,multi,266,0,Calcium Alginate (Hemostatic),Calcium Alginate (Hemostatic),calcium alginate (hemostatic),IN,213,0.99999511,0.99999511,0.99999511,1,0.25697935,0.25697935,0.25697935,0,1.0,3.0,0.75,1,0.00024,0.00024,0.00024,0,0.00023,0.00023,0.00023,0
267,TED hose,correct non-drug name,BN,high,multi,267,0,TED hose,TED hose,ted hose,BN,216,0.99996805,0.99996805,0.99996805,1,0.59041733,0.59041733,0.59041733,1,0.0,0.0,0.0,0,0.99963,0.99963,0.99963,1,0.99991,0.99991,0.99991,1
268,Oral Pain Relief,correct drug name,BN,high,multi,268,0,Oral Pain Relief,Oral Pain Relief,oral pain relief,BN,218,0.99996293,0.99996293,0.99996293,1,0.20483412,0.20483412,0.20483412,0,0.0,0.0,0.0,0,0.00025,0.00025,0.00025,0,0.0002,0.0002,0.0002,0
269,Glucosamine Chondroitin Plus,correct drug name,IN,high,multi,269,0,Glucosamine Chondroitin Plus,Glucosamine Chondroitin Plus,glucosamine chondroitin plus,IN,218,0.9999994,0.9999994,0.9999994,1,0.27153361,0.27153361,0.27153361,0,0.0,0.0,0.0,0,0.00114,0.00114,0.00114,0,0.0006,0.0006,0.0006,0
270,Xgeva,correct drug name,BN,high,multi,270,0,Xgeva,Xgeva,xgeva,BN,218,1.159e-05,1.159e-05,1.159e-05,0,0.32481843,0.32481843,0.32481843,0,1.0,2.0,0.5,1,0.99948,0.99948,0.99948,1,0.99947,0.99947,0.99947,1
272,Nucynta ER,correct drug name,BN,high,multi,272,0,Nucynta ER,Nucynta ER,nucynta er,BN,220,0.00078541,0.00078541,0.00078541,0,0.65983325,0.65983325,0.65983325,1,0.0,0.0,0.0,0,0.00364,0.00364,0.00364,0,0.01709,0.01709,0.01709,0
273,Aleve PM,correct drug name,BN,high,multi,273,0,Aleve PM,Aleve PM,aleve pm,BN,220,6.21e-06,6.21e-06,6.21e-06,0,0.41187003,0.41187003,0.41187003,1,0.0,0.0,0.0,0,0.00023,0.00023,0.00023,0,0.00032,0.00032,0.00032,0
274,Pepcid AC Maximum Strength,correct drug name,BN,high,multi,274,0,Pepcid AC Maximum Strength,Pepcid AC Maximum Strength,pepcid ac maximum strength,BN,222,0.99998832,0.99998832,0.99998832,1,0.50221866,0.50221866,0.50221866,1,0.0,0.0,0.0,0,0.00023,0.00023,0.00023,0,0.00039,0.00039,0.00039,0
275,Xigduo XR,correct drug name,BN,high,multi,275,0,Xigduo XR,Xigduo XR,xigduo xr,BN,223,1.65e-06,1.65e-06,1.65e-06,0,0.40082517,0.40082517,0.40082517,1,0.0,0.0,0.0,0,0.00131,0.00131,0.00131,0,0.002,0.002,0.002,0
276,Prenatal 19,correct drug name,BN,high,multi,276,0,Prenatal 19,Prenatal 19,prenatal 19,BN,223,0.01052345,0.01052345,0.01052345,0,0.52077913,0.52077913,0.52077913,1,0.0,0.0,0.0,0,0.79251,0.79251,0.79251,1,0.00107,0.00107,0.00107,0
277,Adult Probiotic,correct drug name,IN,high,multi,277,0,Adult Probiotic,Adult Probiotic,adult probiotic,IN,224,0.14552294,0.14552294,0.14552294,0,0.41996938,0.41996938,0.41996938,1,0.0,0.0,0.0,0,0.00063,0.00063,0.00063,0,0.00031,0.00031,0.00031,0
278,Aquacel-Ag Extra Hydrofiber,correct drug name,BN,high,multi,278,0,Aquacel-Ag Extra Hydrofiber,Aquacel-Ag Extra Hydrofiber,aquacel-ag extra hydrofiber,BN,225,0.99999976,0.99999976,0.99999976,1,0.40010595,0.40010595,0.40010595,1,1.0,0.0,0.0,1,0.98257,0.98257,0.98257,1,0.99835,0.99835,0.99835,1
279,Northera,correct drug name,BN,high,multi,279,0,Northera,Northera,northera,BN,225,6.17e-06,6.17e-06,6.17e-06,0,0.31303963,0.31303963,0.31303963,0,0.0,0.0,0.0,0,0.00303,0.00303,0.00303,0,0.00121,0.00121,0.00121,0
280,Dialyvite 800-Ultra D,correct drug name,BN,high,multi,280,0,Dialyvite 800-Ultra D,Dialyvite 800-Ultra D,dialyvite 800-ultra d,BN,230,2.619e-05,2.619e-05,2.619e-05,0,0.42373678,0.42373678,0.42373678,1,1.0,0.0,0.0,1,0.00057,0.00057,0.00057,0,0.0004,0.0004,0.0004,0
281,Nutren 2.0,correct drug name,BN,high,multi,281,0,Nutren 2.0,Nutren 2.0,nutren 2.0,BN,231,0.99999952,0.99999952,0.99999952,1,0.34168181,0.34168181,0.34168181,0,1.0,0.0,0.0,1,0.09866,0.09866,0.09866,0,0.06308,0.06308,0.06308,0
282,Throat Discs,correct drug name,BN,high,multi,282,0,Throat Discs,Throat Discs,throat discs,BN,231,0.9999994,0.9999994,0.9999994,1,0.49381348,0.49381348,0.49381348,1,0.0,0.0,0.0,0,0.0009,0.0009,0.0009,0,0.00109,0.00109,0.00109,0
283,Cortizone-10 Plus,correct drug name,BN,high,multi,283,0,Cortizone-10 Plus,Cortizone-10 Plus,cortizone-10 plus,BN,232,4.714e-05,4.714e-05,4.714e-05,0,0.49600694,0.49600694,0.49600694,1,0.0,0.0,0.0,0,0.00045,0.00045,0.00045,0,0.00073,0.00073,0.00073,0
284,Methadone HCl Intensol,correct drug name,"BN,IN",high,multi,284,0,Methadone HCl Intensol,Methadone HCl Intensol,methadone hcl intensol,"BN, IN",232,0.99997306,0.99997306,0.99997306,1,0.10391708,0.10391708,0.10391708,0,0.0,0.0,0.0,0,0.00059,0.00059,0.00059,0,0.00025,0.00025,0.00025,0
285,Tums Freshers,correct drug name,BN,high,multi,285,0,Tums Freshers,Tums Freshers,tums freshers,BN,237,0.99970621,0.99970621,0.99970621,1,0.45077282,0.45077282,0.45077282,1,0.0,0.0,0.0,0,0.00022,0.00022,0.00022,0,0.00034,0.00034,0.00034,0
286,Neutrogena T/Gel,correct drug name,BN,high,multi,286,0,Neutrogena T/Gel,Neutrogena T/Gel,neutrogena t/gel,BN,239,0.99908793,0.99908793,0.99908793,1,0.47754049,0.47754049,0.47754049,1,1.0,3.0,0.75,1,0.0092,0.0092,0.0092,0,0.02775,0.02775,0.02775,0
287,Dibucaine,correct drug name,IN,high,multi,287,0,Dibucaine,Dibucaine,dibucaine,IN,242,7.89e-06,7.89e-06,7.89e-06,0,0.18037829,0.18037829,0.18037829,0,0.0,0.0,0.0,0,0.00191,0.00191,0.00191,0,0.03405,0.03405,0.03405,0
288,Cough/Chest Congestion DM,correct drug name,"BN,IN",high,multi,288,0,Cough/Chest Congestion DM,Cough/Chest Congestion DM,cough/chest congestion dm,"BN, IN",243,0.99999976,0.99999976,0.99999976,1,0.66507602,0.66507602,0.66507602,1,1.0,3.0,0.75,1,0.00031,0.00031,0.00031,0,0.00043,0.00043,0.00043,0
289,Tegretol XR,correct drug name,BN,high,multi,289,0,Tegretol XR,Tegretol XR,tegretol xr,BN,244,0.05631549,0.05631549,0.05631549,0,0.39641771,0.39641771,0.39641771,1,0.0,0.0,0.0,0,0.0015,0.0015,0.0015,0,0.00039,0.00039,0.00039,0
291,Phenytek,correct drug name,BN,high,multi,291,0,Phenytek,Phenytek,phenytek,BN,249,0.8091495,0.8091495,0.8091495,1,0.19426212,0.19426212,0.19426212,0,0.0,0.0,0.0,0,0.00069,0.00069,0.00069,0,0.93869,0.93869,0.93869,1
292,clobetasol-emollient,correct drug name,IN,high,multi,292,0,clobetasol-emollient,clobetasol-emollient,clobetasol-emollient,IN,252,2.199e-05,2.199e-05,2.199e-05,0,0.20682196,0.20682196,0.20682196,0,1.0,0.0,0.0,1,0.00572,0.00572,0.00572,0,0.00035,0.00035,0.00035,0
293,Namenda Titration Pak,correct drug name,BN,high,multi,293,0,Namenda Titration Pak,Namenda Titration Pak,namenda titration pak,BN,253,0.99994636,0.99994636,0.99994636,1,0.43056685,0.43056685,0.43056685,1,0.0,0.0,0.0,0,0.0009,0.0009,0.0009,0,0.00024,0.00024,0.00024,0
294,Stool Softener/Laxative,correct drug name,IN,high,multi,294,0,Stool Softener/Laxative,Stool Softener/Laxative,stool softener/laxative,IN,254,0.99999988,0.99999988,0.99999988,1,0.43045673,0.43045673,0.43045673,1,1.0,0.0,0.0,1,0.00022,0.00022,0.00022,0,0.00029,0.00029,0.00029,0
295,Lutein 20,correct drug name,IN,high,multi,295,0,Lutein 20,Lutein 20,lutein 20,IN,256,0.99999881,0.99999881,0.99999881,1,0.36684251,0.36684251,0.36684251,0,0.0,0.0,0.0,0,0.00161,0.00161,0.00161,0,0.00115,0.00115,0.00115,0
296,Brivaracetam,correct drug name,IN,high,multi,296,0,Brivaracetam,Brivaracetam,brivaracetam,IN,257,0.00021548,0.00021548,0.00021548,0,0.04660899,0.04660899,0.04660899,0,0.0,0.0,0.0,0,0.00167,0.00167,0.00167,0,0.06785,0.06785,0.06785,0
297,Calcium 500+D3,correct drug name,IN,high,multi,297,0,Calcium 500+D3,Calcium 500+D3,calcium 500+d3,IN,257,0.92156649,0.92156649,0.92156649,1,0.77579659,0.77579659,0.77579659,1,1.0,3.0,0.75,1,0.02629,0.02629,0.02629,0,0.01585,0.01585,0.01585,0
298,Claritin Reditabs,correct drug name,BN,high,multi,298,0,Claritin Reditabs,Claritin Reditabs,claritin reditabs,BN,266,0.99801695,0.99801695,0.99801695,1,0.18853836,0.18853836,0.18853836,0,1.0,2.0,0.5,1,0.00504,0.00504,0.00504,0,0.98527,0.98527,0.98527,1
299,Integra Plus,correct drug name,BN,high,multi,299,0,Integra Plus,Integra Plus,integra plus,BN,266,0.99999833,0.99999833,0.99999833,1,0.25772178,0.25772178,0.25772178,0,0.0,0.0,0.0,0,0.00051,0.00051,0.00051,0,0.00034,0.00034,0.00034,0
300,Flintstones Complete,correct drug name,BN,high,multi,300,0,Flintstones Complete,Flintstones Complete,flintstones complete,BN,268,4.263e-05,4.263e-05,4.263e-05,0,0.25465688,0.25465688,0.25465688,0,0.0,0.0,0.0,0,0.00025,0.00025,0.00025,0,0.00063,0.00063,0.00063,0
301,Jentadueto,correct drug name,BN,high,multi,301,0,Jentadueto,Jentadueto,jentadueto,BN,268,1.152e-05,1.152e-05,1.152e-05,0,0.12240219,0.12240219,0.12240219,0,0.0,0.0,0.0,0,0.58987,0.58987,0.58987,1,0.01968,0.01968,0.01968,0
302,Cepacol Sore Throat Spray,correct drug name,BN,high,multi,302,0,Cepacol Sore Throat Spray,Cepacol Sore Throat Spray,cepacol sore throat spray,BN,268,0.99999964,0.99999964,0.99999964,1,0.14493158,0.14493158,0.14493158,0,0.0,0.0,0.0,0,0.00022,0.00022,0.00022,0,0.00021,0.00021,0.00021,0
303,Tussin CF (PE-DM-guaif),correct drug name,"BN,IN",high,multi,303,0,Tussin CF (PE-DM-guaif),Tussin CF (PE-DM-guaif),tussin cf (pe-dm-guaif),"BN, IN",275,0.99999988,0.99999988,0.99999988,1,0.4005298,0.4005298,0.4005298,1,1.0,0.0,0.0,1,0.99986,0.99986,0.99986,1,0.99874,0.99874,0.99874,1
304,Fiber Select Gummies,correct drug name,BN,high,multi,304,0,Fiber Select Gummies,Fiber Select Gummies,fiber select gummies,BN,277,9.476e-05,9.476e-05,9.476e-05,0,0.46030593,0.46030593,0.46030593,1,0.0,0.0,0.0,0,0.00029,0.00029,0.00029,0,0.00049,0.00049,0.00049,0
305,lanthanum,correct drug name,IN,high,multi,305,0,lanthanum,lanthanum,lanthanum,IN,279,3.952e-05,3.952e-05,3.952e-05,0,0.45260227,0.45260227,0.45260227,1,0.0,0.0,0.0,0,0.00049,0.00049,0.00049,0,0.00026,0.00026,0.00026,0
306,ProSource TF,correct drug name,BN,high,multi,306,0,ProSource TF,ProSource TF,prosource tf,BN,281,3.53e-06,3.53e-06,3.53e-06,0,0.33652136,0.33652136,0.33652136,0,1.0,2.0,0.5,1,0.00042,0.00042,0.00042,0,0.86969,0.86969,0.86969,1
307,"pen needle, diabetic",correct drug name,IN,high,multi,307,0,"pen needle, diabetic","pen needle, diabetic","pen needle, diabetic",IN,284,5.21e-06,5.21e-06,5.21e-06,0,0.40757984,0.40757984,0.40757984,1,0.0,0.0,0.0,0,0.00021,0.00021,0.00021,0,0.00031,0.00031,0.00031,0
308,Women's 50 Plus Multivitamin,correct drug name,IN,high,multi,308,0,Women's 50 Plus Multivitamin,Women's 50 Plus Multivitamin,women's 50 plus multivitamin,IN,285,0.70881873,0.70881873,0.70881873,1,0.29932222,0.29932222,0.29932222,0,0.0,0.0,0.0,0,0.00088,0.00088,0.00088,0,0.0004,0.0004,0.0004,0
309,Transderm-Scop (1.5 MG),correct drug name,BN,high,multi,309,0,Transderm-Scop (1.5 MG),Transderm-Scop (1.5 MG),transderm-scop (1.5 mg),BN,288,0.99999785,0.99999785,0.99999785,1,0.26661444,0.26661444,0.26661444,0,1.0,1.0,0.25,1,0.85185,0.85185,0.85185,1,0.00146,0.00146,0.00146,0
310,Fluad 2018-2019 (65 yr up)(PF) (flu vac 2018 65up-adjmf59c(pf)),correct drug name,"BN,IN",high,multi,310,0,Fluad 2018-2019 (65 yr up)(PF) (flu vac 2018 65up-adjmf59c(pf)),Fluad 2018-2019 (65 yr up)(PF) (flu vac 2018 65up-adjmf59c(pf)),fluad 2018-2019 (65 yr up)(pf) (flu vac 2018 65up-adjmf59c(pf)),"BN, IN",288,0.99999964,0.99999964,0.99999964,1,0.41883081,0.41883081,0.41883081,1,1.0,1.0,0.25,1,0.99997,0.99997,0.99997,1,0.99986,0.99986,0.99986,1
311,Hemorrhoidal Suppository,correct drug name,IN,high,multi,311,0,Hemorrhoidal Suppository,Hemorrhoidal Suppository,hemorrhoidal suppository,IN,290,0.19952522,0.19952522,0.19952522,1,0.14578822,0.14578822,0.14578822,0,0.0,0.0,0.0,0,0.00031,0.00031,0.00031,0,0.00106,0.00106,0.00106,0
313,"Hep Flush-10 (PF) (heparin, porcine (pf))",correct drug name,"BN,IN",high,multi,313,0,"Hep Flush-10 (PF) (heparin, porcine (pf))","Hep Flush-10 (PF) (heparin, porcine (pf))","hep flush-10 (pf) (heparin, porcine (pf))","BN, IN",291,0.99451762,0.99451762,0.99451762,1,0.54735374,0.54735374,0.54735374,1,1.0,2.0,0.5,1,0.99979,0.99979,0.99979,1,0.99868,0.99868,0.99868,1
314,HealthyLax,correct drug name,BN,high,multi,314,0,HealthyLax,HealthyLax,healthylax,BN,291,0.00581334,0.00581334,0.00581334,0,0.70772719,0.70772719,0.70772719,1,1.0,0.0,0.0,1,0.99906,0.99906,0.99906,1,0.99976,0.99976,0.99976,1
315,Zostavax (PF) (zoster vaccine live (pf)),correct drug name,"BN,IN",high,multi,315,0,Zostavax (PF) (zoster vaccine live (pf)),Zostavax (PF) (zoster vaccine live (pf)),zostavax (pf) (zoster vaccine live (pf)),"BN, IN",294,0.99999917,0.99999917,0.99999917,1,0.35806432,0.35806432,0.35806432,0,1.0,2.0,0.5,1,0.99994,0.99994,0.99994,1,0.99989,0.99989,0.99989,1
316,Calcium-Magnesium-Zinc-D3,correct drug name,IN,high,multi,316,0,Calcium-Magnesium-Zinc-D3,Calcium-Magnesium-Zinc-D3,calcium-magnesium-zinc-d3,IN,294,0.99999988,0.99999988,0.99999988,1,0.70772719,0.70772719,0.70772719,1,1.0,0.0,0.0,1,0.88837,0.88837,0.88837,1,0.00191,0.00191,0.00191,0
317,Arthritis Pain Reliever,correct drug name,BN,high,multi,317,0,Arthritis Pain Reliever,Arthritis Pain Reliever,arthritis pain reliever,BN,298,0.99999976,0.99999976,0.99999976,1,0.24231251,0.24231251,0.24231251,0,0.0,0.0,0.0,0,0.00103,0.00103,0.00103,0,0.0002,0.0002,0.0002,0
318,levETIRAcetam ER,correct drug name,BN,high,multi,318,0,levETIRAcetam ER,levETIRAcetam ER,levetiracetam er,BN,303,0.97072023,0.97072023,0.97072023,1,0.37403077,0.37403077,0.37403077,0,0.0,0.0,0.0,0,0.00028,0.00028,0.00028,0,0.00032,0.00032,0.00032,0
320,"Multiple Vitamin, Womens",correct drug name,"BN,IN",high,multi,320,0,"Multiple Vitamin, Womens","Multiple Vitamin, Womens","multiple vitamin, womens","BN, IN",306,0.7244727,0.7244727,0.7244727,1,0.68650472,0.68650472,0.68650472,1,1.0,2.0,0.5,1,0.00018,0.00018,0.00018,0,0.00037,0.00037,0.00037,0
321,AirDuo RespiClick,correct drug name,BN,high,multi,321,0,AirDuo RespiClick,AirDuo RespiClick,airduo respiclick,BN,314,0.99990547,0.99990547,0.99990547,1,0.17079669,0.17079669,0.17079669,0,0.0,0.0,0.0,0,0.00187,0.00187,0.00187,0,0.01191,0.01191,0.01191,0
322,Pataday Twice Daily Relief,correct drug name,"BN,IN",high,multi,322,0,Pataday Twice Daily Relief,Pataday Twice Daily Relief,pataday twice daily relief,"BN, IN",314,0.99999976,0.99999976,0.99999976,1,0.31088188,0.31088188,0.31088188,0,0.0,0.0,0.0,0,0.00242,0.00242,0.00242,0,0.99961,0.99961,0.99961,1
323,buprenorphine-naloxone,correct drug name,BN,high,multi,323,0,buprenorphine-naloxone,buprenorphine-naloxone,buprenorphine-naloxone,BN,318,0.00020476,0.00020476,0.00020476,0,0.11160678,0.11160678,0.11160678,0,0.0,0.0,0.0,0,0.00157,0.00157,0.00157,0,0.00043,0.00043,0.00043,0
324,HydrOXYzine Hydrochloride ,correct drug name,IN,high,multi,324,0,HydrOXYzine Hydrochloride,HydrOXYzine Hydrochloride ,hydroxyzine hydrochloride,IN,319,0.99999988,0.99999988,0.99999988,1,0.02934045,0.02934045,0.02934045,0,0.0,0.0,0.0,0,0.00409,0.00409,0.00409,0,0.00041,0.00041,0.00041,0
325,Fluarix 2012-2013 (PF) (flu vaccine 2012-13(3 yr+)(pf)),correct drug name,"BN,IN",high,multi,325,0,Fluarix 2012-2013 (PF) (flu vaccine 2012-13(3 yr+)(pf)),Fluarix 2012-2013 (PF) (flu vaccine 2012-13(3 yr+)(pf)),fluarix 2012-2013 (pf) (flu vaccine 2012-13(3 yr+)(pf)),"BN, IN",320,0.99999487,0.99999487,0.99999487,1,0.4750202,0.4750202,0.4750202,1,1.0,3.0,0.75,1,0.99993,0.99993,0.99993,1,0.99976,0.99976,0.99976,1
326,Skintegrity Hydrogel,correct drug name,IN,high,multi,326,0,Skintegrity Hydrogel,Skintegrity Hydrogel,skintegrity hydrogel,IN,323,0.99820793,0.99820793,0.99820793,1,0.33251855,0.33251855,0.33251855,0,0.0,0.0,0.0,0,0.9993,0.9993,0.9993,1,0.99986,0.99986,0.99986,1
327,Flucelvax Quad 2016-2017 (PF) (flu vac qs 2016(4 yr up)cd(pf)),correct drug name,"BN,IN",high,multi,327,0,Flucelvax Quad 2016-2017 (PF) (flu vac qs 2016(4 yr up)cd(pf)),Flucelvax Quad 2016-2017 (PF) (flu vac qs 2016(4 yr up)cd(pf)),flucelvax quad 2016-2017 (pf) (flu vac qs 2016(4 yr up)cd(pf)),"BN, IN",325,0.99999976,0.99999976,0.99999976,1,0.58859676,0.58859676,0.58859676,1,1.0,1.0,0.25,1,0.99995,0.99995,0.99995,1,0.99981,0.99981,0.99981,1
328,BPCO,correct drug name,BN,high,multi,328,0,BPCO,BPCO,bpco,BN,326,2.29e-06,2.29e-06,2.29e-06,0,0.62164545,0.62164545,0.62164545,1,0.0,0.0,0.0,0,0.98887,0.98887,0.98887,1,0.99986,0.99986,0.99986,1
329,Rotigotine,correct drug name,IN,high,multi,329,0,Rotigotine,Rotigotine,rotigotine,IN,328,4.155e-05,4.155e-05,4.155e-05,0,0.18128933,0.18128933,0.18128933,0,0.0,0.0,0.0,0,0.00084,0.00084,0.00084,0,0.05653,0.05653,0.05653,0
330,Sodium Chloride Bacteriostatic,correct drug name,IN,high,multi,330,0,Sodium Chloride Bacteriostatic,Sodium Chloride Bacteriostatic,sodium chloride bacteriostatic,IN,328,0.99965239,0.99965239,0.99965239,1,0.15911645,0.15911645,0.15911645,0,0.0,0.0,0.0,0,0.00029,0.00029,0.00029,0,0.00022,0.00022,0.00022,0
331,Elmiron,correct drug name,BN,high,multi,331,0,Elmiron,Elmiron,elmiron,BN,329,0.99997938,0.99997938,0.99997938,1,0.10562656,0.10562656,0.10562656,0,0.0,0.0,0.0,0,0.00225,0.00225,0.00225,0,0.01273,0.01273,0.01273,0
332,enalapril-hydrochlorothiazide,correct drug name,BN,high,multi,332,0,enalapril-hydrochlorothiazide,enalapril-hydrochlorothiazide,enalapril-hydrochlorothiazide,BN,337,0.00755269,0.00755269,0.00755269,0,0.13679887,0.13679887,0.13679887,0,0.0,0.0,0.0,0,0.00031,0.00031,0.00031,0,0.00052,0.00052,0.00052,0
333,Senokot Extra Strength,correct drug name,BN,high,multi,333,0,Senokot Extra Strength,Senokot Extra Strength,senokot extra strength,BN,341,0.99999797,0.99999797,0.99999797,1,0.37946713,0.37946713,0.37946713,0,0.0,0.0,0.0,0,0.00017,0.00017,0.00017,0,0.0012,0.0012,0.0012,0
334,Multi-Vitamin HP/Minerals,correct drug name,BN,high,multi,334,0,Multi-Vitamin HP/Minerals,Multi-Vitamin HP/Minerals,multi-vitamin hp/minerals,BN,342,0.88315499,0.88315499,0.88315499,1,0.28908744,0.28908744,0.28908744,0,1.0,3.0,0.75,1,0.99562,0.99562,0.99562,1,0.09619,0.09619,0.09619,0
335,Osteo Bi-Flex Joint Shield,correct drug name,BN,high,multi,335,0,Osteo Bi-Flex Joint Shield,Osteo Bi-Flex Joint Shield,osteo bi-flex joint shield,BN,342,0.99991751,0.99991751,0.99991751,1,0.23853633,0.23853633,0.23853633,0,0.0,0.0,0.0,0,0.00077,0.00077,0.00077,0,0.00127,0.00127,0.00127,0
336,Hydralazine Hydrochloride ,correct drug name,IN,high,multi,336,0,Hydralazine Hydrochloride,Hydralazine Hydrochloride ,hydralazine hydrochloride,IN,344,0.99999976,0.99999976,0.99999976,1,0.15818669,0.15818669,0.15818669,0,0.0,0.0,0.0,0,0.00063,0.00063,0.00063,0,0.00041,0.00041,0.00041,0
337,Semaglutide-Weight Management,correct drug name,IN,high,multi,337,0,Semaglutide-Weight Management,Semaglutide-Weight Management,semaglutide-weight management,IN,347,0.99979275,0.99979275,0.99979275,1,0.53427941,0.53427941,0.53427941,1,1.0,0.0,0.0,1,0.00084,0.00084,0.00084,0,0.00045,0.00045,0.00045,0
338,Tigecycline,correct drug name,IN,high,multi,338,0,Tigecycline,Tigecycline,tigecycline,IN,348,4.71e-06,4.71e-06,4.71e-06,0,0.1007607,0.1007607,0.1007607,0,0.0,0.0,0.0,0,0.00283,0.00283,0.00283,0,0.00051,0.00051,0.00051,0
339,Aerochamber MV,correct non-drug name,BN,high,multi,339,0,Aerochamber MV,Aerochamber MV,aerochamber mv,BN,351,2.436e-05,2.436e-05,2.436e-05,0,0.36484757,0.36484757,0.36484757,0,0.0,0.0,0.0,0,0.76089,0.76089,0.76089,1,0.22516,0.22516,0.22516,0
340,Exenatide ER,correct drug name,IN,high,multi,340,0,Exenatide ER,Exenatide ER,exenatide er,IN,352,0.00030919,0.00030919,0.00030919,0,0.35664359,0.35664359,0.35664359,0,0.0,0.0,0.0,0,0.00303,0.00303,0.00303,0,0.00044,0.00044,0.00044,0
341,Allevyn Gentle Border,correct drug name,BN,high,multi,341,0,Allevyn Gentle Border,Allevyn Gentle Border,allevyn gentle border,BN,357,0.96910024,0.96910024,0.96910024,1,0.33607978,0.33607978,0.33607978,0,1.0,3.0,0.75,1,0.00255,0.00255,0.00255,0,0.00047,0.00047,0.00047,0
342,Remedy Phytoplex Z-Guard (Zn),correct drug name,BN,high,multi,342,0,Remedy Phytoplex Z-Guard (Zn),Remedy Phytoplex Z-Guard (Zn),remedy phytoplex z-guard (zn),BN,363,0.99999988,0.99999988,0.99999988,1,0.42413983,0.42413983,0.42413983,1,1.0,3.0,0.75,1,0.99899,0.99899,0.99899,1,0.73097,0.73097,0.73097,1
343,Dalfampridine ER,correct drug name,BN,high,multi,343,0,Dalfampridine ER,Dalfampridine ER,dalfampridine er,BN,363,1.85e-05,1.85e-05,1.85e-05,0,0.28286126,0.28286126,0.28286126,0,0.0,0.0,0.0,0,0.00127,0.00127,0.00127,0,0.00052,0.00052,0.00052,0
344,Sweet Oil,correct drug name,IN,high,multi,344,0,Sweet Oil,Sweet Oil,sweet oil,IN,363,9.85e-06,9.85e-06,9.85e-06,0,0.26845142,0.26845142,0.26845142,0,0.0,0.0,0.0,0,0.00141,0.00141,0.00141,0,0.00027,0.00027,0.00027,0
345,Adalimumab,correct drug name,IN,high,multi,345,0,Adalimumab,Adalimumab,adalimumab,IN,365,2.81e-06,2.81e-06,2.81e-06,0,0.10027377,0.10027377,0.10027377,0,0.0,0.0,0.0,0,0.00107,0.00107,0.00107,0,0.00044,0.00044,0.00044,0
346,Pain & Fever,correct non-drug name,IN,high,multi,346,0,Pain & Fever,Pain & Fever,pain & fever,IN,366,0.88202018,0.88202018,0.88202018,1,0.54642308,0.54642308,0.54642308,1,0.0,0.0,0.0,0,0.00739,0.00739,0.00739,0,0.0009,0.0009,0.0009,0
347,Moi-Stir (artificial saliva (cmce-lytes)),correct drug name,"BN,IN",high,multi,347,0,Moi-Stir (artificial saliva (cmce-lytes)),Moi-Stir (artificial saliva (cmce-lytes)),moi-stir (artificial saliva (cmce-lytes)),"BN, IN",369,0.99999988,0.99999988,0.99999988,1,0.4714731,0.4714731,0.4714731,1,1.0,1.0,0.25,1,0.9998,0.9998,0.9998,1,0.99839,0.99839,0.99839,1
348,Soliqua,correct drug name,BN,high,multi,348,0,Soliqua,Soliqua,soliqua,BN,369,2.429e-05,2.429e-05,2.429e-05,0,0.70772719,0.70772719,0.70772719,1,0.0,0.0,0.0,0,0.00184,0.00184,0.00184,0,0.00351,0.00351,0.00351,0
349,"Elastic Bandage 6""",correct non-drug name,IN,high,multi,349,0,"Elastic Bandage 6""","Elastic Bandage 6""","elastic bandage 6""",IN,375,0.13955292,0.13955292,0.13955292,0,0.12312305,0.12312305,0.12312305,0,1.0,1.0,0.25,1,0.31749,0.31749,0.31749,0,0.13779,0.13779,0.13779,0
350,Blink Tears,correct drug name,BN,high,multi,350,0,Blink Tears,Blink Tears,blink tears,BN,375,0.99999976,0.99999976,0.99999976,1,0.25538599,0.25538599,0.25538599,0,0.0,0.0,0.0,0,0.00048,0.00048,0.00048,0,0.00027,0.00027,0.00027,0
351,Cepastat,correct drug name,BN,high,multi,351,0,Cepastat,Cepastat,cepastat,BN,382,2.52e-06,2.52e-06,2.52e-06,0,0.70772719,0.70772719,0.70772719,1,0.0,0.0,0.0,0,0.00088,0.00088,0.00088,0,0.00066,0.00066,0.00066,0
352,Diocto,correct drug name,BN,high,multi,352,0,Diocto,Diocto,diocto,BN,382,1.54e-05,1.54e-05,1.54e-05,0,0.16361126,0.16361126,0.16361126,0,0.0,0.0,0.0,0,0.00235,0.00235,0.00235,0,0.03729,0.03729,0.03729,0
353,Gentamicin in Saline,correct drug name,IN,high,multi,353,0,Gentamicin in Saline,Gentamicin in Saline,gentamicin in saline,IN,383,2.531e-05,2.531e-05,2.531e-05,0,0.41290408,0.41290408,0.41290408,1,0.0,0.0,0.0,0,0.00029,0.00029,0.00029,0,0.00025,0.00025,0.00025,0
354,Fiber (psyllium husk),correct drug name,IN,high,multi,354,0,Fiber (psyllium husk),Fiber (psyllium husk),fiber (psyllium husk),IN,383,0.00015452,0.00015452,0.00015452,0,0.49789762,0.49789762,0.49789762,1,1.0,2.0,0.5,1,0.00329,0.00329,0.00329,0,0.0008,0.0008,0.0008,0
355,Maxorb Extra AG+,correct drug name,BN,high,multi,355,0,Maxorb Extra AG+,Maxorb Extra AG+,maxorb extra ag+,BN,384,0.99999988,0.99999988,0.99999988,1,0.65351701,0.65351701,0.65351701,1,1.0,6.0,1.0,1,0.99173,0.99173,0.99173,1,0.9999,0.9999,0.9999,1
356,echinacea,correct drug name,IN,high,multi,356,0,echinacea,echinacea,echinacea,IN,384,6.58e-06,6.58e-06,6.58e-06,0,0.49359211,0.49359211,0.49359211,1,0.0,0.0,0.0,0,0.00049,0.00049,0.00049,0,0.00043,0.00043,0.00043,0
357,fish oil-dha-epa,correct drug name,IN,high,multi,357,0,fish oil-dha-epa,fish oil-dha-epa,fish oil-dha-epa,IN,386,0.00043572,0.00043572,0.00043572,0,0.28544694,0.28544694,0.28544694,0,1.0,0.0,0.0,1,0.00096,0.00096,0.00096,0,0.00037,0.00037,0.00037,0
358,Ritonavir,correct drug name,IN,high,multi,358,0,Ritonavir,Ritonavir,ritonavir,IN,386,0.58593273,0.58593273,0.58593273,1,0.17490602,0.17490602,0.17490602,0,0.0,0.0,0.0,0,0.00155,0.00155,0.00155,0,0.00039,0.00039,0.00039,0
359,L-Methylfolate,correct drug name,IN,high,multi,359,0,L-Methylfolate,L-Methylfolate,l-methylfolate,IN,387,0.99999857,0.99999857,0.99999857,1,0.28240713,0.28240713,0.28240713,0,0.0,0.0,0.0,0,0.00081,0.00081,0.00081,0,0.00062,0.00062,0.00062,0
360,Minocin,correct drug name,BN,high,multi,360,0,Minocin,Minocin,minocin,BN,388,0.00028649,0.00028649,0.00028649,0,0.10885258,0.10885258,0.10885258,0,0.0,0.0,0.0,0,0.00102,0.00102,0.00102,0,0.00315,0.00315,0.00315,0
361,Cortaid Maximum Strength,correct drug name,BN,high,multi,361,0,Cortaid Maximum Strength,Cortaid Maximum Strength,cortaid maximum strength,BN,388,0.9999218,0.9999218,0.9999218,1,0.62303859,0.62303859,0.62303859,1,0.0,0.0,0.0,0,0.00018,0.00018,0.00018,0,0.0003,0.0003,0.0003,0
362,"Hydrofera Blue 4""x4""",correct drug name,BN,high,multi,362,0,"Hydrofera Blue 4""x4""","Hydrofera Blue 4""x4""","hydrofera blue 4""x4""",BN,390,0.99999988,0.99999988,0.99999988,1,0.30350259,0.30350259,0.30350259,0,1.0,3.0,0.75,1,0.11982,0.11982,0.11982,0,0.92536,0.92536,0.92536,1
363,Fiasp FlexTouch,correct drug name,BN,high,multi,363,0,Fiasp FlexTouch,Fiasp FlexTouch,fiasp flextouch,BN,390,0.99999976,0.99999976,0.99999976,1,0.1175622,0.1175622,0.1175622,0,0.0,0.0,0.0,0,0.0003,0.0003,0.0003,0,0.00172,0.00172,0.00172,0
364,Baby Wash,correct non-drug name,IN,high,multi,364,0,Baby Wash,Baby Wash,baby wash,IN,393,0.99999952,0.99999952,0.99999952,1,0.57075202,0.57075202,0.57075202,1,0.0,0.0,0.0,0,0.00042,0.00042,0.00042,0,0.00037,0.00037,0.00037,0
365,Foam Dressing,correct non-drug name,IN,high,multi,365,0,Foam Dressing,Foam Dressing,foam dressing,IN,394,1.46e-06,1.46e-06,1.46e-06,0,0.29655802,0.29655802,0.29655802,0,0.0,0.0,0.0,0,0.00578,0.00578,0.00578,0,0.00056,0.00056,0.00056,0
366,Refresh Relieva,correct drug name,BN,high,multi,366,0,Refresh Relieva,Refresh Relieva,refresh relieva,BN,395,0.99990201,0.99990201,0.99990201,1,0.30533251,0.30533251,0.30533251,0,0.0,0.0,0.0,0,0.00055,0.00055,0.00055,0,0.0004,0.0004,0.0004,0
368,B-Complex/Folic Acid/Vitamin C,correct drug name,IN,high,multi,368,0,B-Complex/Folic Acid/Vitamin C,B-Complex/Folic Acid/Vitamin C,b-complex/folic acid/vitamin c,IN,397,0.96792656,0.96792656,0.96792656,1,0.48439515,0.48439515,0.48439515,1,1.0,0.0,0.0,1,0.00024,0.00024,0.00024,0,0.00024,0.00024,0.00024,0
369,Acidophilus Ex Str (L. sporog),correct drug name,IN,high,multi,369,0,Acidophilus Ex Str (L. sporog),Acidophilus Ex Str (L. sporog),acidophilus ex str (l. sporog),IN,397,0.99999988,0.99999988,0.99999988,1,0.56281763,0.56281763,0.56281763,1,1.0,5.0,1.0,1,0.98155,0.98155,0.98155,1,0.99984,0.99984,0.99984,1
370,Dupixent,correct drug name,BN,high,multi,370,0,Dupixent,Dupixent,dupixent,BN,399,3.71e-06,3.71e-06,3.71e-06,0,0.15378721,0.15378721,0.15378721,0,0.0,0.0,0.0,0,0.00639,0.00639,0.00639,0,0.00133,0.00133,0.00133,0
371,Fiasp FlexTouch U-100 Insulin (insulin aspart (niacinamide)),correct drug name,"BN,IN",high,multi,371,0,Fiasp FlexTouch U-100 Insulin (insulin aspart (niacinamide)),Fiasp FlexTouch U-100 Insulin (insulin aspart (niacinamide)),fiasp flextouch u-100 insulin (insulin aspart (niacinamide)),"BN, IN",401,0.99999976,0.99999976,0.99999976,1,0.25422311,0.25422311,0.25422311,0,1.0,4.0,1.0,1,0.00031,0.00031,0.00031,0,0.02093,0.02093,0.02093,0
372,Mycamine,correct drug name,BN,high,multi,372,0,Mycamine,Mycamine,mycamine,BN,405,4.092e-05,4.092e-05,4.092e-05,0,0.07774284,0.07774284,0.07774284,0,0.0,0.0,0.0,0,0.00029,0.00029,0.00029,0,0.00095,0.00095,0.00095,0
373,Calcium 500/D,correct drug name,IN,high,multi,373,0,Calcium 500/D,Calcium 500/D,calcium 500/d,IN,405,0.00155899,0.00155899,0.00155899,0,0.41860583,0.41860583,0.41860583,1,1.0,3.0,0.75,1,0.00286,0.00286,0.00286,0,0.00033,0.00033,0.00033,0
374,magnesium glycinate,correct drug name,IN,high,multi,374,0,magnesium glycinate,magnesium glycinate,magnesium glycinate,IN,411,2.107e-05,2.107e-05,2.107e-05,0,0.15099354,0.15099354,0.15099354,0,0.0,0.0,0.0,0,0.00069,0.00069,0.00069,0,0.00028,0.00028,0.00028,0
375,Foam Dressing Bordered,correct non-drug name,IN,high,multi,375,0,Foam Dressing Bordered,Foam Dressing Bordered,foam dressing bordered,IN,412,0.000283,0.000283,0.000283,0,0.38411567,0.38411567,0.38411567,0,0.0,0.0,0.0,0,0.94592,0.94592,0.94592,1,0.99921,0.99921,0.99921,1
376,guanFACINE HCl,correct drug name,IN,high,multi,376,0,guanFACINE HCl,guanFACINE HCl,guanfacine hcl,IN,412,0.99999559,0.99999559,0.99999559,1,0.04897043,0.04897043,0.04897043,0,0.0,0.0,0.0,0,0.00077,0.00077,0.00077,0,0.00082,0.00082,0.00082,0
377,"Pfizer COVID-19 tris Vaccn(PF) (covid-19 vac, tris(pfizer)(pf))",correct drug name,BN,high,multi,377,0,"Pfizer COVID-19 tris Vaccn(PF) (covid-19 vac, tris(pfizer)(pf))","Pfizer COVID-19 tris Vaccn(PF) (covid-19 vac, tris(pfizer)(pf))","pfizer covid-19 tris vaccn(pf) (covid-19 vac, tris(pfizer)(pf))",BN,412,0.99999905,0.99999905,0.99999905,1,0.33602598,0.33602598,0.33602598,0,1.0,2.0,0.5,1,0.99997,0.99997,0.99997,1,0.99989,0.99989,0.99989,1
378,Turmeric Curcumin,correct drug name,IN,high,multi,378,0,Turmeric Curcumin,Turmeric Curcumin,turmeric curcumin,IN,413,0.9994148,0.9994148,0.9994148,1,0.09712561,0.09712561,0.09712561,0,0.0,0.0,0.0,0,0.0004,0.0004,0.0004,0,0.00042,0.00042,0.00042,0
379,Thera-Tabs M,correct drug name,BN,high,multi,379,0,Thera-Tabs M,Thera-Tabs M,thera-tabs m,BN,416,0.52487409,0.52487409,0.52487409,1,0.56265384,0.56265384,0.56265384,1,0.0,0.0,0.0,0,0.00153,0.00153,0.00153,0,0.00024,0.00024,0.00024,0
380,Kionex (with sorbitol),correct drug name,"BN,IN",high,multi,380,0,Kionex (with sorbitol),Kionex (with sorbitol),kionex (with sorbitol),"BN, IN",416,0.16002579,0.16002579,0.16002579,1,0.70772719,0.70772719,0.70772719,1,1.0,1.0,0.25,1,0.99983,0.99983,0.99983,1,0.99963,0.99963,0.99963,1
381,Triumeq,correct drug name,BN,high,multi,381,0,Triumeq,Triumeq,triumeq,BN,423,0.83186966,0.83186966,0.83186966,1,0.28467843,0.28467843,0.28467843,0,0.0,0.0,0.0,0,0.00159,0.00159,0.00159,0,0.00104,0.00104,0.00104,0
382,Antifungal (clotrimazole),correct drug name,"BN,IN",high,multi,382,0,Antifungal (clotrimazole),Antifungal (clotrimazole),antifungal (clotrimazole),"BN, IN",429,0.99968755,0.99968755,0.99968755,1,0.3890973,0.3890973,0.3890973,1,0.0,0.0,0.0,0,0.00034,0.00034,0.00034,0,0.00039,0.00039,0.00039,0
383,TAB A VITE,correct drug name,BN,high,multi,383,0,TAB A VITE,TAB A VITE,tab a vite,BN,429,9.7e-07,9.7e-07,9.7e-07,0,0.51824003,0.51824003,0.51824003,1,0.0,0.0,0.0,0,0.14681,0.14681,0.14681,0,0.90487,0.90487,0.90487,1
384,Super B Complex-Vitamin C,correct drug name,IN,high,multi,384,0,Super B Complex-Vitamin C,Super B Complex-Vitamin C,super b complex-vitamin c,IN,431,0.98232967,0.98232967,0.98232967,1,0.37539339,0.37539339,0.37539339,0,1.0,0.0,0.0,1,0.0003,0.0003,0.0003,0,0.00025,0.00025,0.00025,0
385,Mesalamine ER,correct drug name,IN,high,multi,385,0,Mesalamine ER,Mesalamine ER,mesalamine er,IN,431,1.486e-05,1.486e-05,1.486e-05,0,0.33712286,0.33712286,0.33712286,0,0.0,0.0,0.0,0,0.00065,0.00065,0.00065,0,0.00041,0.00041,0.00041,0
386,Caltrate + D3 Plus Minerals,correct drug name,"BN,IN",high,multi,386,0,Caltrate + D3 Plus Minerals,Caltrate + D3 Plus Minerals,caltrate + d3 plus minerals,"BN, IN",431,0.99999928,0.99999928,0.99999928,1,0.33674121,0.33674121,0.33674121,0,0.0,0.0,0.0,0,0.22337,0.22337,0.22337,0,0.00224,0.00224,0.00224,0
387,prasugrel,correct drug name,IN,high,multi,387,0,prasugrel,prasugrel,prasugrel,IN,432,9.259e-05,9.259e-05,9.259e-05,0,0.4467319,0.4467319,0.4467319,1,0.0,0.0,0.0,0,0.0003,0.0003,0.0003,0,0.00038,0.00038,0.00038,0
388,GenTeal,correct drug name,BN,high,multi,388,0,GenTeal,GenTeal,genteal,BN,433,4.396e-05,4.396e-05,4.396e-05,0,0.24155912,0.24155912,0.24155912,0,0.0,0.0,0.0,0,0.00082,0.00082,0.00082,0,0.00035,0.00035,0.00035,0
389,Latanoprost-Timolol Maleate,correct drug name,"BN,IN",high,multi,389,0,Latanoprost-Timolol Maleate,Latanoprost-Timolol Maleate,latanoprost-timolol maleate,"BN, IN",438,0.99885929,0.99885929,0.99885929,1,0.18859562,0.18859562,0.18859562,0,0.0,0.0,0.0,0,0.00071,0.00071,0.00071,0,0.00027,0.00027,0.00027,0
390,fondaparinux,correct drug name,IN,high,multi,390,0,fondaparinux,fondaparinux,fondaparinux,IN,438,0.00670734,0.00670734,0.00670734,0,0.09441125,0.09441125,0.09441125,0,0.0,0.0,0.0,0,0.00042,0.00042,0.00042,0,0.0004,0.0004,0.0004,0
391,Janssen COVID-19 Vaccine,correct drug name,IN,high,multi,391,0,Janssen COVID-19 Vaccine,Janssen COVID-19 Vaccine,janssen covid-19 vaccine,IN,439,0.99999976,0.99999976,0.99999976,1,0.30860609,0.30860609,0.30860609,0,0.0,0.0,0.0,0,0.00205,0.00205,0.00205,0,0.00029,0.00029,0.00029,0
392,Zonegran,correct drug name,BN,high,multi,392,0,Zonegran,Zonegran,zonegran,BN,439,0.24021392,0.24021392,0.24021392,1,0.24428813,0.24428813,0.24428813,0,1.0,0.0,0.0,1,0.00291,0.00291,0.00291,0,0.32885,0.32885,0.32885,0
393,Zemplar,correct drug name,BN,high,multi,393,0,Zemplar,Zemplar,zemplar,BN,439,1.4e-06,1.4e-06,1.4e-06,0,0.35691872,0.35691872,0.35691872,0,1.0,1.0,0.25,1,0.00056,0.00056,0.00056,0,0.00061,0.00061,0.00061,0
394,Dicloxacillin Sodium,correct drug name,IN,high,multi,394,0,Dicloxacillin Sodium,Dicloxacillin Sodium,dicloxacillin sodium,IN,439,0.05123847,0.05123847,0.05123847,0,0.11263822,0.11263822,0.11263822,0,0.0,0.0,0.0,0,0.00055,0.00055,0.00055,0,0.00024,0.00024,0.00024,0
395,Anti-Embolism Stockings,correct non-drug name,,high,multi,395,0,Anti-Embolism Stockings,Anti-Embolism Stockings,anti-embolism stockings,nan,440,0.00088448,0.00088448,0.00088448,0,0.18957795,0.18957795,0.18957795,0,1.0,0.0,0.0,1,0.00047,0.00047,0.00047,0,0.00022,0.00022,0.00022,0
396,Baciguent,correct drug name,BN,high,multi,396,0,Baciguent,Baciguent,baciguent,BN,443,8.412e-05,8.412e-05,8.412e-05,0,0.70772719,0.70772719,0.70772719,1,0.0,0.0,0.0,0,0.00061,0.00061,0.00061,0,0.00062,0.00062,0.00062,0
397,Dantrolene Sodium,correct drug name,IN,high,multi,397,0,Dantrolene Sodium,Dantrolene Sodium,dantrolene sodium,IN,444,0.00124523,0.00124523,0.00124523,0,0.11211992,0.11211992,0.11211992,0,0.0,0.0,0.0,0,0.00178,0.00178,0.00178,0,0.0006,0.0006,0.0006,0
398,Paliperidone Palmitate ER,correct drug name,IN,high,multi,398,0,Paliperidone Palmitate ER,Paliperidone Palmitate ER,paliperidone palmitate er,IN,446,0.02637153,0.02637153,0.02637153,0,0.14440373,0.14440373,0.14440373,0,0.0,0.0,0.0,0,0.00273,0.00273,0.00273,0,0.00041,0.00041,0.00041,0
399,vits A and D-white pet-lanolin,correct short drug name,"BN,IN",high,multi,399,0,vits A and D-white pet-lanolin,vits A and D-white pet-lanolin,vits a and d-white pet-lanolin,"BN, IN",449,0.29971394,0.29971394,0.29971394,1,0.6844129,0.6844129,0.6844129,1,1.0,2.0,0.5,1,0.99175,0.99175,0.99175,1,0.007,0.007,0.007,0
401,Methylcellulose (Laxative),correct drug name,IN,high,multi,401,0,Methylcellulose (Laxative),Methylcellulose (Laxative),methylcellulose (laxative),IN,450,0.00966615,0.00966615,0.00966615,0,0.3803702,0.3803702,0.3803702,0,1.0,3.0,0.75,1,0.00204,0.00204,0.00204,0,0.00124,0.00124,0.00124,0
402,Sudafed 12 Hour,correct drug name,"BN,IN",high,multi,402,0,Sudafed 12 Hour,Sudafed 12 Hour,sudafed 12 hour,"BN, IN",453,0.99997067,0.99997067,0.99997067,1,0.37103602,0.37103602,0.37103602,0,0.0,0.0,0.0,0,0.00269,0.00269,0.00269,0,0.00126,0.00126,0.00126,0
403,Q-Tussin,correct drug name,BN,high,multi,403,0,Q-Tussin,Q-Tussin,q-tussin,BN,454,0.00099467,0.00099467,0.00099467,0,0.70772719,0.70772719,0.70772719,1,0.0,0.0,0.0,0,0.00039,0.00039,0.00039,0,0.00029,0.00029,0.00029,0
404,Afrin 12 Hour,correct drug name,"BN,IN",high,multi,404,0,Afrin 12 Hour,Afrin 12 Hour,afrin 12 hour,"BN, IN",455,0.99996269,0.99996269,0.99996269,1,0.39769763,0.39769763,0.39769763,1,0.0,0.0,0.0,0,0.01589,0.01589,0.01589,0,0.00119,0.00119,0.00119,0
405,Guaiasorb DM,correct drug name,BN,high,multi,405,0,Guaiasorb DM,Guaiasorb DM,guaiasorb dm,BN,457,0.99999988,0.99999988,0.99999988,1,0.55067861,0.55067861,0.55067861,1,0.0,0.0,0.0,0,0.0004,0.0004,0.0004,0,0.03181,0.03181,0.03181,0
406,Biaxin,correct drug name,BN,high,multi,406,0,Biaxin,Biaxin,biaxin,BN,464,4.358e-05,4.358e-05,4.358e-05,0,0.15923043,0.15923043,0.15923043,0,0.0,0.0,0.0,0,0.00081,0.00081,0.00081,0,0.00048,0.00048,0.00048,0
408,Sensi-Care Protective Barrier,correct drug name,"BN,IN",high,multi,408,0,Sensi-Care Protective Barrier,Sensi-Care Protective Barrier,sensi-care protective barrier,"BN, IN",466,0.99999988,0.99999988,0.99999988,1,0.57716149,0.57716149,0.57716149,1,0.0,0.0,0.0,0,0.0003,0.0003,0.0003,0,0.00044,0.00044,0.00044,0
409,Arthritis Pain (diclofenac),correct drug name,"BN,IN",high,multi,409,0,Arthritis Pain (diclofenac),Arthritis Pain (diclofenac),arthritis pain (diclofenac),"BN, IN",470,0.99999547,0.99999547,0.99999547,1,0.63890976,0.63890976,0.63890976,1,1.0,2.0,0.5,1,0.00125,0.00125,0.00125,0,0.00022,0.00022,0.00022,0
410,Atacand,correct drug name,BN,high,multi,410,0,Atacand,Atacand,atacand,BN,477,2.38e-06,2.38e-06,2.38e-06,0,0.15784515,0.15784515,0.15784515,0,0.0,0.0,0.0,0,0.00061,0.00061,0.00061,0,0.00049,0.00049,0.00049,0
411,One-A-Day Women's 50 Plus,correct drug name,"BN,IN",high,multi,411,0,One-A-Day Women's 50 Plus,One-A-Day Women's 50 Plus,one-a-day women's 50 plus,"BN, IN",478,0.94799125,0.94799125,0.94799125,1,0.21012647,0.21012647,0.21012647,0,0.0,0.0,0.0,0,0.00027,0.00027,0.00027,0,0.00031,0.00031,0.00031,0
412,Buspirone Hydrochloride ,correct drug name,IN,high,multi,412,0,Buspirone Hydrochloride,Buspirone Hydrochloride ,buspirone hydrochloride,IN,481,0.99999988,0.99999988,0.99999988,1,0.0159667,0.0159667,0.0159667,0,0.0,0.0,0.0,0,0.00034,0.00034,0.00034,0,0.01001,0.01001,0.01001,0
413,sAXagliptin HCl,correct drug name,IN,high,multi,413,0,sAXagliptin HCl,sAXagliptin HCl,saxagliptin hcl,IN,485,0.99258035,0.99258035,0.99258035,1,0.07047034,0.07047034,0.07047034,0,0.0,0.0,0.0,0,0.00028,0.00028,0.00028,0,0.00208,0.00208,0.00208,0
414,Metanx (algal oil),correct drug name,"BN,IN",high,multi,414,0,Metanx (algal oil),Metanx (algal oil),metanx (algal oil),"BN, IN",487,2e-06,2e-06,2e-06,0,0.29035872,0.29035872,0.29035872,0,1.0,1.0,0.25,1,0.99731,0.99731,0.99731,1,0.02049,0.02049,0.02049,0
415,NuLYTELY with Flavor Packs,correct drug name,BN,high,multi,415,0,NuLYTELY with Flavor Packs,NuLYTELY with Flavor Packs,nulytely with flavor packs,BN,489,0.77629864,0.77629864,0.77629864,1,0.28953975,0.28953975,0.28953975,0,0.0,0.0,0.0,0,0.00071,0.00071,0.00071,0,0.00036,0.00036,0.00036,0
416,Boost Glucose Control,correct drug name,BN,high,multi,416,0,Boost Glucose Control,Boost Glucose Control,boost glucose control,BN,490,0.99999952,0.99999952,0.99999952,1,0.5338726,0.5338726,0.5338726,1,0.0,0.0,0.0,0,0.0002,0.0002,0.0002,0,0.00027,0.00027,0.00027,0
418,Moisture,correct drug name,IN,high,multi,418,0,Moisture,Moisture,moisture,IN,499,0.0267604,0.0267604,0.0267604,0,0.67567742,0.67567742,0.67567742,1,0.0,0.0,0.0,0,0.00199,0.00199,0.00199,0,0.00106,0.00106,0.00106,0
419,Lactaid Fast Act,correct drug name,BN,high,multi,419,0,Lactaid Fast Act,Lactaid Fast Act,lactaid fast act,BN,501,0.99999833,0.99999833,0.99999833,1,0.48444751,0.48444751,0.48444751,1,0.0,0.0,0.0,0,0.00043,0.00043,0.00043,0,0.02107,0.02107,0.02107,0
420,Proctofoam,correct drug name,BN,high,multi,420,0,Proctofoam,Proctofoam,proctofoam,BN,508,3.258e-05,3.258e-05,3.258e-05,0,0.21555364,0.21555364,0.21555364,0,0.0,0.0,0.0,0,0.00073,0.00073,0.00073,0,0.03977,0.03977,0.03977,0
421,Olodaterol HCl,correct drug name,IN,high,multi,421,0,Olodaterol HCl,Olodaterol HCl,olodaterol hcl,IN,511,0.90660125,0.90660125,0.90660125,1,0.11092913,0.11092913,0.11092913,0,0.0,0.0,0.0,0,0.00066,0.00066,0.00066,0,0.00065,0.00065,0.00065,0
422,Cortizone-10,correct drug name,BN,high,multi,422,0,Cortizone-10,Cortizone-10,cortizone-10,BN,515,0.00013488,0.00013488,0.00013488,0,0.22414388,0.22414388,0.22414388,0,0.0,0.0,0.0,0,0.00046,0.00046,0.00046,0,0.00136,0.00136,0.00136,0
423,Salmeterol Xinafoate,correct drug name,IN,high,multi,423,0,Salmeterol Xinafoate,Salmeterol Xinafoate,salmeterol xinafoate,IN,518,0.16942401,0.16942401,0.16942401,1,0.15252692,0.15252692,0.15252692,0,0.0,0.0,0.0,0,0.00151,0.00151,0.00151,0,0.00047,0.00047,0.00047,0
425,Hydrocortisone (Perianal),correct drug name,"BN,IN",high,multi,425,0,Hydrocortisone (Perianal),Hydrocortisone (Perianal),hydrocortisone (perianal),"BN, IN",519,0.99999988,0.99999988,0.99999988,1,0.58301002,0.58301002,0.58301002,1,1.0,3.0,0.75,1,0.00615,0.00615,0.00615,0,0.0017,0.0017,0.0017,0
426,Boost Breeze,correct drug name,BN,high,multi,426,0,Boost Breeze,Boost Breeze,boost breeze,BN,520,0.99999905,0.99999905,0.99999905,1,0.47779879,0.47779879,0.47779879,1,0.0,0.0,0.0,0,0.0003,0.0003,0.0003,0,0.00374,0.00374,0.00374,0
427,Orajel Mouth-Aid,correct drug name,BN,high,multi,427,0,Orajel Mouth-Aid,Orajel Mouth-Aid,orajel mouth-aid,BN,521,2.542e-05,2.542e-05,2.542e-05,0,0.33332047,0.33332047,0.33332047,0,0.0,0.0,0.0,0,0.00016,0.00016,0.00016,0,0.00025,0.00025,0.00025,0
428,Riluzole,correct drug name,IN,high,multi,428,0,Riluzole,Riluzole,riluzole,IN,523,1.239e-05,1.239e-05,1.239e-05,0,0.09890521,0.09890521,0.09890521,0,0.0,0.0,0.0,0,0.78771,0.78771,0.78771,1,0.00707,0.00707,0.00707,0
429,Vitamin B + C Complex,correct drug name,IN,high,multi,429,0,Vitamin B + C Complex,Vitamin B + C Complex,vitamin b + c complex,IN,523,0.99989259,0.99989259,0.99989259,1,0.37451866,0.37451866,0.37451866,0,0.0,0.0,0.0,0,0.03821,0.03821,0.03821,0,0.00042,0.00042,0.00042,0
430,Imbruvica,correct drug name,BN,high,multi,430,0,Imbruvica,Imbruvica,imbruvica,BN,527,2.34e-06,2.34e-06,2.34e-06,0,0.12495941,0.12495941,0.12495941,0,0.0,0.0,0.0,0,0.00227,0.00227,0.00227,0,0.00371,0.00371,0.00371,0
432,Mapap Arthritis Pain,correct drug name,BN,high,multi,432,0,Mapap Arthritis Pain,Mapap Arthritis Pain,mapap arthritis pain,BN,539,0.99999964,0.99999964,0.99999964,1,0.31013051,0.31013051,0.31013051,0,0.0,0.0,0.0,0,0.00031,0.00031,0.00031,0,0.00027,0.00027,0.00027,0
433,Thermotabs,correct drug name,BN,high,multi,433,0,Thermotabs,Thermotabs,thermotabs,BN,544,0.66988713,0.66988713,0.66988713,1,0.18332095,0.18332095,0.18332095,0,0.0,0.0,0.0,0,0.00055,0.00055,0.00055,0,0.00384,0.00384,0.00384,0
434,Aptiom,correct drug name,BN,high,multi,434,0,Aptiom,Aptiom,aptiom,BN,547,0.99999976,0.99999976,0.99999976,1,0.29861832,0.29861832,0.29861832,0,0.0,0.0,0.0,0,0.99905,0.99905,0.99905,1,0.99914,0.99914,0.99914,1
435,Geri-Mox,correct drug name,BN,high,multi,435,0,Geri-Mox,Geri-Mox,geri-mox,BN,549,3.827e-05,3.827e-05,3.827e-05,0,0.70772719,0.70772719,0.70772719,1,0.0,0.0,0.0,0,0.00077,0.00077,0.00077,0,0.00267,0.00267,0.00267,0
436,omeprazole-sodium bicarbonate,correct drug name,IN,high,multi,436,0,omeprazole-sodium bicarbonate,omeprazole-sodium bicarbonate,omeprazole-sodium bicarbonate,IN,552,0.05620603,0.05620603,0.05620603,0,0.10102341,0.10102341,0.10102341,0,1.0,0.0,0.0,1,0.0006,0.0006,0.0006,0,0.00152,0.00152,0.00152,0
437,ceFAZolin in Sodium Chloride,correct drug name,IN,high,multi,437,0,ceFAZolin in Sodium Chloride,ceFAZolin in Sodium Chloride,cefazolin in sodium chloride,IN,553,0.99999607,0.99999607,0.99999607,1,0.36804366,0.36804366,0.36804366,0,0.0,0.0,0.0,0,0.00058,0.00058,0.00058,0,0.00029,0.00029,0.00029,0
438,Acamprosate Calcium,correct drug name,IN,high,multi,438,0,Acamprosate Calcium,Acamprosate Calcium,acamprosate calcium,IN,558,0.00213303,0.00213303,0.00213303,0,0.135278,0.135278,0.135278,0,0.0,0.0,0.0,0,0.00022,0.00022,0.00022,0,0.00078,0.00078,0.00078,0
439,Vicks Babyrub,correct drug name,BN,high,multi,439,0,Vicks Babyrub,Vicks Babyrub,vicks babyrub,BN,560,0.99999523,0.99999523,0.99999523,1,0.40193921,0.40193921,0.40193921,1,0.0,0.0,0.0,0,0.00034,0.00034,0.00034,0,0.00058,0.00058,0.00058,0
441,Diprolene,correct drug name,BN,high,multi,441,0,Diprolene,Diprolene,diprolene,BN,563,1.174e-05,1.174e-05,1.174e-05,0,0.14154021,0.14154021,0.14154021,0,0.0,0.0,0.0,0,0.00086,0.00086,0.00086,0,0.00378,0.00378,0.00378,0
442,Probiotic-10,correct drug name,BN,high,multi,442,0,Probiotic-10,Probiotic-10,probiotic-10,BN,565,1.28e-06,1.28e-06,1.28e-06,0,0.70772719,0.70772719,0.70772719,1,1.0,0.0,0.0,1,0.00221,0.00221,0.00221,0,0.00079,0.00079,0.00079,0
443,Novolog Mix 70-30,correct drug name,"BN,IN",high,multi,443,0,Novolog Mix 70-30,Novolog Mix 70-30,novolog mix 70-30,"BN, IN",566,0.78111953,0.78111953,0.78111953,1,0.30591837,0.30591837,0.30591837,0,1.0,1.0,0.25,1,0.00076,0.00076,0.00076,0,0.0003,0.0003,0.0003,0
444,Insulin Glargine (1 Unit Dial),correct drug name,"BN,IN",high,multi,444,0,Insulin Glargine (1 Unit Dial),Insulin Glargine (1 Unit Dial),insulin glargine (1 unit dial),"BN, IN",569,0.99813098,0.99813098,0.99813098,1,0.24313064,0.24313064,0.24313064,0,1.0,2.0,0.5,1,0.91533,0.91533,0.91533,1,0.00135,0.00135,0.00135,0
445,Semglee (yfgn),correct drug name,BN,high,multi,445,0,Semglee (yfgn),Semglee (yfgn),semglee (yfgn),BN,572,0.99999952,0.99999952,0.99999952,1,0.70772719,0.70772719,0.70772719,1,1.0,0.0,0.0,1,0.99885,0.99885,0.99885,1,0.98398,0.98398,0.98398,1
446,Icy Hot Extra Strength,correct drug name,BN,high,multi,446,0,Icy Hot Extra Strength,Icy Hot Extra Strength,icy hot extra strength,BN,581,0.99999976,0.99999976,0.99999976,1,0.39913061,0.39913061,0.39913061,1,0.0,0.0,0.0,0,0.00028,0.00028,0.00028,0,0.00035,0.00035,0.00035,0
447,Prandin,correct drug name,BN,high,multi,447,0,Prandin,Prandin,prandin,BN,582,3.562e-05,3.562e-05,3.562e-05,0,0.13536747,0.13536747,0.13536747,0,0.0,0.0,0.0,0,0.00048,0.00048,0.00048,0,0.00053,0.00053,0.00053,0
448,Descovy,correct drug name,BN,high,multi,448,0,Descovy,Descovy,descovy,BN,585,1.6e-06,1.6e-06,1.6e-06,0,0.15064448,0.15064448,0.15064448,0,0.0,0.0,0.0,0,0.00129,0.00129,0.00129,0,0.00734,0.00734,0.00734,0
450,Arginine,correct drug name,IN,high,multi,450,0,Arginine,Arginine,arginine,IN,590,0.93690979,0.93690979,0.93690979,1,0.78043872,0.78043872,0.78043872,1,0.0,0.0,0.0,0,0.00039,0.00039,0.00039,0,0.00135,0.00135,0.00135,0
451,Acetaminophen PM Ex St,correct drug name,"BN,IN",high,multi,451,0,Acetaminophen PM Ex St,Acetaminophen PM Ex St,acetaminophen pm ex st,"BN, IN",592,0.99999809,0.99999809,0.99999809,1,0.58450598,0.58450598,0.58450598,1,0.0,0.0,0.0,0,0.95658,0.95658,0.95658,1,0.00218,0.00218,0.00218,0
452,amLODIPine-Olmesartan,correct drug name,IN,high,multi,452,0,amLODIPine-Olmesartan,amLODIPine-Olmesartan,amlodipine-olmesartan,IN,593,0.99106371,0.99106371,0.99106371,1,0.26042986,0.26042986,0.26042986,0,0.0,0.0,0.0,0,0.00035,0.00035,0.00035,0,0.00024,0.00024,0.00024,0
453,VITAMIN C 500 MG TABLET,correct drug name,IN,high,multi,453,0,VITAMIN C 500 MG TABLET,VITAMIN C 500 MG TABLET,vitamin c 500 mg tablet,IN,597,1.4e-06,1.4e-06,1.4e-06,0,0.27460146,0.27460146,0.27460146,0,0.0,0.0,0.0,0,0.00419,0.00419,0.00419,0,0.00106,0.00106,0.00106,0
454,Risedronate Sodium,correct drug name,IN,high,multi,454,0,Risedronate Sodium,Risedronate Sodium,risedronate sodium,IN,601,0.0114215,0.0114215,0.0114215,0,0.12803286,0.12803286,0.12803286,0,0.0,0.0,0.0,0,0.00027,0.00027,0.00027,0,0.00068,0.00068,0.00068,0
455,Multiple Vitamins-Iron,correct drug name,IN,high,multi,455,0,Multiple Vitamins-Iron,Multiple Vitamins-Iron,multiple vitamins-iron,IN,604,0.99978989,0.99978989,0.99978989,1,0.72188151,0.72188151,0.72188151,1,1.0,0.0,0.0,1,0.00027,0.00027,0.00027,0,0.00048,0.00048,0.00048,0
456,Alaway,correct drug name,BN,high,multi,456,0,Alaway,Alaway,alaway,BN,606,1.07e-06,1.07e-06,1.07e-06,0,0.38386339,0.38386339,0.38386339,0,0.0,0.0,0.0,0,0.99931,0.99931,0.99931,1,0.04966,0.04966,0.04966,0
457,Calcium-Carb 600,correct short drug name,IN,high,multi,457,0,Calcium-Carb 600,Calcium-Carb 600,calcium-carb 600,IN,608,0.9999994,0.9999994,0.9999994,1,0.56061876,0.56061876,0.56061876,1,1.0,0.0,0.0,1,0.0013,0.0013,0.0013,0,0.00032,0.00032,0.00032,0
458,Visine Tears,correct drug name,BN,high,multi,458,0,Visine Tears,Visine Tears,visine tears,BN,613,0.99999988,0.99999988,0.99999988,1,0.29107273,0.29107273,0.29107273,0,0.0,0.0,0.0,0,0.00027,0.00027,0.00027,0,0.00031,0.00031,0.00031,0
459,Senior Tabs,correct drug name,BN,high,multi,459,0,Senior Tabs,Senior Tabs,senior tabs,BN,614,0.99999988,0.99999988,0.99999988,1,0.41270968,0.41270968,0.41270968,1,0.0,0.0,0.0,0,0.0003,0.0003,0.0003,0,0.0003,0.0003,0.0003,0
460,Mucus Relief ER,correct drug name,BN,high,multi,460,0,Mucus Relief ER,Mucus Relief ER,mucus relief er,BN,615,0.99991775,0.99991775,0.99991775,1,0.44336793,0.44336793,0.44336793,1,0.0,0.0,0.0,0,0.00041,0.00041,0.00041,0,0.00049,0.00049,0.00049,0
461,Tinactin,correct drug name,BN,high,multi,461,0,Tinactin,Tinactin,tinactin,BN,624,6.402e-05,6.402e-05,6.402e-05,0,0.25637272,0.25637272,0.25637272,0,0.0,0.0,0.0,0,0.00035,0.00035,0.00035,0,0.001,0.001,0.001,0
462,Depakene (valproic acid (as sodium salt)),correct drug name,"BN,IN",high,multi,462,0,Depakene (valproic acid (as sodium salt)),Depakene (valproic acid (as sodium salt)),depakene (valproic acid (as sodium salt)),"BN, IN",628,0.99901259,0.99901259,0.99901259,1,0.30976173,0.30976173,0.30976173,0,1.0,5.0,1.0,1,0.9951,0.9951,0.9951,1,0.00045,0.00045,0.00045,0
463,Amphetamine-Dextroamphetamine,correct drug name,BN,high,multi,463,0,Amphetamine-Dextroamphetamine,Amphetamine-Dextroamphetamine,amphetamine-dextroamphetamine,BN,634,0.13898215,0.13898215,0.13898215,0,0.17492156,0.17492156,0.17492156,0,0.0,0.0,0.0,0,0.00145,0.00145,0.00145,0,0.00028,0.00028,0.00028,0
464,Rileys Butt Cream,nonstandard,"BN,IN",high,multi,464,1,Rileys Butt Cream,Rileys Butt Cream,rileys butt cream,"BN, IN",636,0.00077475,0.00077475,0.00077475,0,0.35985175,0.35985175,0.35985175,0,1.0,2.0,0.5,1,0.02598,0.02598,0.02598,0,0.99975,0.99975,0.99975,1
466,Paricalcitol,correct drug name,IN,high,multi,466,0,Paricalcitol,Paricalcitol,paricalcitol,IN,648,0.00055672,0.00055672,0.00055672,0,0.15279518,0.15279518,0.15279518,0,0.0,0.0,0.0,0,0.00035,0.00035,0.00035,0,0.00081,0.00081,0.00081,0
467,Isopto Tears,correct drug name,BN,high,multi,467,0,Isopto Tears,Isopto Tears,isopto tears,BN,655,0.00699922,0.00699922,0.00699922,0,0.2876344,0.2876344,0.2876344,0,0.0,0.0,0.0,0,0.00026,0.00026,0.00026,0,0.00033,0.00033,0.00033,0
468,Protonix Delayed-Release,correct drug name,BN,high,multi,468,0,Protonix Delayed-Release,Protonix Delayed-Release,protonix delayed-release,BN,658,0.9882555,0.9882555,0.9882555,1,0.16605823,0.16605823,0.16605823,0,1.0,0.0,0.0,1,0.00013,0.00013,0.00013,0,0.00025,0.00025,0.00025,0
469,Robitussin Cough-Sore Throat,correct drug name,"BN,IN",high,multi,469,0,Robitussin Cough-Sore Throat,Robitussin Cough-Sore Throat,robitussin cough-sore throat,"BN, IN",661,0.99767286,0.99767286,0.99767286,1,0.30004466,0.30004466,0.30004466,0,1.0,0.0,0.0,1,0.00014,0.00014,0.00014,0,0.00023,0.00023,0.00023,0
470,Lithium Carbonate ER,correct drug name,IN,high,multi,470,0,Lithium Carbonate ER,Lithium Carbonate ER,lithium carbonate er,IN,664,0.99999976,0.99999976,0.99999976,1,0.25952107,0.25952107,0.25952107,0,0.0,0.0,0.0,0,0.00028,0.00028,0.00028,0,0.00025,0.00025,0.00025,0
471,desvenlafaxine succinate,correct drug name,IN,high,multi,471,0,desvenlafaxine succinate,desvenlafaxine succinate,desvenlafaxine succinate,IN,665,0.00014801,0.00014801,0.00014801,0,0.073411,0.073411,0.073411,0,0.0,0.0,0.0,0,0.00131,0.00131,0.00131,0,0.00172,0.00172,0.00172,0
472,Mag-Al,correct drug name,BN,high,multi,472,0,Mag-Al,Mag-Al,mag-al,BN,666,0.70772749,0.70772749,0.70772749,1,0.50809199,0.50809199,0.50809199,1,0.0,0.0,0.0,0,0.00416,0.00416,0.00416,0,0.03615,0.03615,0.03615,0
473,Vitamin A & D,correct drug name,IN,high,multi,473,0,Vitamin A & D,Vitamin A & D,vitamin a & d,IN,668,0.00017895,0.00017895,0.00017895,0,0.44420871,0.44420871,0.44420871,1,0.0,0.0,0.0,0,0.01206,0.01206,0.01206,0,0.00381,0.00381,0.00381,0
474,Budesonide ER,correct drug name,IN,high,multi,474,0,Budesonide ER,Budesonide ER,budesonide er,IN,669,0.41136795,0.41136795,0.41136795,1,0.58640891,0.58640891,0.58640891,1,0.0,0.0,0.0,0,0.00041,0.00041,0.00041,0,0.00049,0.00049,0.00049,0
476,Maalox Multi Symptom Max St,correct drug name,"BN,IN",high,multi,476,0,Maalox Multi Symptom Max St,Maalox Multi Symptom Max St,maalox multi symptom max st,"BN, IN",701,0.99999976,0.99999976,0.99999976,1,0.3891755,0.3891755,0.3891755,1,0.0,0.0,0.0,0,0.134,0.134,0.134,0,0.0005,0.0005,0.0005,0
477,Biofreeze Colorless,correct drug name,BN,high,multi,477,0,Biofreeze Colorless,Biofreeze Colorless,biofreeze colorless,BN,705,0.99954057,0.99954057,0.99954057,1,0.17808856,0.17808856,0.17808856,0,0.0,0.0,0.0,0,0.00031,0.00031,0.00031,0,0.00047,0.00047,0.00047,0
478,Calcium 500 + D (D3),correct drug name,IN,high,multi,478,0,Calcium 500 + D (D3),Calcium 500 + D (D3),calcium 500 + d (d3),IN,708,0.00024368,0.00024368,0.00024368,0,0.51843768,0.51843768,0.51843768,1,1.0,2.0,0.5,1,0.72063,0.72063,0.72063,1,0.48274,0.48274,0.48274,0
479,Probenecid,correct drug name,IN,high,multi,479,0,Probenecid,Probenecid,probenecid,IN,709,0.0001404,0.0001404,0.0001404,0,0.24424778,0.24424778,0.24424778,0,0.0,0.0,0.0,0,0.00023,0.00023,0.00023,0,0.00514,0.00514,0.00514,0
480,Heparin Sodium (Porcine) PF,correct drug name,"BN,IN",high,multi,480,0,Heparin Sodium (Porcine) PF,Heparin Sodium (Porcine) PF,heparin sodium (porcine) pf,"BN, IN",713,0.92176247,0.92176247,0.92176247,1,0.39781156,0.39781156,0.39781156,1,0.0,0.0,0.0,0,0.00051,0.00051,0.00051,0,0.00102,0.00102,0.00102,0
481,Jantoven,correct drug name,BN,high,multi,481,0,Jantoven,Jantoven,jantoven,BN,715,1.393e-05,1.393e-05,1.393e-05,0,0.23095605,0.23095605,0.23095605,0,0.0,0.0,0.0,0,0.00139,0.00139,0.00139,0,0.02482,0.02482,0.02482,0
482,Kaopectate,correct drug name,BN,high,multi,482,0,Kaopectate,Kaopectate,kaopectate,BN,725,0.99999964,0.99999964,0.99999964,1,0.31571957,0.31571957,0.31571957,0,0.0,0.0,0.0,0,0.00048,0.00048,0.00048,0,0.00046,0.00046,0.00046,0
483,Proteinex,correct drug name,IN,high,multi,483,0,Proteinex,Proteinex,proteinex,IN,726,0.08715975,0.08715975,0.08715975,0,0.32786113,0.32786113,0.32786113,0,0.0,0.0,0.0,0,0.00146,0.00146,0.00146,0,0.00105,0.00105,0.00105,0
484,Endocet,correct drug name,BN,high,multi,484,0,Endocet,Endocet,endocet,BN,728,0.99978596,0.99978596,0.99978596,1,0.27799478,0.27799478,0.27799478,0,0.0,0.0,0.0,0,0.00168,0.00168,0.00168,0,0.00034,0.00034,0.00034,0
486,felodipine,correct drug name,IN,high,multi,486,0,felodipine,felodipine,felodipine,IN,738,4.613e-05,4.613e-05,4.613e-05,0,0.10762735,0.10762735,0.10762735,0,0.0,0.0,0.0,0,0.00059,0.00059,0.00059,0,0.00073,0.00073,0.00073,0
487,Icaps MV,correct drug name,BN,high,multi,487,0,Icaps MV,Icaps MV,icaps mv,BN,747,2.043e-05,2.043e-05,2.043e-05,0,0.27740696,0.27740696,0.27740696,0,0.0,0.0,0.0,0,0.40517,0.40517,0.40517,0,0.00198,0.00198,0.00198,0
488,Magic Butt Cream,correct drug name,IN,high,multi,488,0,Magic Butt Cream,Magic Butt Cream,magic butt cream,IN,752,0.82932448,0.82932448,0.82932448,1,0.37700912,0.37700912,0.37700912,0,0.0,0.0,0.0,0,0.00209,0.00209,0.00209,0,0.00043,0.00043,0.00043,0
489,Argitein,correct drug name,BN,high,multi,489,0,Argitein,Argitein,argitein,BN,752,0.99999976,0.99999976,0.99999976,1,0.70772719,0.70772719,0.70772719,1,1.0,2.0,0.5,1,0.99952,0.99952,0.99952,1,0.99944,0.99944,0.99944,1
490,turmeric root extract,correct drug name,IN,high,multi,490,0,turmeric root extract,turmeric root extract,turmeric root extract,IN,759,0.00501756,0.00501756,0.00501756,0,0.44674531,0.44674531,0.44674531,1,0.0,0.0,0.0,0,0.00073,0.00073,0.00073,0,0.00036,0.00036,0.00036,0
491,Centrum Adults,correct drug name,BN,high,multi,491,0,Centrum Adults,Centrum Adults,centrum adults,BN,760,0.99998856,0.99998856,0.99998856,1,0.26708889,0.26708889,0.26708889,0,0.0,0.0,0.0,0,0.00089,0.00089,0.00089,0,0.00042,0.00042,0.00042,0
492,Vitamins and Minerals,correct drug name,IN,high,multi,492,0,Vitamins and Minerals,Vitamins and Minerals,vitamins and minerals,IN,761,0.9999758,0.9999758,0.9999758,1,0.53234142,0.53234142,0.53234142,1,0.0,0.0,0.0,0,0.00035,0.00035,0.00035,0,0.00022,0.00022,0.00022,0
493,Biofreeze Professional,correct drug name,BN,high,multi,493,0,Biofreeze Professional,Biofreeze Professional,biofreeze professional,BN,764,0.99985027,0.99985027,0.99985027,1,0.36298782,0.36298782,0.36298782,0,0.0,0.0,0.0,0,0.00032,0.00032,0.00032,0,0.00107,0.00107,0.00107,0
494,Diclofenac Potassium,correct drug name,IN,high,multi,494,0,Diclofenac Potassium,Diclofenac Potassium,diclofenac potassium,IN,768,0.10280066,0.10280066,0.10280066,0,0.09164018,0.09164018,0.09164018,0,0.0,0.0,0.0,0,0.00045,0.00045,0.00045,0,0.0003,0.0003,0.0003,0
495,Mycophenolate Sodium,correct drug name,IN,high,multi,495,0,Mycophenolate Sodium,Mycophenolate Sodium,mycophenolate sodium,IN,772,0.55282688,0.55282688,0.55282688,1,0.14575836,0.14575836,0.14575836,0,0.0,0.0,0.0,0,0.00053,0.00053,0.00053,0,0.00029,0.00029,0.00029,0
496,Hydrogel (gel base no.41 (bulk)),correct drug name,IN,high,multi,496,0,Hydrogel (gel base no.41 (bulk)),Hydrogel (gel base no.41 (bulk)),hydrogel (gel base no.41 (bulk)),IN,784,0.9999994,0.9999994,0.9999994,1,0.41099796,0.41099796,0.41099796,1,1.0,1.0,0.25,1,0.55995,0.55995,0.55995,1,0.421,0.421,0.421,0
497,B Complex Plus Vitamin C,correct drug name,BN,high,multi,497,0,B Complex Plus Vitamin C,B Complex Plus Vitamin C,b complex plus vitamin c,BN,789,0.99961984,0.99961984,0.99961984,1,0.34352311,0.34352311,0.34352311,0,0.0,0.0,0.0,0,0.0697,0.0697,0.0697,0,0.00282,0.00282,0.00282,0
498,Acetaminophen Pain Relief,correct drug name,IN,high,multi,498,0,Acetaminophen Pain Relief,Acetaminophen Pain Relief,acetaminophen pain relief,IN,790,0.99999976,0.99999976,0.99999976,1,0.20402987,0.20402987,0.20402987,0,0.0,0.0,0.0,0,0.0002,0.0002,0.0002,0,0.00021,0.00021,0.00021,0
499,Gas Relief,correct drug name,BN,high,multi,499,0,Gas Relief,Gas Relief,gas relief,BN,792,0.9999994,0.9999994,0.9999994,1,0.53496367,0.53496367,0.53496367,1,0.0,0.0,0.0,0,0.00105,0.00105,0.00105,0,0.00047,0.00047,0.00047,0
501,Slow Fe,correct drug name,BN,high,multi,501,0,Slow Fe,Slow Fe,slow fe,BN,797,0.13048336,0.13048336,0.13048336,0,0.52090317,0.52090317,0.52090317,1,0.0,0.0,0.0,0,0.00151,0.00151,0.00151,0,0.00167,0.00167,0.00167,0
502,Maxzide,correct drug name,BN,high,multi,502,0,Maxzide,Maxzide,maxzide,BN,799,0.03171818,0.03171818,0.03171818,0,0.14582983,0.14582983,0.14582983,0,0.0,0.0,0.0,0,0.00094,0.00094,0.00094,0,0.00031,0.00031,0.00031,0
503,Loteprednol Etabonate,correct drug name,IN,high,multi,503,0,Loteprednol Etabonate,Loteprednol Etabonate,loteprednol etabonate,IN,807,4.242e-05,4.242e-05,4.242e-05,0,0.16111265,0.16111265,0.16111265,0,0.0,0.0,0.0,0,0.00059,0.00059,0.00059,0,0.00059,0.00059,0.00059,0
504,TB Syringe 1 ML,correct non-drug name,IN,high,multi,504,0,TB Syringe 1 ML,TB Syringe 1 ML,tb syringe 1 ml,IN,808,0.99999964,0.99999964,0.99999964,1,0.55563223,0.55563223,0.55563223,1,0.0,0.0,0.0,0,0.95444,0.95444,0.95444,1,0.99817,0.99817,0.99817,1
505,Osmolite 1.5 Cal,correct drug name,IN,high,multi,505,0,Osmolite 1.5 Cal,Osmolite 1.5 Cal,osmolite 1.5 cal,IN,808,0.99997199,0.99997199,0.99997199,1,0.47045135,0.47045135,0.47045135,1,0.0,0.0,0.0,0,0.01416,0.01416,0.01416,0,0.02409,0.02409,0.02409,0
506,Azo Urinary Pain Relief,correct drug name,BN,high,multi,506,0,Azo Urinary Pain Relief,Azo Urinary Pain Relief,azo urinary pain relief,BN,810,0.99113464,0.99113464,0.99113464,1,0.16776413,0.16776413,0.16776413,0,0.0,0.0,0.0,0,0.00059,0.00059,0.00059,0,0.00028,0.00028,0.00028,0
507,Isopto Atropine,correct drug name,BN,high,multi,507,0,Isopto Atropine,Isopto Atropine,isopto atropine,BN,810,1.558e-05,1.558e-05,1.558e-05,0,0.08263171,0.08263171,0.08263171,0,0.0,0.0,0.0,0,0.00026,0.00026,0.00026,0,0.00272,0.00272,0.00272,0
508,Lanthanum Carbonate,correct drug name,IN,high,multi,508,0,Lanthanum Carbonate,Lanthanum Carbonate,lanthanum carbonate,IN,814,0.99997604,0.99997604,0.99997604,1,0.19451599,0.19451599,0.19451599,0,0.0,0.0,0.0,0,0.00031,0.00031,0.00031,0,0.00034,0.00034,0.00034,0
509,Claritin-D 12 Hour,correct drug name,BN,high,multi,509,0,Claritin-D 12 Hour,Claritin-D 12 Hour,claritin-d 12 hour,BN,818,0.60463411,0.60463411,0.60463411,1,0.35425439,0.35425439,0.35425439,0,0.0,0.0,0.0,0,0.00637,0.00637,0.00637,0,0.00159,0.00159,0.00159,0
510,PNEUMOVAX 23 SYRINGE,correct non-drug name,"BN,IN",high,multi,510,0,PNEUMOVAX 23 SYRINGE,PNEUMOVAX 23 SYRINGE,pneumovax 23 syringe,"BN, IN",820,0.00948445,0.00948445,0.00948445,0,0.44660318,0.44660318,0.44660318,1,0.0,0.0,0.0,0,0.66753,0.66753,0.66753,1,0.00096,0.00096,0.00096,0
511,Dialyvite 800,correct drug name,BN,high,multi,511,0,Dialyvite 800,Dialyvite 800,dialyvite 800,BN,822,0.00011871,0.00011871,0.00011871,0,0.25935274,0.25935274,0.25935274,0,0.0,0.0,0.0,0,0.00036,0.00036,0.00036,0,0.00045,0.00045,0.00045,0
512,Clozaril,correct drug name,BN,high,multi,512,0,Clozaril,Clozaril,clozaril,BN,823,0.00067206,0.00067206,0.00067206,0,0.132552,0.132552,0.132552,0,0.0,0.0,0.0,0,0.00095,0.00095,0.00095,0,0.00032,0.00032,0.00032,0
513,GNP Lidocaine Pain Relief,correct drug name,"BN,IN",high,multi,513,0,GNP Lidocaine Pain Relief,GNP Lidocaine Pain Relief,gnp lidocaine pain relief,"BN, IN",826,0.99999559,0.99999559,0.99999559,1,0.4189924,0.4189924,0.4189924,1,0.0,0.0,0.0,0,0.06332,0.06332,0.06332,0,0.00102,0.00102,0.00102,0
514,metronidazole in NaCl,correct drug name,IN,high,multi,514,0,metronidazole in NaCl,metronidazole in NaCl,metronidazole in nacl,IN,827,0.00532871,0.00532871,0.00532871,0,0.3791995,0.3791995,0.3791995,0,0.0,0.0,0.0,0,0.0007,0.0007,0.0007,0,0.0004,0.0004,0.0004,0
515,medroxyprogesterone,correct drug name,IN,high,multi,515,0,medroxyprogesterone,medroxyprogesterone,medroxyprogesterone,IN,830,7.448e-05,7.448e-05,7.448e-05,0,0.33487046,0.33487046,0.33487046,0,0.0,0.0,0.0,0,0.00113,0.00113,0.00113,0,0.00093,0.00093,0.00093,0
516,tamoxifen,correct drug name,IN,high,multi,516,0,tamoxifen,tamoxifen,tamoxifen,IN,834,2.046e-05,2.046e-05,2.046e-05,0,0.16814335,0.16814335,0.16814335,0,0.0,0.0,0.0,0,0.00127,0.00127,0.00127,0,0.00874,0.00874,0.00874,0
517,Azasite,correct drug name,BN,high,multi,517,0,Azasite,Azasite,azasite,BN,843,0.07003124,0.07003124,0.07003124,0,0.07456733,0.07456733,0.07456733,0,0.0,0.0,0.0,0,0.00962,0.00962,0.00962,0,0.00876,0.00876,0.00876,0
518,Hypromellose,correct drug name,IN,high,multi,518,0,Hypromellose,Hypromellose,hypromellose,IN,851,0.96605963,0.96605963,0.96605963,1,0.40885395,0.40885395,0.40885395,1,0.0,0.0,0.0,0,0.00071,0.00071,0.00071,0,0.00097,0.00097,0.00097,0
519,HumaLOG Mix 75/25 KwikPen,correct drug name,BN,high,multi,519,0,HumaLOG Mix 75/25 KwikPen,HumaLOG Mix 75/25 KwikPen,humalog mix 75/25 kwikpen,BN,853,0.96905094,0.96905094,0.96905094,1,0.21822836,0.21822836,0.21822836,0,0.0,0.0,0.0,0,0.5522,0.5522,0.5522,1,0.03896,0.03896,0.03896,0
520,Vitamin K,correct drug name,IN,high,multi,520,0,Vitamin K,Vitamin K,vitamin k,IN,862,0.99781215,0.99781215,0.99781215,1,0.44281036,0.44281036,0.44281036,1,0.0,0.0,0.0,0,0.01222,0.01222,0.01222,0,0.00045,0.00045,0.00045,0
521,Ipratropium Bromide and Albuterol Sulfate ,correct drug name,IN,high,multi,521,0,Ipratropium Bromide and Albuterol Sulfate,Ipratropium Bromide and Albuterol Sulfate ,ipratropium bromide and albuterol sulfate,IN,862,0.99718553,0.99718553,0.99718553,1,0.11332406,0.11332406,0.11332406,0,0.0,0.0,0.0,0,0.00033,0.00033,0.00033,0,0.00042,0.00042,0.00042,0
522,Livalo,correct drug name,BN,high,multi,522,0,Livalo,Livalo,livalo,BN,868,0.99999964,0.99999964,0.99999964,1,0.1326659,0.1326659,0.1326659,0,0.0,0.0,0.0,0,0.00162,0.00162,0.00162,0,0.00433,0.00433,0.00433,0
523,Pro-Stat Max,correct drug name,BN,high,multi,523,0,Pro-Stat Max,Pro-Stat Max,pro-stat max,BN,888,0.99999952,0.99999952,0.99999952,1,0.4171041,0.4171041,0.4171041,1,1.0,4.0,1.0,1,0.00276,0.00276,0.00276,0,0.00031,0.00031,0.00031,0
524,"ceftriaxone in dextrose,iso-os",correct drug name,IN,high,multi,524,0,"ceftriaxone in dextrose,iso-os","ceftriaxone in dextrose,iso-os","ceftriaxone in dextrose,iso-os",IN,891,2.402e-05,2.402e-05,2.402e-05,0,0.56372344,0.56372344,0.56372344,1,1.0,0.0,0.0,1,0.00142,0.00142,0.00142,0,0.70071,0.70071,0.70071,1
525,Admelog SoloStar U-100 Insulin,correct drug name,"BN,IN",high,multi,525,0,Admelog SoloStar U-100 Insulin,Admelog SoloStar U-100 Insulin,admelog solostar u-100 insulin,"BN, IN",894,0.5626182,0.5626182,0.5626182,1,0.37550542,0.37550542,0.37550542,0,1.0,1.0,0.25,1,0.00157,0.00157,0.00157,0,0.00038,0.00038,0.00038,0
526,ginkgo biloba,correct drug name,IN,high,multi,526,0,ginkgo biloba,ginkgo biloba,ginkgo biloba,IN,894,0.00064132,0.00064132,0.00064132,0,0.02536373,0.02536373,0.02536373,0,0.0,0.0,0.0,0,0.01509,0.01509,0.01509,0,0.00026,0.00026,0.00026,0
527,Oyster Shell,correct drug name,IN,high,multi,527,0,Oyster Shell,Oyster Shell,oyster shell,IN,896,1.15e-06,1.15e-06,1.15e-06,0,0.25778005,0.25778005,0.25778005,0,0.0,0.0,0.0,0,0.0003,0.0003,0.0003,0,0.00029,0.00029,0.00029,0
528,Double Antibiotic,correct drug name,BN,high,multi,528,0,Double Antibiotic,Double Antibiotic,double antibiotic,BN,905,0.99999928,0.99999928,0.99999928,1,0.36965984,0.36965984,0.36965984,0,0.0,0.0,0.0,0,0.00034,0.00034,0.00034,0,0.00054,0.00054,0.00054,0
529,ASPIRIN EC 81 MG TABLET,correct drug name,"BN,IN",high,multi,529,0,ASPIRIN EC 81 MG TABLET,ASPIRIN EC 81 MG TABLET,aspirin ec 81 mg tablet,"BN, IN",906,1.729e-05,1.729e-05,1.729e-05,0,0.31639072,0.31639072,0.31639072,0,0.0,0.0,0.0,0,0.00414,0.00414,0.00414,0,0.00515,0.00515,0.00515,0
530,Artificial Saliva,correct drug name,IN,high,multi,530,0,Artificial Saliva,Artificial Saliva,artificial saliva,IN,907,0.99999988,0.99999988,0.99999988,1,0.49211547,0.49211547,0.49211547,1,0.0,0.0,0.0,0,0.0002,0.0002,0.0002,0,0.00025,0.00025,0.00025,0
531,Citracal + D Maximum,correct drug name,"BN,IN",high,multi,531,0,Citracal + D Maximum,Citracal + D Maximum,citracal + d maximum,"BN, IN",910,0.02743845,0.02743845,0.02743845,0,0.47386834,0.47386834,0.47386834,1,0.0,0.0,0.0,0,0.01438,0.01438,0.01438,0,0.00078,0.00078,0.00078,0
532,Oyster Calcium/D3,correct drug name,IN,high,multi,532,0,Oyster Calcium/D3,Oyster Calcium/D3,oyster calcium/d3,IN,915,0.01834639,0.01834639,0.01834639,0,0.30877522,0.30877522,0.30877522,0,1.0,3.0,0.75,1,0.00751,0.00751,0.00751,0,0.001,0.001,0.001,0
533,Robitussin Cold Cough+ Chest,correct drug name,"BN,IN",high,multi,533,0,Robitussin Cold Cough+ Chest,Robitussin Cold Cough+ Chest,robitussin cold cough+ chest,"BN, IN",919,0.99997401,0.99997401,0.99997401,1,0.29160854,0.29160854,0.29160854,0,1.0,2.0,0.5,1,0.00036,0.00036,0.00036,0,0.00026,0.00026,0.00026,0
534,Methyl Salicylate,correct drug name,IN,high,multi,534,0,Methyl Salicylate,Methyl Salicylate,methyl salicylate,IN,921,0.00371667,0.00371667,0.00371667,0,0.06980061,0.06980061,0.06980061,0,0.0,0.0,0.0,0,0.00026,0.00026,0.00026,0,0.00056,0.00056,0.00056,0
535,Rasagiline Mesylate,correct drug name,IN,high,multi,535,0,Rasagiline Mesylate,Rasagiline Mesylate,rasagiline mesylate,IN,927,3.24e-06,3.24e-06,3.24e-06,0,0.0259373,0.0259373,0.0259373,0,0.0,0.0,0.0,0,0.00119,0.00119,0.00119,0,0.00025,0.00025,0.00025,0
536,Gentle Laxative,correct drug name,BN,high,multi,536,0,Gentle Laxative,Gentle Laxative,gentle laxative,BN,930,0.99999845,0.99999845,0.99999845,1,0.33214149,0.33214149,0.33214149,0,0.0,0.0,0.0,0,0.00024,0.00024,0.00024,0,0.0004,0.0004,0.0004,0
537,Aspercreme/Aloe,correct drug name,BN,high,multi,537,0,Aspercreme/Aloe,Aspercreme/Aloe,aspercreme/aloe,BN,932,0.99999988,0.99999988,0.99999988,1,0.70772719,0.70772719,0.70772719,1,1.0,0.0,0.0,1,0.00066,0.00066,0.00066,0,0.02406,0.02406,0.02406,0
538,Pamelor,correct drug name,BN,high,multi,538,0,Pamelor,Pamelor,pamelor,BN,941,1.14e-06,1.14e-06,1.14e-06,0,0.2606369,0.2606369,0.2606369,0,0.0,0.0,0.0,0,0.00456,0.00456,0.00456,0,0.00474,0.00474,0.00474,0
539,Invega,correct drug name,BN,high,multi,539,0,Invega,Invega,invega,BN,942,3.81e-06,3.81e-06,3.81e-06,0,0.16315699,0.16315699,0.16315699,0,0.0,0.0,0.0,0,0.003,0.003,0.003,0,0.14792,0.14792,0.14792,0
540,Cheratussin AC,correct drug name,BN,high,multi,540,0,Cheratussin AC,Cheratussin AC,cheratussin ac,BN,949,0.99998164,0.99998164,0.99998164,1,0.44880909,0.44880909,0.44880909,1,0.0,0.0,0.0,0,0.5894,0.5894,0.5894,1,0.46111,0.46111,0.46111,0
541,calcipotriene,correct drug name,IN,high,multi,541,0,calcipotriene,calcipotriene,calcipotriene,IN,951,0.00013161,0.00013161,0.00013161,0,0.231326,0.231326,0.231326,0,0.0,0.0,0.0,0,0.00103,0.00103,0.00103,0,0.00045,0.00045,0.00045,0
542,Multivitamin Men 50+,correct drug name,IN,high,multi,542,0,Multivitamin Men 50+,Multivitamin Men 50+,multivitamin men 50+,IN,954,0.27395296,0.27395296,0.27395296,1,0.33081326,0.33081326,0.33081326,0,0.0,0.0,0.0,0,0.09167,0.09167,0.09167,0,0.64294,0.64294,0.64294,1
543,Anbesol,correct drug name,BN,high,multi,543,0,Anbesol,Anbesol,anbesol,BN,955,1.093e-05,1.093e-05,1.093e-05,0,0.20049796,0.20049796,0.20049796,0,0.0,0.0,0.0,0,0.0004,0.0004,0.0004,0,0.00096,0.00096,0.00096,0
544,Ayr Saline,correct drug name,"BN,IN",high,multi,544,0,Ayr Saline,Ayr Saline,ayr saline,"BN, IN",957,4.769e-05,4.769e-05,4.769e-05,0,0.56701148,0.56701148,0.56701148,1,0.0,0.0,0.0,0,0.00149,0.00149,0.00149,0,0.00052,0.00052,0.00052,0
545,Glucose Blood,correct drug name,IN,high,multi,545,0,Glucose Blood,Glucose Blood,glucose blood,IN,957,0.99999881,0.99999881,0.99999881,1,0.37637627,0.37637627,0.37637627,0,0.0,0.0,0.0,0,0.00057,0.00057,0.00057,0,0.00086,0.00086,0.00086,0
546,Naphcon-A,correct drug name,BN,high,multi,546,0,Naphcon-A,Naphcon-A,naphcon-a,BN,960,0.02323064,0.02323064,0.02323064,0,0.32656282,0.32656282,0.32656282,0,1.0,3.0,0.75,1,0.01418,0.01418,0.01418,0,0.99965,0.99965,0.99965,1
547,tetracycline,correct drug name,IN,high,multi,547,0,tetracycline,tetracycline,tetracycline,IN,960,7.35e-06,7.35e-06,7.35e-06,0,0.29177028,0.29177028,0.29177028,0,0.0,0.0,0.0,0,0.00032,0.00032,0.00032,0,0.00084,0.00084,0.00084,0
548,Cough Syrup,correct drug name,BN,high,multi,548,0,Cough Syrup,Cough Syrup,cough syrup,BN,966,0.99999976,0.99999976,0.99999976,1,0.46814314,0.46814314,0.46814314,1,0.0,0.0,0.0,0,0.00058,0.00058,0.00058,0,0.00169,0.00169,0.00169,0
549,SM Vitamin D3,correct drug name,BN,high,multi,549,0,SM Vitamin D3,SM Vitamin D3,sm vitamin d3,BN,967,0.01546489,0.01546489,0.01546489,0,0.62383956,0.62383956,0.62383956,1,0.0,0.0,0.0,0,0.92917,0.92917,0.92917,1,0.86266,0.86266,0.86266,1
550,Multilex,correct drug name,BN,high,multi,550,0,Multilex,Multilex,multilex,BN,971,3.61e-06,3.61e-06,3.61e-06,0,0.26841861,0.26841861,0.26841861,0,0.0,0.0,0.0,0,0.00045,0.00045,0.00045,0,0.00044,0.00044,0.00044,0
551,Denosumab,correct drug name,IN,high,multi,551,0,Denosumab,Denosumab,denosumab,IN,971,1.208e-05,1.208e-05,1.208e-05,0,0.08386721,0.08386721,0.08386721,0,0.0,0.0,0.0,0,0.01293,0.01293,0.01293,0,0.00031,0.00031,0.00031,0
552,Pen Needles,correct non-drug name,IN,high,multi,552,0,Pen Needles,Pen Needles,pen needles,IN,975,0.99998057,0.99998057,0.99998057,1,0.46644399,0.46644399,0.46644399,1,0.0,0.0,0.0,0,0.00193,0.00193,0.00193,0,0.15688,0.15688,0.15688,0
553,Buprenorphine HCl-Naloxone HCl,correct drug name,IN,high,multi,553,0,Buprenorphine HCl-Naloxone HCl,Buprenorphine HCl-Naloxone HCl,buprenorphine hcl-naloxone hcl,IN,980,0.99999988,0.99999988,0.99999988,1,0.04859542,0.04859542,0.04859542,0,1.0,0.0,0.0,1,0.00114,0.00114,0.00114,0,0.00081,0.00081,0.00081,0
554,Cortef,correct drug name,BN,high,multi,554,0,Cortef,Cortef,cortef,BN,986,0.00022042,0.00022042,0.00022042,0,0.20575762,0.20575762,0.20575762,0,0.0,0.0,0.0,0,0.00159,0.00159,0.00159,0,0.00058,0.00058,0.00058,0
555,MULTIVITAMIN TABLET,correct drug name,IN,high,multi,555,0,MULTIVITAMIN TABLET,MULTIVITAMIN TABLET,multivitamin tablet,IN,1002,1.889e-05,1.889e-05,1.889e-05,0,0.32555938,0.32555938,0.32555938,0,0.0,0.0,0.0,0,0.00047,0.00047,0.00047,0,0.00026,0.00026,0.00026,0
556,Thera Vitamin,correct drug name,"BN,IN",high,multi,556,0,Thera Vitamin,Thera Vitamin,thera vitamin,"BN, IN",1002,0.99999976,0.99999976,0.99999976,1,0.32448959,0.32448959,0.32448959,0,0.0,0.0,0.0,0,0.01292,0.01292,0.01292,0,0.00052,0.00052,0.00052,0
557,Petroleum Jelly,correct drug name,BN,high,multi,557,0,Petroleum Jelly,Petroleum Jelly,petroleum jelly,BN,1009,0.99916673,0.99916673,0.99916673,1,0.37907502,0.37907502,0.37907502,0,0.0,0.0,0.0,0,0.00049,0.00049,0.00049,0,0.00041,0.00041,0.00041,0
558,Prasugrel HCl,correct drug name,IN,high,multi,558,0,Prasugrel HCl,Prasugrel HCl,prasugrel hcl,IN,1014,0.99999905,0.99999905,0.99999905,1,0.07480418,0.07480418,0.07480418,0,0.0,0.0,0.0,0,0.00021,0.00021,0.00021,0,0.00041,0.00041,0.00041,0
559,Diovan HCT,correct drug name,BN,high,multi,559,0,Diovan HCT,Diovan HCT,diovan hct,BN,1015,9.612e-05,9.612e-05,9.612e-05,0,0.28049514,0.28049514,0.28049514,0,0.0,0.0,0.0,0,0.00213,0.00213,0.00213,0,0.00272,0.00272,0.00272,0
560,Humulin 70/30 U-100 Insulin,correct drug name,"BN,IN",high,multi,560,0,Humulin 70/30 U-100 Insulin,Humulin 70/30 U-100 Insulin,humulin 70/30 u-100 insulin,"BN, IN",1015,0.99957663,0.99957663,0.99957663,1,0.27795565,0.27795565,0.27795565,0,1.0,1.0,0.25,1,0.19085,0.19085,0.19085,0,0.00104,0.00104,0.00104,0
561,Lopid,correct drug name,BN,high,multi,561,0,Lopid,Lopid,lopid,BN,1015,6.96e-06,6.96e-06,6.96e-06,0,0.09735893,0.09735893,0.09735893,0,0.0,0.0,0.0,0,0.00134,0.00134,0.00134,0,0.00137,0.00137,0.00137,0
562,Enema Bottle,correct non-drug name,IN,high,multi,562,0,Enema Bottle,Enema Bottle,enema bottle,IN,1020,0.99957937,0.99957937,0.99957937,1,0.31166923,0.31166923,0.31166923,0,0.0,0.0,0.0,0,0.00066,0.00066,0.00066,0,0.00036,0.00036,0.00036,0
563,Ciclopirox Olamine,correct drug name,IN,high,multi,563,0,Ciclopirox Olamine,Ciclopirox Olamine,ciclopirox olamine,IN,1031,0.27779034,0.27779034,0.27779034,1,0.03369291,0.03369291,0.03369291,0,0.0,0.0,0.0,0,0.00046,0.00046,0.00046,0,0.00152,0.00152,0.00152,0
564,OcuSoft Lid Scrub Plus,correct drug name,"BN,IN",high,multi,564,0,OcuSoft Lid Scrub Plus,OcuSoft Lid Scrub Plus,ocusoft lid scrub plus,"BN, IN",1033,0.99999988,0.99999988,0.99999988,1,0.43230468,0.43230468,0.43230468,1,1.0,3.0,0.75,1,0.99916,0.99916,0.99916,1,0.99917,0.99917,0.99917,1
565,magic mouthwash,correct drug name,"BN,IN",high,multi,565,0,magic mouthwash,magic mouthwash,magic mouthwash,"BN, IN",1034,1.49e-06,1.49e-06,1.49e-06,0,0.27016798,0.27016798,0.27016798,0,0.0,0.0,0.0,0,0.0003,0.0003,0.0003,0,0.00038,0.00038,0.00038,0
566,dapsone,correct drug name,IN,high,multi,566,0,dapsone,dapsone,dapsone,IN,1036,0.00076675,0.00076675,0.00076675,0,0.11194471,0.11194471,0.11194471,0,0.0,0.0,0.0,0,0.00071,0.00071,0.00071,0,0.0011,0.0011,0.0011,0
567,Rybelsus,correct drug name,BN,high,multi,567,0,Rybelsus,Rybelsus,rybelsus,BN,1036,0.99999928,0.99999928,0.99999928,1,0.70772719,0.70772719,0.70772719,1,0.0,0.0,0.0,0,0.98307,0.98307,0.98307,1,0.99904,0.99904,0.99904,1
568,Flucelvax Quad 2020-2021 (flu vac qs 2020-21(4 yr up) cd),correct drug name,"BN,IN",high,multi,568,0,Flucelvax Quad 2020-2021 (flu vac qs 2020-21(4 yr up) cd),Flucelvax Quad 2020-2021 (flu vac qs 2020-21(4 yr up) cd),flucelvax quad 2020-2021 (flu vac qs 2020-21(4 yr up) cd),"BN, IN",1037,0.99999988,0.99999988,0.99999988,1,0.64933473,0.64933473,0.64933473,1,1.0,2.0,0.5,1,0.37956,0.37956,0.37956,0,0.9989,0.9989,0.9989,1
570,Novolin N FlexPen,correct drug name,BN,high,multi,570,0,Novolin N FlexPen,Novolin N FlexPen,novolin n flexpen,BN,1050,0.99999988,0.99999988,0.99999988,1,0.17796068,0.17796068,0.17796068,0,0.0,0.0,0.0,0,0.00058,0.00058,0.00058,0,0.00037,0.00037,0.00037,0
571,Spacer/Aero-Holding Chambers,correct non-drug name,BN,high,multi,571,0,Spacer/Aero-Holding Chambers,Spacer/Aero-Holding Chambers,spacer/aero-holding chambers,BN,1050,0.60242128,0.60242128,0.60242128,1,0.42021662,0.42021662,0.42021662,1,1.0,0.0,0.0,1,0.00031,0.00031,0.00031,0,0.00064,0.00064,0.00064,0
572,Trihexyphenidyl HCl,correct drug name,IN,high,multi,572,0,Trihexyphenidyl HCl,Trihexyphenidyl HCl,trihexyphenidyl hcl,IN,1051,0.9999994,0.9999994,0.9999994,1,0.06040648,0.06040648,0.06040648,0,0.0,0.0,0.0,0,0.0011,0.0011,0.0011,0,0.00048,0.00048,0.00048,0
573,Neupro,correct drug name,BN,high,multi,573,0,Neupro,Neupro,neupro,BN,1055,0.41573173,0.41573173,0.41573173,1,0.07029352,0.07029352,0.07029352,0,1.0,2.0,0.5,1,0.99161,0.99161,0.99161,1,0.99686,0.99686,0.99686,1
574,Ezetimibe-Simvastatin,correct drug name,BN,high,multi,574,0,Ezetimibe-Simvastatin,Ezetimibe-Simvastatin,ezetimibe-simvastatin,BN,1058,0.24811414,0.24811414,0.24811414,1,0.11509114,0.11509114,0.11509114,0,0.0,0.0,0.0,0,0.00189,0.00189,0.00189,0,0.10827,0.10827,0.10827,0
575,Glucerna 1.5 Cal,correct drug name,BN,high,multi,575,0,Glucerna 1.5 Cal,Glucerna 1.5 Cal,glucerna 1.5 cal,BN,1059,0.99999905,0.99999905,0.99999905,1,0.39882767,0.39882767,0.39882767,1,0.0,0.0,0.0,0,0.02822,0.02822,0.02822,0,0.00785,0.00785,0.00785,0
576,Naloxegol Oxalate,correct drug name,IN,high,multi,576,0,Naloxegol Oxalate,Naloxegol Oxalate,naloxegol oxalate,IN,1059,0.00048755,0.00048755,0.00048755,0,0.12626608,0.12626608,0.12626608,0,0.0,0.0,0.0,0,0.00149,0.00149,0.00149,0,0.03521,0.03521,0.03521,0
577,oxymetazoline,correct drug name,IN,high,multi,577,0,oxymetazoline,oxymetazoline,oxymetazoline,IN,1061,2.555e-05,2.555e-05,2.555e-05,0,0.21986026,0.21986026,0.21986026,0,0.0,0.0,0.0,0,0.00084,0.00084,0.00084,0,0.00043,0.00043,0.00043,0
578,Lactaid,correct drug name,BN,high,multi,578,0,Lactaid,Lactaid,lactaid,BN,1065,0.99999905,0.99999905,0.99999905,1,0.38518983,0.38518983,0.38518983,1,0.0,0.0,0.0,0,0.0007,0.0007,0.0007,0,0.0257,0.0257,0.0257,0
579,Centrum Silver 50+Men,correct drug name,"BN,IN",high,multi,579,0,Centrum Silver 50+Men,Centrum Silver 50+Men,centrum silver 50+men,"BN, IN",1066,0.99999785,0.99999785,0.99999785,1,0.46712118,0.46712118,0.46712118,1,1.0,0.0,0.0,1,0.01048,0.01048,0.01048,0,0.1383,0.1383,0.1383,0
580,HumaLOG Mix 75/25,correct drug name,BN,high,multi,580,0,HumaLOG Mix 75/25,HumaLOG Mix 75/25,humalog mix 75/25,BN,1067,0.00012716,0.00012716,0.00012716,0,0.52160734,0.52160734,0.52160734,1,0.0,0.0,0.0,0,0.42984,0.42984,0.42984,0,0.04904,0.04904,0.04904,0
581,propafenone,correct drug name,IN,high,multi,581,0,propafenone,propafenone,propafenone,IN,1075,7.5e-07,7.5e-07,7.5e-07,0,0.09981295,0.09981295,0.09981295,0,0.0,0.0,0.0,0,0.00084,0.00084,0.00084,0,0.00079,0.00079,0.00079,0
582,Aquaphor Advanced Therapy,correct drug name,"BN,IN",high,multi,582,0,Aquaphor Advanced Therapy,Aquaphor Advanced Therapy,aquaphor advanced therapy,"BN, IN",1080,0.99999976,0.99999976,0.99999976,1,0.3353675,0.3353675,0.3353675,0,0.0,0.0,0.0,0,0.00021,0.00021,0.00021,0,0.00035,0.00035,0.00035,0
583,Vitamin B-Complex,correct drug name,"BN,IN",high,multi,583,0,Vitamin B-Complex,Vitamin B-Complex,vitamin b-complex,"BN, IN",1085,0.92140001,0.92140001,0.92140001,1,0.38515952,0.38515952,0.38515952,1,0.0,0.0,0.0,0,0.00058,0.00058,0.00058,0,0.00024,0.00024,0.00024,0
584,Vitamin B 12,correct drug name,IN,high,multi,584,0,Vitamin B 12,Vitamin B 12,vitamin b 12,IN,1089,0.99999976,0.99999976,0.99999976,1,0.51975971,0.51975971,0.51975971,1,0.0,0.0,0.0,0,0.06052,0.06052,0.06052,0,0.00052,0.00052,0.00052,0
586,Urecholine,correct drug name,BN,high,multi,586,0,Urecholine,Urecholine,urecholine,BN,1096,4.939e-05,4.939e-05,4.939e-05,0,0.228477,0.228477,0.228477,0,0.0,0.0,0.0,0,0.00043,0.00043,0.00043,0,0.01097,0.01097,0.01097,0
587,Caltrate with Vitamin D3,correct drug name,"BN,IN",high,multi,587,0,Caltrate with Vitamin D3,Caltrate with Vitamin D3,caltrate with vitamin d3,"BN, IN",1099,0.99999952,0.99999952,0.99999952,1,0.40693033,0.40693033,0.40693033,1,0.0,0.0,0.0,0,0.00581,0.00581,0.00581,0,0.00027,0.00027,0.00027,0
588,Alpha-Lipoic Acid,correct drug name,IN,high,multi,588,0,Alpha-Lipoic Acid,Alpha-Lipoic Acid,alpha-lipoic acid,IN,1100,0.99999964,0.99999964,0.99999964,1,0.12105805,0.12105805,0.12105805,0,0.0,0.0,0.0,0,0.0002,0.0002,0.0002,0,0.00023,0.00023,0.00023,0
589,EMLA,correct drug name,BN,high,multi,589,0,EMLA,EMLA,emla,BN,1102,1.74e-06,1.74e-06,1.74e-06,0,0.26179567,0.26179567,0.26179567,0,0.0,0.0,0.0,0,0.9445,0.9445,0.9445,1,0.00217,0.00217,0.00217,0
590,B12 Active (mecobalamin (vitamin b12)),correct drug name,IN,high,multi,590,0,B12 Active (mecobalamin (vitamin b12)),B12 Active (mecobalamin (vitamin b12)),b12 active (mecobalamin (vitamin b12)),IN,1105,0.89516175,0.89516175,0.89516175,1,0.52216047,0.52216047,0.52216047,1,1.0,3.0,0.75,1,0.99962,0.99962,0.99962,1,0.99872,0.99872,0.99872,1
591,Centrum Silver Ultra Men's,correct drug name,BN,high,multi,591,0,Centrum Silver Ultra Men's,Centrum Silver Ultra Men's,centrum silver ultra men's,BN,1106,0.99999857,0.99999857,0.99999857,1,0.18710928,0.18710928,0.18710928,0,0.0,0.0,0.0,0,0.0002,0.0002,0.0002,0,0.0003,0.0003,0.0003,0
592,Selenium,correct drug name,IN,high,multi,592,0,Selenium,Selenium,selenium,IN,1119,4.23e-06,4.23e-06,4.23e-06,0,0.53065467,0.53065467,0.53065467,1,0.0,0.0,0.0,0,0.00032,0.00032,0.00032,0,0.0005,0.0005,0.0005,0
593,Tucks (witch hazel),correct drug name,"BN,IN",high,multi,593,0,Tucks (witch hazel),Tucks (witch hazel),tucks (witch hazel),"BN, IN",1119,7.74e-06,7.74e-06,7.74e-06,0,0.62580806,0.62580806,0.62580806,1,1.0,2.0,0.5,1,0.00041,0.00041,0.00041,0,0.00046,0.00046,0.00046,0
594,Atovaquone,correct drug name,IN,high,multi,594,0,Atovaquone,Atovaquone,atovaquone,IN,1122,1.41e-06,1.41e-06,1.41e-06,0,0.25038245,0.25038245,0.25038245,0,0.0,0.0,0.0,0,0.00164,0.00164,0.00164,0,0.00104,0.00104,0.00104,0
595,Ferrex 150 Forte,correct drug name,BN,high,multi,595,0,Ferrex 150 Forte,Ferrex 150 Forte,ferrex 150 forte,BN,1123,0.46826699,0.46826699,0.46826699,1,0.17126845,0.17126845,0.17126845,0,0.0,0.0,0.0,0,0.00067,0.00067,0.00067,0,0.00154,0.00154,0.00154,0
596,Cranberry Concentrate,correct drug name,IN,high,multi,596,0,Cranberry Concentrate,Cranberry Concentrate,cranberry concentrate,IN,1125,5.406e-05,5.406e-05,5.406e-05,0,0.23991141,0.23991141,0.23991141,0,0.0,0.0,0.0,0,0.0004,0.0004,0.0004,0,0.0003,0.0003,0.0003,0
597,quinapril,correct drug name,IN,high,multi,597,0,quinapril,quinapril,quinapril,IN,1126,2.554e-05,2.554e-05,2.554e-05,0,0.1493707,0.1493707,0.1493707,0,0.0,0.0,0.0,0,0.00033,0.00033,0.00033,0,0.00411,0.00411,0.00411,0
599,Citrucel,correct drug name,BN,high,multi,599,0,Citrucel,Citrucel,citrucel,BN,1132,0.06852874,0.06852874,0.06852874,0,0.23900881,0.23900881,0.23900881,0,0.0,0.0,0.0,0,0.00067,0.00067,0.00067,0,0.00051,0.00051,0.00051,0
602,Fiorinal,correct drug name,BN,high,multi,602,0,Fiorinal,Fiorinal,fiorinal,BN,1145,0.0002185,0.0002185,0.0002185,0,0.160313,0.160313,0.160313,0,0.0,0.0,0.0,0,0.00112,0.00112,0.00112,0,0.00126,0.00126,0.00126,0
603,Senna Laxative-Stool Softener,correct drug name,"BN,IN",high,multi,603,0,Senna Laxative-Stool Softener,Senna Laxative-Stool Softener,senna laxative-stool softener,"BN, IN",1153,0.99999988,0.99999988,0.99999988,1,0.22391756,0.22391756,0.22391756,0,1.0,0.0,0.0,1,0.00019,0.00019,0.00019,0,0.00022,0.00022,0.00022,0
605,Novolin 70-30 FlexPen U-100,correct drug name,"BN,IN",high,multi,605,0,Novolin 70-30 FlexPen U-100,Novolin 70-30 FlexPen U-100,novolin 70-30 flexpen u-100,"BN, IN",1162,0.99998784,0.99998784,0.99998784,1,0.20156427,0.20156427,0.20156427,0,1.0,2.0,0.5,1,0.03282,0.03282,0.03282,0,0.21494,0.21494,0.21494,0
606,Fiber-Lax,correct drug name,BN,high,multi,606,0,Fiber-Lax,Fiber-Lax,fiber-lax,BN,1171,3.252e-05,3.252e-05,3.252e-05,0,0.40638378,0.40638378,0.40638378,1,1.0,3.0,0.75,1,0.00036,0.00036,0.00036,0,0.00042,0.00042,0.00042,0
607,Desvenlafaxine ER,correct drug name,IN,high,multi,607,0,Desvenlafaxine ER,Desvenlafaxine ER,desvenlafaxine er,IN,1172,0.01257445,0.01257445,0.01257445,0,0.42382565,0.42382565,0.42382565,1,0.0,0.0,0.0,0,0.00285,0.00285,0.00285,0,0.0006,0.0006,0.0006,0
608,Mephyton (phytonadione (vitamin k1)),correct drug name,"BN,IN",high,multi,608,0,Mephyton (phytonadione (vitamin k1)),Mephyton (phytonadione (vitamin k1)),mephyton (phytonadione (vitamin k1)),"BN, IN",1184,0.99975401,0.99975401,0.99975401,1,0.266543,0.266543,0.266543,0,1.0,2.0,0.5,1,0.89635,0.89635,0.89635,1,0.9929,0.9929,0.9929,1
609,Tudorza Pressair,correct drug name,BN,high,multi,609,0,Tudorza Pressair,Tudorza Pressair,tudorza pressair,BN,1199,0.0002909,0.0002909,0.0002909,0,0.62353182,0.62353182,0.62353182,1,1.0,6.0,1.0,1,0.99613,0.99613,0.99613,1,0.97922,0.97922,0.97922,1
610,Preparation H Hydrocortisone,correct drug name,BN,high,multi,610,0,Preparation H Hydrocortisone,Preparation H Hydrocortisone,preparation h hydrocortisone,BN,1199,0.9979443,0.9979443,0.9979443,1,0.328899,0.328899,0.328899,0,0.0,0.0,0.0,0,0.00447,0.00447,0.00447,0,0.00047,0.00047,0.00047,0
611,Claritin-D 24 Hour,correct drug name,BN,high,multi,611,0,Claritin-D 24 Hour,Claritin-D 24 Hour,claritin-d 24 hour,BN,1201,0.93207234,0.93207234,0.93207234,1,0.40232933,0.40232933,0.40232933,1,0.0,0.0,0.0,0,0.00254,0.00254,0.00254,0,0.00061,0.00061,0.00061,0
612,PreserVision AREDS 2+Multi Vit,correct drug name,"BN,IN",high,multi,612,0,PreserVision AREDS 2+Multi Vit,PreserVision AREDS 2+Multi Vit,preservision areds 2+multi vit,"BN, IN",1204,0.9999938,0.9999938,0.9999938,1,0.24827698,0.24827698,0.24827698,0,1.0,3.0,0.75,1,0.16797,0.16797,0.16797,0,0.00217,0.00217,0.00217,0
613,Robitussin Mucus+Chest Congest,correct drug name,BN,high,multi,613,0,Robitussin Mucus+Chest Congest,Robitussin Mucus+Chest Congest,robitussin mucus+chest congest,BN,1207,0.99988949,0.99988949,0.99988949,1,0.47269309,0.47269309,0.47269309,1,1.0,0.0,0.0,1,0.00052,0.00052,0.00052,0,0.0003,0.0003,0.0003,0
614,Liraglutide,correct drug name,IN,high,multi,614,0,Liraglutide,Liraglutide,liraglutide,IN,1208,8.358e-05,8.358e-05,8.358e-05,0,0.11153858,0.11153858,0.11153858,0,0.0,0.0,0.0,0,0.00113,0.00113,0.00113,0,0.00183,0.00183,0.00183,0
615,Camphor-Menthol,correct drug name,IN,high,multi,615,0,Camphor-Menthol,Camphor-Menthol,camphor-menthol,IN,1210,0.05902747,0.05902747,0.05902747,0,0.34645686,0.34645686,0.34645686,0,1.0,4.0,1.0,1,0.00204,0.00204,0.00204,0,0.00031,0.00031,0.00031,0
616,medroxyPROGESTERone Acetate,correct drug name,IN,high,multi,616,0,medroxyPROGESTERone Acetate,medroxyPROGESTERone Acetate,medroxyprogesterone acetate,IN,1211,0.99999869,0.99999869,0.99999869,1,0.05891577,0.05891577,0.05891577,0,0.0,0.0,0.0,0,0.00224,0.00224,0.00224,0,0.00063,0.00063,0.00063,0
617,Stress Formula/Zinc,correct drug name,BN,high,multi,617,0,Stress Formula/Zinc,Stress Formula/Zinc,stress formula/zinc,BN,1215,0.99999428,0.99999428,0.99999428,1,0.57400692,0.57400692,0.57400692,1,1.0,0.0,0.0,1,0.00057,0.00057,0.00057,0,0.00038,0.00038,0.00038,0
618,High Potency Multivit-Multimin,correct short drug name,IN,high,multi,618,0,High Potency Multivit-Multimin,High Potency Multivit-Multimin,high potency multivit-multimin,IN,1215,0.00707406,0.00707406,0.00707406,0,0.4565067,0.4565067,0.4565067,1,1.0,0.0,0.0,1,0.00076,0.00076,0.00076,0,0.00439,0.00439,0.00439,0
619,Folbic,correct drug name,BN,high,multi,619,0,Folbic,Folbic,folbic,BN,1220,0.99999964,0.99999964,0.99999964,1,0.40106931,0.40106931,0.40106931,1,0.0,0.0,0.0,0,0.0011,0.0011,0.0011,0,0.0004,0.0004,0.0004,0
620,Delsym,correct drug name,BN,high,multi,620,0,Delsym,Delsym,delsym,BN,1235,2.822e-05,2.822e-05,2.822e-05,0,0.31271654,0.31271654,0.31271654,0,0.0,0.0,0.0,0,0.00054,0.00054,0.00054,0,0.00032,0.00032,0.00032,0
621,Rapaflo,correct drug name,BN,high,multi,621,0,Rapaflo,Rapaflo,rapaflo,BN,1236,7.04e-06,7.04e-06,7.04e-06,0,0.15585658,0.15585658,0.15585658,0,0.0,0.0,0.0,0,0.99932,0.99932,0.99932,1,0.99973,0.99973,0.99973,1
622,Neomycin-Bacitracin-Polymyxin,correct drug name,IN,high,multi,622,0,Neomycin-Bacitracin-Polymyxin,Neomycin-Bacitracin-Polymyxin,neomycin-bacitracin-polymyxin,IN,1255,0.02694663,0.02694663,0.02694663,0,0.11036792,0.11036792,0.11036792,0,1.0,0.0,0.0,1,0.00156,0.00156,0.00156,0,0.16651,0.16651,0.16651,0
623,Arimidex,correct drug name,BN,high,multi,623,0,Arimidex,Arimidex,arimidex,BN,1261,7.31e-06,7.31e-06,7.31e-06,0,0.09609025,0.09609025,0.09609025,0,0.0,0.0,0.0,0,0.00152,0.00152,0.00152,0,0.00036,0.00036,0.00036,0
624,Isosource 1.5 Cal,correct drug name,IN,high,multi,624,0,Isosource 1.5 Cal,Isosource 1.5 Cal,isosource 1.5 cal,IN,1265,0.99999809,0.99999809,0.99999809,1,0.35526836,0.35526836,0.35526836,0,0.0,0.0,0.0,0,0.00827,0.00827,0.00827,0,0.00163,0.00163,0.00163,0
625,eplerenone,correct drug name,IN,high,multi,625,0,eplerenone,eplerenone,eplerenone,IN,1274,2.27e-06,2.27e-06,2.27e-06,0,0.22673993,0.22673993,0.22673993,0,0.0,0.0,0.0,0,0.00146,0.00146,0.00146,0,0.01443,0.01443,0.01443,0
626,Aspercreme (lidocaine HCl),correct drug name,"BN,IN",high,multi,626,0,Aspercreme (lidocaine HCl),Aspercreme (lidocaine HCl),aspercreme (lidocaine hcl),"BN, IN",1276,0.9674809,0.9674809,0.9674809,1,0.38627404,0.38627404,0.38627404,1,1.0,4.0,1.0,1,0.00096,0.00096,0.00096,0,0.02908,0.02908,0.02908,0
627,Tobramycin-dexAMETHasone,correct drug name,IN,high,multi,627,0,Tobramycin-dexAMETHasone,Tobramycin-dexAMETHasone,tobramycin-dexamethasone,IN,1280,0.01366598,0.01366598,0.01366598,0,0.1347993,0.1347993,0.1347993,0,1.0,0.0,0.0,1,0.00052,0.00052,0.00052,0,0.00031,0.00031,0.00031,0
628,Regen-COV,correct drug name,BN,high,multi,628,0,Regen-COV,Regen-COV,regen-cov,BN,1284,1.942e-05,1.942e-05,1.942e-05,0,0.70772719,0.70772719,0.70772719,1,0.0,0.0,0.0,0,0.00054,0.00054,0.00054,0,0.00077,0.00077,0.00077,0
629,Avapro,correct drug name,BN,high,multi,629,0,Avapro,Avapro,avapro,BN,1293,8.52e-06,8.52e-06,8.52e-06,0,0.07606225,0.07606225,0.07606225,0,0.0,0.0,0.0,0,0.00083,0.00083,0.00083,0,0.00059,0.00059,0.00059,0
630,pentoxifylline,correct drug name,IN,high,multi,630,0,pentoxifylline,pentoxifylline,pentoxifylline,IN,1297,0.0073008,0.0073008,0.0073008,0,0.11827762,0.11827762,0.11827762,0,0.0,0.0,0.0,0,0.00123,0.00123,0.00123,0,0.01384,0.01384,0.01384,0
631,Rytary,correct drug name,BN,high,multi,631,0,Rytary,Rytary,rytary,BN,1301,0.92866546,0.92866546,0.92866546,1,0.32722306,0.32722306,0.32722306,0,0.0,0.0,0.0,0,0.94135,0.94135,0.94135,1,0.99989,0.99989,0.99989,1
632,Multivitamin Men,correct drug name,IN,high,multi,632,0,Multivitamin Men,Multivitamin Men,multivitamin men,IN,1302,0.06985416,0.06985416,0.06985416,0,0.37604713,0.37604713,0.37604713,0,0.0,0.0,0.0,0,0.00076,0.00076,0.00076,0,0.00032,0.00032,0.00032,0
633,Xtampza ER,correct drug name,BN,high,multi,633,0,Xtampza ER,Xtampza ER,xtampza er,BN,1307,0.00055584,0.00055584,0.00055584,0,0.45030871,0.45030871,0.45030871,1,0.0,0.0,0.0,0,0.99812,0.99812,0.99812,1,0.9992,0.9992,0.9992,1
634,Preparation H Maximum Strength,correct drug name,BN,high,multi,634,0,Preparation H Maximum Strength,Preparation H Maximum Strength,preparation h maximum strength,BN,1311,0.01513318,0.01513318,0.01513318,0,0.33480757,0.33480757,0.33480757,0,0.0,0.0,0.0,0,0.53965,0.53965,0.53965,1,0.00028,0.00028,0.00028,0
635,Pepcid AC,correct drug name,BN,high,multi,635,0,Pepcid AC,Pepcid AC,pepcid ac,BN,1316,0.99986231,0.99986231,0.99986231,1,0.23566815,0.23566815,0.23566815,0,0.0,0.0,0.0,0,0.00095,0.00095,0.00095,0,0.00091,0.00091,0.00091,0
638,Hydrophor,correct drug name,BN,high,multi,638,0,Hydrophor,Hydrophor,hydrophor,BN,1319,0.99999928,0.99999928,0.99999928,1,0.36760926,0.36760926,0.36760926,0,0.0,0.0,0.0,0,0.00046,0.00046,0.00046,0,0.00062,0.00062,0.00062,0
639,Valproate Sodium,correct drug name,IN,high,multi,639,0,Valproate Sodium,Valproate Sodium,valproate sodium,IN,1322,0.00117397,0.00117397,0.00117397,0,0.11227638,0.11227638,0.11227638,0,0.0,0.0,0.0,0,0.00018,0.00018,0.00018,0,0.00028,0.00028,0.00028,0
640,Piperacillin-Tazobactam in Dex,correct drug name,IN,high,multi,640,0,Piperacillin-Tazobactam in Dex,Piperacillin-Tazobactam in Dex,piperacillin-tazobactam in dex,IN,1325,5.513e-05,5.513e-05,5.513e-05,0,0.36699775,0.36699775,0.36699775,0,0.0,0.0,0.0,0,0.00155,0.00155,0.00155,0,0.00037,0.00037,0.00037,0
641,Klor-Con Sprinkle,correct drug name,BN,high,multi,641,0,Klor-Con Sprinkle,Klor-Con Sprinkle,klor-con sprinkle,BN,1328,7.51e-06,7.51e-06,7.51e-06,0,0.15468401,0.15468401,0.15468401,0,0.0,0.0,0.0,0,0.00048,0.00048,0.00048,0,0.00033,0.00033,0.00033,0
643,"Xeroform Oil Emulsion 2""x2""",correct drug name,BN,high,multi,643,0,"Xeroform Oil Emulsion 2""x2""","Xeroform Oil Emulsion 2""x2""","xeroform oil emulsion 2""x2""",BN,1354,0.57020104,0.57020104,0.57020104,1,0.25414857,0.25414857,0.25414857,0,1.0,4.0,1.0,1,0.71256,0.71256,0.71256,1,0.90842,0.90842,0.90842,1
644,Bayer Aspirin,correct drug name,BN,high,multi,644,0,Bayer Aspirin,Bayer Aspirin,bayer aspirin,BN,1364,0.99999952,0.99999952,0.99999952,1,0.22553445,0.22553445,0.22553445,0,0.0,0.0,0.0,0,0.00041,0.00041,0.00041,0,0.00034,0.00034,0.00034,0
645,Flucelvax Quad 2018-2019 (PF) (flu vac qs 2018(4 yr up)cd(pf)),correct drug name,"BN,IN",high,multi,645,0,Flucelvax Quad 2018-2019 (PF) (flu vac qs 2018(4 yr up)cd(pf)),Flucelvax Quad 2018-2019 (PF) (flu vac qs 2018(4 yr up)cd(pf)),flucelvax quad 2018-2019 (pf) (flu vac qs 2018(4 yr up)cd(pf)),"BN, IN",1364,0.99999988,0.99999988,0.99999988,1,0.651411,0.651411,0.651411,1,1.0,1.0,0.25,1,0.99995,0.99995,0.99995,1,0.99974,0.99974,0.99974,1
646,Vancomycin HCl in Dextrose,correct drug name,IN,high,multi,646,0,Vancomycin HCl in Dextrose,Vancomycin HCl in Dextrose,vancomycin hcl in dextrose,IN,1365,0.99994695,0.99994695,0.99994695,1,0.25139266,0.25139266,0.25139266,0,0.0,0.0,0.0,0,0.00019,0.00019,0.00019,0,0.00033,0.00033,0.00033,0
648,Zeasorb,correct drug name,BN,high,multi,648,0,Zeasorb,Zeasorb,zeasorb,BN,1377,0.54534531,0.54534531,0.54534531,1,0.28468165,0.28468165,0.28468165,0,0.0,0.0,0.0,0,0.00056,0.00056,0.00056,0,0.00254,0.00254,0.00254,0
649,Prolensa,correct drug name,BN,high,multi,649,0,Prolensa,Prolensa,prolensa,BN,1385,8.63e-06,8.63e-06,8.63e-06,0,0.23491009,0.23491009,0.23491009,0,0.0,0.0,0.0,0,0.0022,0.0022,0.0022,0,0.00041,0.00041,0.00041,0
651,Robitussin Long-Acting,correct drug name,BN,high,multi,651,0,Robitussin Long-Acting,Robitussin Long-Acting,robitussin long-acting,BN,1396,0.02621595,0.02621595,0.02621595,0,0.1610194,0.1610194,0.1610194,0,0.0,0.0,0.0,0,0.00011,0.00011,0.00011,0,0.00032,0.00032,0.00032,0
652,fluPHENAZine HCl,correct drug name,IN,high,multi,652,0,fluPHENAZine HCl,fluPHENAZine HCl,fluphenazine hcl,IN,1399,0.9999994,0.9999994,0.9999994,1,0.06080973,0.06080973,0.06080973,0,0.0,0.0,0.0,0,0.00104,0.00104,0.00104,0,0.00196,0.00196,0.00196,0
653,Potassium Citrate ER,correct drug name,IN,high,multi,653,0,Potassium Citrate ER,Potassium Citrate ER,potassium citrate er,IN,1409,0.81549722,0.81549722,0.81549722,1,0.43649691,0.43649691,0.43649691,1,0.0,0.0,0.0,0,0.00026,0.00026,0.00026,0,0.00023,0.00023,0.00023,0
654,tadalafil,correct drug name,IN,high,multi,654,0,tadalafil,tadalafil,tadalafil,IN,1412,4.979e-05,4.979e-05,4.979e-05,0,0.17572716,0.17572716,0.17572716,0,0.0,0.0,0.0,0,0.00083,0.00083,0.00083,0,0.02239,0.02239,0.02239,0
655,Complete Multivitamin,correct drug name,IN,high,multi,655,0,Complete Multivitamin,Complete Multivitamin,complete multivitamin,IN,1415,0.03072335,0.03072335,0.03072335,0,0.50971699,0.50971699,0.50971699,1,0.0,0.0,0.0,0,0.00026,0.00026,0.00026,0,0.0003,0.0003,0.0003,0
656,Novolog PenFill U-100 Insulin,correct drug name,"BN,IN",high,multi,656,0,Novolog PenFill U-100 Insulin,Novolog PenFill U-100 Insulin,novolog penfill u-100 insulin,"BN, IN",1416,0.99999976,0.99999976,0.99999976,1,0.32366723,0.32366723,0.32366723,0,1.0,1.0,0.25,1,0.00111,0.00111,0.00111,0,0.00099,0.00099,0.00099,0
657,QUEtiapine Fumarate ER,correct drug name,BN,high,multi,657,0,QUEtiapine Fumarate ER,QUEtiapine Fumarate ER,quetiapine fumarate er,BN,1417,0.99987185,0.99987185,0.99987185,1,0.10271166,0.10271166,0.10271166,0,0.0,0.0,0.0,0,0.00019,0.00019,0.00019,0,0.00035,0.00035,0.00035,0
658,Mephyton,correct drug name,BN,high,multi,658,0,Mephyton,Mephyton,mephyton,BN,1422,0.00017265,0.00017265,0.00017265,0,0.266543,0.266543,0.266543,0,0.0,0.0,0.0,0,0.01646,0.01646,0.01646,0,0.01035,0.01035,0.01035,0
660,petrolatum,correct drug name,IN,high,multi,660,0,petrolatum,petrolatum,petrolatum,IN,1428,5.646e-05,5.646e-05,5.646e-05,0,0.34730342,0.34730342,0.34730342,0,0.0,0.0,0.0,0,0.0002,0.0002,0.0002,0,0.0006,0.0006,0.0006,0
661,Saw Palmetto,correct drug name,IN,high,multi,661,0,Saw Palmetto,Saw Palmetto,saw palmetto,IN,1431,0.40420076,0.40420076,0.40420076,1,0.2198239,0.2198239,0.2198239,0,0.0,0.0,0.0,0,0.00046,0.00046,0.00046,0,0.00073,0.00073,0.00073,0
662,Onglyza,correct drug name,BN,high,multi,662,0,Onglyza,Onglyza,onglyza,BN,1433,0.00012792,0.00012792,0.00012792,0,0.09559326,0.09559326,0.09559326,0,1.0,0.0,0.0,1,0.46482,0.46482,0.46482,0,0.99411,0.99411,0.99411,1
663,Mucinex DM Maximum Strength,correct drug name,BN,high,multi,663,0,Mucinex DM Maximum Strength,Mucinex DM Maximum Strength,mucinex dm maximum strength,BN,1440,0.98405439,0.98405439,0.98405439,1,0.26472628,0.26472628,0.26472628,0,0.0,0.0,0.0,0,0.00021,0.00021,0.00021,0,0.00027,0.00027,0.00027,0
664,Ampicillin-Sulbactam Sodium,correct drug name,IN,high,multi,664,0,Ampicillin-Sulbactam Sodium,Ampicillin-Sulbactam Sodium,ampicillin-sulbactam sodium,IN,1444,0.0080453,0.0080453,0.0080453,0,0.12725845,0.12725845,0.12725845,0,0.0,0.0,0.0,0,0.00022,0.00022,0.00022,0,0.00021,0.00021,0.00021,0
665,Refresh Optive Advanced,correct drug name,BN,high,multi,665,0,Refresh Optive Advanced,Refresh Optive Advanced,refresh optive advanced,BN,1446,0.99999976,0.99999976,0.99999976,1,0.3558498,0.3558498,0.3558498,0,0.0,0.0,0.0,0,0.00022,0.00022,0.00022,0,0.00039,0.00039,0.00039,0
666,imipenem-cilastatin,correct drug name,IN,high,multi,666,0,imipenem-cilastatin,imipenem-cilastatin,imipenem-cilastatin,IN,1448,0.0001342,0.0001342,0.0001342,0,0.13455698,0.13455698,0.13455698,0,0.0,0.0,0.0,0,0.00142,0.00142,0.00142,0,0.00348,0.00348,0.00348,0
667,Janumet XR,correct drug name,BN,high,multi,667,0,Janumet XR,Janumet XR,janumet xr,BN,1450,3.35e-06,3.35e-06,3.35e-06,0,0.25487116,0.25487116,0.25487116,0,0.0,0.0,0.0,0,0.00075,0.00075,0.00075,0,0.00166,0.00166,0.00166,0
668,Carisoprodol,correct drug name,IN,high,multi,668,0,Carisoprodol,Carisoprodol,carisoprodol,IN,1458,0.0001685,0.0001685,0.0001685,0,0.08357508,0.08357508,0.08357508,0,0.0,0.0,0.0,0,0.00043,0.00043,0.00043,0,0.00026,0.00026,0.00026,0
669,Renal Caps,correct drug name,BN,high,multi,669,0,Renal Caps,Renal Caps,renal caps,BN,1459,0.48031279,0.48031279,0.48031279,1,0.49115711,0.49115711,0.49115711,1,0.0,0.0,0.0,0,0.00069,0.00069,0.00069,0,0.0012,0.0012,0.0012,0
670,Neomycin-Polymyxin-Dexameth,correct drug name,IN,high,multi,670,0,Neomycin-Polymyxin-Dexameth,Neomycin-Polymyxin-Dexameth,neomycin-polymyxin-dexameth,IN,1460,0.00020982,0.00020982,0.00020982,0,0.1297873,0.1297873,0.1297873,0,1.0,0.0,0.0,1,0.00148,0.00148,0.00148,0,0.99981,0.99981,0.99981,1
671,butalbital-acetaminophen-caff,correct short drug name,IN,high,multi,671,0,butalbital-acetaminophen-caff,butalbital-acetaminophen-caff,butalbital-acetaminophen-caff,IN,1462,7.279e-05,7.279e-05,7.279e-05,0,0.29118341,0.29118341,0.29118341,0,1.0,0.0,0.0,1,0.00126,0.00126,0.00126,0,0.99592,0.99592,0.99592,1
672,Ocuvite with Lutein,correct drug name,"BN,IN",high,multi,672,0,Ocuvite with Lutein,Ocuvite with Lutein,ocuvite with lutein,"BN, IN",1473,0.69176316,0.69176316,0.69176316,1,0.35328135,0.35328135,0.35328135,0,0.0,0.0,0.0,0,0.00246,0.00246,0.00246,0,0.00032,0.00032,0.00032,0
673,Hyosyne,correct drug name,BN,high,multi,673,0,Hyosyne,Hyosyne,hyosyne,BN,1484,0.99999976,0.99999976,0.99999976,1,0.31358716,0.31358716,0.31358716,0,1.0,3.0,0.75,1,0.98715,0.98715,0.98715,1,0.99981,0.99981,0.99981,1
674,Centrum Silver Men,correct drug name,BN,high,multi,674,0,Centrum Silver Men,Centrum Silver Men,centrum silver men,BN,1486,0.9999994,0.9999994,0.9999994,1,0.32465655,0.32465655,0.32465655,0,0.0,0.0,0.0,0,0.00023,0.00023,0.00023,0,0.00036,0.00036,0.00036,0
675,Fleet Bisacodyl,correct drug name,BN,high,multi,675,0,Fleet Bisacodyl,Fleet Bisacodyl,fleet bisacodyl,BN,1492,0.68852568,0.68852568,0.68852568,1,0.17427956,0.17427956,0.17427956,0,0.0,0.0,0.0,0,0.0002,0.0002,0.0002,0,0.00069,0.00069,0.00069,0
677,Comirnaty 2023-24 (12y up)(PF) (covid vac23-24(12up)(raxt)(pf)),correct drug name,"BN,IN",high,multi,677,0,Comirnaty 2023-24 (12y up)(PF) (covid vac23-24(12up)(raxt)(pf)),Comirnaty 2023-24 (12y up)(PF) (covid vac23-24(12up)(raxt)(pf)),comirnaty 2023-24 (12y up)(pf) (covid vac23-24(12up)(raxt)(pf)),"BN, IN",1505,0.99946731,0.99946731,0.99946731,1,0.70772719,0.70772719,0.70772719,1,1.0,2.0,0.5,1,0.99993,0.99993,0.99993,1,0.99977,0.99977,0.99977,1
679,Theophylline ER,correct drug name,BN,high,multi,679,0,Theophylline ER,Theophylline ER,theophylline er,BN,1509,0.00307574,0.00307574,0.00307574,0,0.5071792,0.5071792,0.5071792,1,0.0,0.0,0.0,0,0.00103,0.00103,0.00103,0,0.00103,0.00103,0.00103,0
680,Deep Sea Nasal Spray,correct drug name,BN,high,multi,680,0,Deep Sea Nasal Spray,Deep Sea Nasal Spray,deep sea nasal spray,BN,1510,0.99680835,0.99680835,0.99680835,1,0.14338492,0.14338492,0.14338492,0,0.0,0.0,0.0,0,0.00024,0.00024,0.00024,0,0.00036,0.00036,0.00036,0
681,Evista,correct drug name,BN,high,multi,681,0,Evista,Evista,evista,BN,1510,7e-06,7e-06,7e-06,0,0.12705912,0.12705912,0.12705912,0,0.0,0.0,0.0,0,0.00117,0.00117,0.00117,0,0.00096,0.00096,0.00096,0
682,Lanoxin,correct drug name,BN,high,multi,682,0,Lanoxin,Lanoxin,lanoxin,BN,1514,0.99999762,0.99999762,0.99999762,1,0.12949103,0.12949103,0.12949103,0,0.0,0.0,0.0,0,0.92416,0.92416,0.92416,1,0.00068,0.00068,0.00068,0
683,Shingrix (PF) (varicella-zoster ge-as01b (pf)),correct drug name,"BN,IN",high,multi,683,0,Shingrix (PF) (varicella-zoster ge-as01b (pf)),Shingrix (PF) (varicella-zoster ge-as01b (pf)),shingrix (pf) (varicella-zoster ge-as01b (pf)),"BN, IN",1517,0.9999994,0.9999994,0.9999994,1,0.30816561,0.30816561,0.30816561,0,1.0,2.0,0.5,1,0.9999,0.9999,0.9999,1,0.99975,0.99975,0.99975,1
684,Banatrol plus,correct drug name,IN,high,multi,684,0,Banatrol plus,Banatrol plus,banatrol plus,IN,1518,0.68647397,0.68647397,0.68647397,1,0.61678803,0.61678803,0.61678803,1,0.0,0.0,0.0,0,0.00494,0.00494,0.00494,0,0.00166,0.00166,0.00166,0
685,Centrum Complete,correct drug name,BN,high,multi,685,0,Centrum Complete,Centrum Complete,centrum complete,BN,1523,0.38950628,0.38950628,0.38950628,1,0.50308979,0.50308979,0.50308979,1,0.0,0.0,0.0,0,0.00024,0.00024,0.00024,0,0.00032,0.00032,0.00032,0
686,Vitamin B Complex-C,correct drug name,IN,high,multi,686,0,Vitamin B Complex-C,Vitamin B Complex-C,vitamin b complex-c,IN,1537,0.42806908,0.42806908,0.42806908,1,0.41131398,0.41131398,0.41131398,1,1.0,3.0,0.75,1,0.00026,0.00026,0.00026,0,0.00028,0.00028,0.00028,0
687,Fluad Quad 2022-23(65y up)(PF) (flu vac 2022 65up-adjmf59c(pf)),correct drug name,"BN,IN",high,multi,687,0,Fluad Quad 2022-23(65y up)(PF) (flu vac 2022 65up-adjmf59c(pf)),Fluad Quad 2022-23(65y up)(PF) (flu vac 2022 65up-adjmf59c(pf)),fluad quad 2022-23(65y up)(pf) (flu vac 2022 65up-adjmf59c(pf)),"BN, IN",1537,0.99999988,0.99999988,0.99999988,1,0.64406598,0.64406598,0.64406598,1,1.0,3.0,0.75,1,0.99997,0.99997,0.99997,1,0.99973,0.99973,0.99973,1
689,Miacalcin,correct drug name,BN,high,multi,689,0,Miacalcin,Miacalcin,miacalcin,BN,1541,0.99999464,0.99999464,0.99999464,1,0.17750742,0.17750742,0.17750742,0,0.0,0.0,0.0,0,0.00151,0.00151,0.00151,0,0.00043,0.00043,0.00043,0
690,Rhopressa,correct drug name,BN,high,multi,690,0,Rhopressa,Rhopressa,rhopressa,BN,1542,3.17e-06,3.17e-06,3.17e-06,0,0.30450001,0.30450001,0.30450001,0,1.0,0.0,0.0,1,0.98584,0.98584,0.98584,1,0.34483,0.34483,0.34483,0
691,Dakins (full strength),correct drug name,BN,high,multi,691,0,Dakins (full strength),Dakins (full strength),dakins (full strength),BN,1543,0.99998021,0.99998021,0.99998021,1,0.43060628,0.43060628,0.43060628,1,1.0,1.0,0.25,1,0.00021,0.00021,0.00021,0,0.00028,0.00028,0.00028,0
692,Systane (propylene glycol),correct drug name,"BN,IN",high,multi,692,0,Systane (propylene glycol),Systane (propylene glycol),systane (propylene glycol),"BN, IN",1543,0.00158318,0.00158318,0.00158318,0,0.2232009,0.2232009,0.2232009,0,0.0,0.0,0.0,0,0.00283,0.00283,0.00283,0,0.02239,0.02239,0.02239,0
693,Glucotrol XL,correct drug name,BN,high,multi,693,0,Glucotrol XL,Glucotrol XL,glucotrol xl,BN,1545,0.99999917,0.99999917,0.99999917,1,0.51549935,0.51549935,0.51549935,1,0.0,0.0,0.0,0,0.00143,0.00143,0.00143,0,0.00028,0.00028,0.00028,0
694,raloxifene,correct drug name,IN,high,multi,694,0,raloxifene,raloxifene,raloxifene,IN,1555,1.463e-05,1.463e-05,1.463e-05,0,0.11990325,0.11990325,0.11990325,0,0.0,0.0,0.0,0,0.00256,0.00256,0.00256,0,0.01015,0.01015,0.01015,0
696,Artificial Tears(dext70-hypro),correct drug name,IN,high,multi,696,0,Artificial Tears(dext70-hypro),Artificial Tears(dext70-hypro),artificial tears(dext70-hypro),IN,1560,0.99999988,0.99999988,0.99999988,1,0.40358329,0.40358329,0.40358329,1,1.0,0.0,0.0,1,0.99986,0.99986,0.99986,1,0.96767,0.96767,0.96767,1
699,solifenacin,correct drug name,IN,high,multi,699,0,solifenacin,solifenacin,solifenacin,IN,1594,0.00012562,0.00012562,0.00012562,0,0.20371281,0.20371281,0.20371281,0,0.0,0.0,0.0,0,0.00048,0.00048,0.00048,0,0.00066,0.00066,0.00066,0
700,amlodipine-benazepril,correct drug name,IN,high,multi,700,0,amlodipine-benazepril,amlodipine-benazepril,amlodipine-benazepril,IN,1604,0.00095662,0.00095662,0.00095662,0,0.12205043,0.12205043,0.12205043,0,1.0,0.0,0.0,1,0.0012,0.0012,0.0012,0,0.00028,0.00028,0.00028,0
701,Polyethylene Glycol 1450,correct drug name,IN,high,multi,701,0,Polyethylene Glycol 1450,Polyethylene Glycol 1450,polyethylene glycol 1450,IN,1609,0.99999976,0.99999976,0.99999976,1,0.38021377,0.38021377,0.38021377,0,0.0,0.0,0.0,0,0.10675,0.10675,0.10675,0,0.06057,0.06057,0.06057,0
702,Eszopiclone,correct drug name,IN,high,multi,702,0,Eszopiclone,Eszopiclone,eszopiclone,IN,1609,0.99999964,0.99999964,0.99999964,1,0.08628296,0.08628296,0.08628296,0,1.0,2.0,0.5,1,0.9988,0.9988,0.9988,1,0.00293,0.00293,0.00293,0
703,Silodosin,correct drug name,IN,high,multi,703,0,Silodosin,Silodosin,silodosin,IN,1616,2.133e-05,2.133e-05,2.133e-05,0,0.13245071,0.13245071,0.13245071,0,0.0,0.0,0.0,0,0.00167,0.00167,0.00167,0,0.00112,0.00112,0.00112,0
705,Maxzide-25,correct drug name,BN,high,multi,705,0,Maxzide-25,Maxzide-25,maxzide-25,BN,1632,0.0001599,0.0001599,0.0001599,0,0.12553763,0.12553763,0.12553763,0,0.0,0.0,0.0,0,0.00051,0.00051,0.00051,0,0.00124,0.00124,0.00124,0
706,Antivert,correct drug name,BN,high,multi,706,0,Antivert,Antivert,antivert,BN,1632,0.00047146,0.00047146,0.00047146,0,0.276777,0.276777,0.276777,0,0.0,0.0,0.0,0,0.00071,0.00071,0.00071,0,0.00654,0.00654,0.00654,0
707,Flublok Quad 2019-2020 (PF) (flu vac qv 2019(18yr up)rc(pf)),correct drug name,"BN,IN",high,multi,707,0,Flublok Quad 2019-2020 (PF) (flu vac qv 2019(18yr up)rc(pf)),Flublok Quad 2019-2020 (PF) (flu vac qv 2019(18yr up)rc(pf)),flublok quad 2019-2020 (pf) (flu vac qv 2019(18yr up)rc(pf)),"BN, IN",1634,0.99999988,0.99999988,0.99999988,1,0.7465831,0.7465831,0.7465831,1,1.0,1.0,0.25,1,0.9999,0.9999,0.9999,1,0.99988,0.99988,0.99988,1
708,testosterone cypionate,correct drug name,IN,high,multi,708,0,testosterone cypionate,testosterone cypionate,testosterone cypionate,IN,1643,0.00031758,0.00031758,0.00031758,0,0.10588486,0.10588486,0.10588486,0,0.0,0.0,0.0,0,0.0003,0.0003,0.0003,0,0.0006,0.0006,0.0006,0
710,ICaps AREDS,correct drug name,BN,high,multi,710,0,ICaps AREDS,ICaps AREDS,icaps areds,BN,1665,0.88421911,0.88421911,0.88421911,1,0.15503711,0.15503711,0.15503711,0,0.0,0.0,0.0,0,0.00111,0.00111,0.00111,0,0.00034,0.00034,0.00034,0
711,Multivitamin & Mineral,correct drug name,IN,high,multi,711,0,Multivitamin & Mineral,Multivitamin & Mineral,multivitamin & mineral,IN,1681,0.00024045,0.00024045,0.00024045,0,0.42451027,0.42451027,0.42451027,1,0.0,0.0,0.0,0,0.00035,0.00035,0.00035,0,0.0004,0.0004,0.0004,0
712,vancomycin in 0.9 % sodium chl,correct drug name,IN,high,multi,712,0,vancomycin in 0.9 % sodium chl,vancomycin in 0.9 % sodium chl,vancomycin in 0.9 % sodium chl,IN,1682,0.99960929,0.99960929,0.99960929,1,0.6421563,0.6421563,0.6421563,1,0.0,0.0,0.0,0,0.58792,0.58792,0.58792,1,0.12073,0.12073,0.12073,0
713,Vitamin B-1 (thiamine hcl (vitamin b1)),correct drug name,IN,high,multi,713,0,Vitamin B-1 (thiamine hcl (vitamin b1)),Vitamin B-1 (thiamine hcl (vitamin b1)),vitamin b-1 (thiamine hcl (vitamin b1)),IN,1683,0.99939942,0.99939942,0.99939942,1,0.22599854,0.22599854,0.22599854,0,1.0,3.0,0.75,1,0.86575,0.86575,0.86575,1,0.16422,0.16422,0.16422,0
714,Vasolex,correct drug name,BN,high,multi,714,0,Vasolex,Vasolex,vasolex,BN,1692,0.00024132,0.00024132,0.00024132,0,0.14232251,0.14232251,0.14232251,0,0.0,0.0,0.0,0,0.00117,0.00117,0.00117,0,0.00445,0.00445,0.00445,0
715,Rexulti,correct drug name,BN,high,multi,715,0,Rexulti,Rexulti,rexulti,BN,1692,1.28e-05,1.28e-05,1.28e-05,0,0.2306357,0.2306357,0.2306357,0,0.0,0.0,0.0,0,0.00389,0.00389,0.00389,0,0.01356,0.01356,0.01356,0
716,Liothyronine Sodium,correct drug name,IN,high,multi,716,0,Liothyronine Sodium,Liothyronine Sodium,liothyronine sodium,IN,1693,0.01148174,0.01148174,0.01148174,0,0.10130767,0.10130767,0.10130767,0,0.0,0.0,0.0,0,0.00018,0.00018,0.00018,0,0.00082,0.00082,0.00082,0
717,Zaditor,correct drug name,BN,high,multi,717,0,Zaditor,Zaditor,zaditor,BN,1697,5.2e-07,5.2e-07,5.2e-07,0,0.16114254,0.16114254,0.16114254,0,0.0,0.0,0.0,0,0.99898,0.99898,0.99898,1,0.76913,0.76913,0.76913,1
718,cimetidine,correct drug name,IN,high,multi,718,0,cimetidine,cimetidine,cimetidine,IN,1709,5.2e-06,5.2e-06,5.2e-06,0,0.16375433,0.16375433,0.16375433,0,0.0,0.0,0.0,0,0.00031,0.00031,0.00031,0,0.00064,0.00064,0.00064,0
719,Calamine,correct drug name,IN,high,multi,719,0,Calamine,Calamine,calamine,IN,1713,1.13e-06,1.13e-06,1.13e-06,0,0.15703994,0.15703994,0.15703994,0,0.0,0.0,0.0,0,0.00273,0.00273,0.00273,0,0.0008,0.0008,0.0008,0
720,Niferex (Sumalate-Quatrefolic),correct drug name,"BN, IN",high,multi,720,0,Niferex (Sumalate-Quatrefolic),Niferex (Sumalate-Quatrefolic),niferex (sumalate-quatrefolic),"BN, IN",1713,0.99274194,0.99274194,0.99274194,1,0.21384017,0.21384017,0.21384017,0,1.0,0.0,0.0,1,0.99969,0.99969,0.99969,1,0.99944,0.99944,0.99944,1
721,Dificid,correct drug name,BN,high,multi,721,0,Dificid,Dificid,dificid,BN,1719,0.74499536,0.74499536,0.74499536,1,0.13360566,0.13360566,0.13360566,0,0.0,0.0,0.0,0,0.00084,0.00084,0.00084,0,0.01087,0.01087,0.01087,0
722,Stress Plus Zinc,correct drug name,"BN,IN",high,multi,722,0,Stress Plus Zinc,Stress Plus Zinc,stress plus zinc,"BN, IN",1720,0.99999976,0.99999976,0.99999976,1,0.41662306,0.41662306,0.41662306,1,0.0,0.0,0.0,0,0.00195,0.00195,0.00195,0,0.00103,0.00103,0.00103,0
723,Ayr Saline Nasal,correct drug name,BN,high,multi,723,0,Ayr Saline Nasal,Ayr Saline Nasal,ayr saline nasal,BN,1720,2.428e-05,2.428e-05,2.428e-05,0,0.41693735,0.41693735,0.41693735,1,0.0,0.0,0.0,0,0.00047,0.00047,0.00047,0,0.00031,0.00031,0.00031,0
724,menthol,correct drug name,IN,high,multi,724,0,menthol,menthol,menthol,IN,1721,0.00032485,0.00032485,0.00032485,0,0.32887787,0.32887787,0.32887787,0,0.0,0.0,0.0,0,0.00042,0.00042,0.00042,0,0.00046,0.00046,0.00046,0
725,Quinapril HCl,correct drug name,IN,high,multi,725,0,Quinapril HCl,Quinapril HCl,quinapril hcl,IN,1722,0.99999976,0.99999976,0.99999976,1,0.05026321,0.05026321,0.05026321,0,0.0,0.0,0.0,0,0.0002,0.0002,0.0002,0,0.00088,0.00088,0.00088,0
726,Renal,correct non-drug name,IN,high,multi,726,0,Renal,Renal,renal,IN,1726,2.439e-05,2.439e-05,2.439e-05,0,0.68142605,0.68142605,0.68142605,1,0.0,0.0,0.0,0,0.00888,0.00888,0.00888,0,0.00159,0.00159,0.00159,0
727,Proctosol HC,correct drug name,BN,high,multi,727,0,Proctosol HC,Proctosol HC,proctosol hc,BN,1727,0.00762087,0.00762087,0.00762087,0,0.46094343,0.46094343,0.46094343,1,0.0,0.0,0.0,0,0.00051,0.00051,0.00051,0,0.00662,0.00662,0.00662,0
728,metaxalone,correct drug name,IN,high,multi,728,0,metaxalone,metaxalone,metaxalone,IN,1753,4.09e-06,4.09e-06,4.09e-06,0,0.10027456,0.10027456,0.10027456,0,0.0,0.0,0.0,0,0.00173,0.00173,0.00173,0,0.00156,0.00156,0.00156,0
729,Sudafed,correct drug name,BN,high,multi,729,0,Sudafed,Sudafed,sudafed,BN,1753,2.102e-05,2.102e-05,2.102e-05,0,0.29878062,0.29878062,0.29878062,0,0.0,0.0,0.0,0,0.00113,0.00113,0.00113,0,0.00038,0.00038,0.00038,0
730,Insulin NPH Isophane & Regular,correct drug name,IN,high,multi,730,0,Insulin NPH Isophane & Regular,Insulin NPH Isophane & Regular,insulin nph isophane & regular,IN,1754,0.99703276,0.99703276,0.99703276,1,0.40877706,0.40877706,0.40877706,1,0.0,0.0,0.0,0,0.00024,0.00024,0.00024,0,0.0004,0.0004,0.0004,0
731,glycerin,correct drug name,IN,high,multi,731,0,glycerin,glycerin,glycerin,IN,1759,5.608e-05,5.608e-05,5.608e-05,0,0.56830525,0.56830525,0.56830525,1,0.0,0.0,0.0,0,0.00047,0.00047,0.00047,0,0.00073,0.00073,0.00073,0
732,NovoLIN R FlexPen,correct drug name,BN,high,multi,732,0,NovoLIN R FlexPen,NovoLIN R FlexPen,novolin r flexpen,BN,1759,0.99999964,0.99999964,0.99999964,1,0.22020017,0.22020017,0.22020017,0,0.0,0.0,0.0,0,0.0007,0.0007,0.0007,0,0.00027,0.00027,0.00027,0
733,Eye-Vites,correct drug name,BN,high,multi,733,0,Eye-Vites,Eye-Vites,eye-vites,BN,1762,0.12960228,0.12960228,0.12960228,0,0.70772719,0.70772719,0.70772719,1,1.0,0.0,0.0,1,0.00257,0.00257,0.00257,0,0.00039,0.00039,0.00039,0
734,Blood Glucose Test,correct non-drug name,IN,high,multi,734,0,Blood Glucose Test,Blood Glucose Test,blood glucose test,IN,1767,0.99999964,0.99999964,0.99999964,1,0.16681044,0.16681044,0.16681044,0,0.0,0.0,0.0,0,0.00035,0.00035,0.00035,0,0.00076,0.00076,0.00076,0
735,Invokana,correct drug name,BN,high,multi,735,0,Invokana,Invokana,invokana,BN,1770,0.76801997,0.76801997,0.76801997,1,0.29164511,0.29164511,0.29164511,0,0.0,0.0,0.0,0,0.00124,0.00124,0.00124,0,0.00514,0.00514,0.00514,0
736,Neosporin Original,correct drug name,"BN,IN",high,multi,736,0,Neosporin Original,Neosporin Original,neosporin original,"BN, IN",1773,0.00011534,0.00011534,0.00011534,0,0.37925035,0.37925035,0.37925035,0,0.0,0.0,0.0,0,0.00052,0.00052,0.00052,0,0.00036,0.00036,0.00036,0
737,Dabigatran Etexilate Mesylate,correct drug name,IN,high,multi,737,0,Dabigatran Etexilate Mesylate,Dabigatran Etexilate Mesylate,dabigatran etexilate mesylate,IN,1773,6.389e-05,6.389e-05,6.389e-05,0,0.02566678,0.02566678,0.02566678,0,0.0,0.0,0.0,0,0.00137,0.00137,0.00137,0,0.00034,0.00034,0.00034,0
738,Diabetic Tussin DM,correct drug name,BN,high,multi,738,0,Diabetic Tussin DM,Diabetic Tussin DM,diabetic tussin dm,BN,1792,0.99999809,0.99999809,0.99999809,1,0.19742148,0.19742148,0.19742148,0,0.0,0.0,0.0,0,0.00018,0.00018,0.00018,0,0.00027,0.00027,0.00027,0
739,Pseudoephedrine HCl,correct drug name,IN,high,multi,739,0,Pseudoephedrine HCl,Pseudoephedrine HCl,pseudoephedrine hcl,IN,1793,0.9999994,0.9999994,0.9999994,1,0.06569383,0.06569383,0.06569383,0,0.0,0.0,0.0,0,0.00081,0.00081,0.00081,0,0.00043,0.00043,0.00043,0
740,metFORMIN HCl ER (MOD),correct drug name,IN,high,multi,740,0,metFORMIN HCl ER (MOD),metFORMIN HCl ER (MOD),metformin hcl er (mod),IN,1795,0.9999994,0.9999994,0.9999994,1,0.30266848,0.30266848,0.30266848,0,1.0,5.0,1.0,1,0.29204,0.29204,0.29204,0,0.46434,0.46434,0.46434,0
741,Renal-Vite,correct drug name,BN,high,multi,741,0,Renal-Vite,Renal-Vite,renal-vite,BN,1796,0.57801372,0.57801372,0.57801372,1,0.70772719,0.70772719,0.70772719,1,1.0,3.0,0.75,1,0.00101,0.00101,0.00101,0,0.00072,0.00072,0.00072,0
742,Raloxifene HCl,correct drug name,IN,high,multi,742,0,Raloxifene HCl,Raloxifene HCl,raloxifene hcl,IN,1802,0.93626004,0.93626004,0.93626004,1,0.07195214,0.07195214,0.07195214,0,0.0,0.0,0.0,0,0.002,0.002,0.002,0,0.00506,0.00506,0.00506,0
743,bisoprolol-hydrochlorothiazide,correct drug name,BN,high,multi,743,0,bisoprolol-hydrochlorothiazide,bisoprolol-hydrochlorothiazide,bisoprolol-hydrochlorothiazide,BN,1807,0.00468064,0.00468064,0.00468064,0,0.1346402,0.1346402,0.1346402,0,0.0,0.0,0.0,0,0.00043,0.00043,0.00043,0,0.00051,0.00051,0.00051,0
744,Saline Nasal Mist,correct drug name,BN,high,multi,744,0,Saline Nasal Mist,Saline Nasal Mist,saline nasal mist,BN,1812,8.064e-05,8.064e-05,8.064e-05,0,0.28204262,0.28204262,0.28204262,0,0.0,0.0,0.0,0,0.00029,0.00029,0.00029,0,0.0009,0.0009,0.0009,0
745,Tolterodine Tartrate,correct drug name,IN,high,multi,745,0,Tolterodine Tartrate,Tolterodine Tartrate,tolterodine tartrate,IN,1817,0.01268791,0.01268791,0.01268791,0,0.06430865,0.06430865,0.06430865,0,0.0,0.0,0.0,0,0.00036,0.00036,0.00036,0,0.00049,0.00049,0.00049,0
746,Artificial Tears (cmc),correct drug name,IN,high,multi,746,0,Artificial Tears (cmc),Artificial Tears (cmc),artificial tears (cmc),IN,1819,0.99999988,0.99999988,0.99999988,1,0.4620333,0.4620333,0.4620333,1,1.0,2.0,0.5,1,0.99881,0.99881,0.99881,1,0.01066,0.01066,0.01066,0
747,Nicotine Step 3,correct drug name,IN,high,multi,747,0,Nicotine Step 3,Nicotine Step 3,nicotine step 3,IN,1819,0.99921763,0.99921763,0.99921763,1,0.59733516,0.59733516,0.59733516,1,0.0,0.0,0.0,0,0.00379,0.00379,0.00379,0,0.0009,0.0009,0.0009,0
748,DSS,correct drug name,BN,high,multi,748,0,DSS,DSS,dss,BN,1821,4.64e-06,4.64e-06,4.64e-06,0,0.67618573,0.67618573,0.67618573,1,0.0,0.0,0.0,0,0.05019,0.05019,0.05019,0,0.00051,0.00051,0.00051,0
749,Citrate of Magnesia,correct drug name,BN,high,multi,749,0,Citrate of Magnesia,Citrate of Magnesia,citrate of magnesia,BN,1824,0.99999857,0.99999857,0.99999857,1,0.40660635,0.40660635,0.40660635,1,0.0,0.0,0.0,0,0.00023,0.00023,0.00023,0,0.00022,0.00022,0.00022,0
750,ICaps,correct drug name,BN,high,multi,750,0,ICaps,ICaps,icaps,BN,1827,0.481168,0.481168,0.481168,1,0.28972465,0.28972465,0.28972465,0,0.0,0.0,0.0,0,0.00064,0.00064,0.00064,0,0.00033,0.00033,0.00033,0
751,Lotrel,correct drug name,BN,high,multi,751,0,Lotrel,Lotrel,lotrel,BN,1846,7.217e-05,7.217e-05,7.217e-05,0,0.15108208,0.15108208,0.15108208,0,0.0,0.0,0.0,0,0.00289,0.00289,0.00289,0,0.00146,0.00146,0.00146,0
752,Darbepoetin Alfa,correct drug name,IN,high,multi,752,0,Darbepoetin Alfa,Darbepoetin Alfa,darbepoetin alfa,IN,1849,0.44865823,0.44865823,0.44865823,1,0.09078342,0.09078342,0.09078342,0,0.0,0.0,0.0,0,0.00042,0.00042,0.00042,0,0.00039,0.00039,0.00039,0
753,BD AutoShield Duo,correct non-drug name,BN,high,multi,753,0,BD AutoShield Duo,BD AutoShield Duo,bd autoshield duo,BN,1860,0.99997067,0.99997067,0.99997067,1,0.29693466,0.29693466,0.29693466,0,1.0,4.0,1.0,1,0.74237,0.74237,0.74237,1,0.98056,0.98056,0.98056,1
754,Megace ES,correct drug name,BN,high,multi,754,0,Megace ES,Megace ES,megace es,BN,1861,2.831e-05,2.831e-05,2.831e-05,0,0.26016292,0.26016292,0.26016292,0,0.0,0.0,0.0,0,0.59307,0.59307,0.59307,1,0.00188,0.00188,0.00188,0
755,sulfacetamide sodium,correct drug name,IN,high,multi,755,0,sulfacetamide sodium,sulfacetamide sodium,sulfacetamide sodium,IN,1868,2.92e-05,2.92e-05,2.92e-05,0,0.12694018,0.12694018,0.12694018,0,0.0,0.0,0.0,0,0.00024,0.00024,0.00024,0,0.00036,0.00036,0.00036,0
756,Levalbuterol Tartrate,correct drug name,IN,high,multi,756,0,Levalbuterol Tartrate,Levalbuterol Tartrate,levalbuterol tartrate,IN,1874,0.20143393,0.20143393,0.20143393,1,0.12496502,0.12496502,0.12496502,0,0.0,0.0,0.0,0,0.00026,0.00026,0.00026,0,0.00043,0.00043,0.00043,0
757,Artificial Tears (PF) (dextran 70-hypromellose (pf)),correct drug name,IN,high,multi,757,0,Artificial Tears (PF) (dextran 70-hypromellose (pf)),Artificial Tears (PF) (dextran 70-hypromellose (pf)),artificial tears (pf) (dextran 70-hypromellose (pf)),IN,1884,0.99995649,0.99995649,0.99995649,1,0.3120662,0.3120662,0.3120662,0,1.0,2.0,0.5,1,0.99992,0.99992,0.99992,1,0.99981,0.99981,0.99981,1
758,Vancocin HCl,correct drug name,BN,high,multi,758,0,Vancocin HCl,Vancocin HCl,vancocin hcl,BN,1885,0.99999976,0.99999976,0.99999976,1,0.09348191,0.09348191,0.09348191,0,0.0,0.0,0.0,0,0.00064,0.00064,0.00064,0,0.00028,0.00028,0.00028,0
759,FreeStyle Libre 2 Sensor,correct non-drug name,IN,high,multi,759,0,FreeStyle Libre 2 Sensor,FreeStyle Libre 2 Sensor,freestyle libre 2 sensor,IN,1886,0.99999988,0.99999988,0.99999988,1,0.44798338,0.44798338,0.44798338,1,1.0,2.0,0.5,1,0.0005,0.0005,0.0005,0,0.31669,0.31669,0.31669,0
761,Decubi-Vite,correct drug name,BN,high,multi,761,0,Decubi-Vite,Decubi-Vite,decubi-vite,BN,1910,0.04390416,0.04390416,0.04390416,0,0.70772719,0.70772719,0.70772719,1,1.0,0.0,0.0,1,0.00094,0.00094,0.00094,0,0.00213,0.00213,0.00213,0
762,Benadryl Extra Strength,correct drug name,BN,high,multi,762,0,Benadryl Extra Strength,Benadryl Extra Strength,benadryl extra strength,BN,1913,0.9999994,0.9999994,0.9999994,1,0.26718301,0.26718301,0.26718301,0,0.0,0.0,0.0,0,0.0002,0.0002,0.0002,0,0.00038,0.00038,0.00038,0
763,Brimonidine Tartrate-Timolol,correct drug name,IN,high,multi,763,0,Brimonidine Tartrate-Timolol,Brimonidine Tartrate-Timolol,brimonidine tartrate-timolol,IN,1914,0.0002783,0.0002783,0.0002783,0,0.25704858,0.25704858,0.25704858,0,0.0,0.0,0.0,0,0.00064,0.00064,0.00064,0,0.00025,0.00025,0.00025,0
764,Humalog Junior KwikPen U-100,correct drug name,BN,high,multi,764,0,Humalog Junior KwikPen U-100,Humalog Junior KwikPen U-100,humalog junior kwikpen u-100,BN,1918,0.99999988,0.99999988,0.99999988,1,0.27411091,0.27411091,0.27411091,0,1.0,1.0,0.25,1,0.00159,0.00159,0.00159,0,0.91343,0.91343,0.91343,1
765,chlorproMAZINE HCl,correct drug name,IN,high,multi,765,0,chlorproMAZINE HCl,chlorproMAZINE HCl,chlorpromazine hcl,IN,1920,0.85767484,0.85767484,0.85767484,1,0.09229781,0.09229781,0.09229781,0,0.0,0.0,0.0,0,0.00062,0.00062,0.00062,0,0.0013,0.0013,0.0013,0
766,Vasotec,correct drug name,BN,high,multi,766,0,Vasotec,Vasotec,vasotec,BN,1934,0.9998951,0.9998951,0.9998951,1,0.23303354,0.23303354,0.23303354,0,0.0,0.0,0.0,0,0.00094,0.00094,0.00094,0,0.00131,0.00131,0.00131,0
767,Vitamins/Minerals,correct drug name,IN,high,multi,767,0,Vitamins/Minerals,Vitamins/Minerals,vitamins/minerals,IN,1949,0.05533902,0.05533902,0.05533902,0,0.45500594,0.45500594,0.45500594,1,1.0,0.0,0.0,1,0.00023,0.00023,0.00023,0,0.00023,0.00023,0.00023,0
768,Melatin,correct drug name,BN,high,multi,768,0,Melatin,Melatin,melatin,BN,1950,0.00042745,0.00042745,0.00042745,0,0.70772719,0.70772719,0.70772719,1,1.0,1.0,0.25,1,0.00523,0.00523,0.00523,0,0.09869,0.09869,0.09869,0
769,multivitamin with iron,correct drug name,IN,high,multi,769,0,multivitamin with iron,multivitamin with iron,multivitamin with iron,IN,1952,3.469e-05,3.469e-05,3.469e-05,0,0.39439002,0.39439002,0.39439002,1,0.0,0.0,0.0,0,0.00026,0.00026,0.00026,0,0.00067,0.00067,0.00067,0
770,Aluminum & Magnesium Hydroxide,correct drug name,IN,high,multi,770,0,Aluminum & Magnesium Hydroxide,Aluminum & Magnesium Hydroxide,aluminum & magnesium hydroxide,IN,1953,0.99999988,0.99999988,0.99999988,1,0.31214714,0.31214714,0.31214714,0,0.0,0.0,0.0,0,0.00065,0.00065,0.00065,0,0.00022,0.00022,0.00022,0
771,Drisdol,correct drug name,BN,high,multi,771,0,Drisdol,Drisdol,drisdol,BN,1962,5.82e-06,5.82e-06,5.82e-06,0,0.13250768,0.13250768,0.13250768,0,0.0,0.0,0.0,0,0.99961,0.99961,0.99961,1,0.9999,0.9999,0.9999,1
772,Antacid Calcium,correct drug name,IN,high,multi,772,0,Antacid Calcium,Antacid Calcium,antacid calcium,IN,1962,0.99999094,0.99999094,0.99999094,1,0.20215349,0.20215349,0.20215349,0,0.0,0.0,0.0,0,0.00016,0.00016,0.00016,0,0.001,0.001,0.001,0
773,Refresh Celluvisc,correct drug name,BN,high,multi,773,0,Refresh Celluvisc,Refresh Celluvisc,refresh celluvisc,BN,1964,0.99982846,0.99982846,0.99982846,1,0.27584475,0.27584475,0.27584475,0,0.0,0.0,0.0,0,0.00339,0.00339,0.00339,0,0.00159,0.00159,0.00159,0
774,polymyxin B sulf-trimethoprim,correct drug name,IN,high,multi,774,0,polymyxin B sulf-trimethoprim,polymyxin B sulf-trimethoprim,polymyxin b sulf-trimethoprim,IN,1970,0.01124126,0.01124126,0.01124126,0,0.20541431,0.20541431,0.20541431,0,1.0,0.0,0.0,1,0.0007,0.0007,0.0007,0,0.00033,0.00033,0.00033,0
775,Caltrate 600 plus D,correct drug name,"BN,IN",high,multi,775,0,Caltrate 600 plus D,Caltrate 600 plus D,caltrate 600 plus d,"BN, IN",1971,0.00065522,0.00065522,0.00065522,0,0.25630525,0.25630525,0.25630525,0,0.0,0.0,0.0,0,0.0699,0.0699,0.0699,0,0.00053,0.00053,0.00053,0
776,Levo-T,correct drug name,BN,high,multi,776,0,Levo-T,Levo-T,levo-t,BN,1973,0.81742185,0.81742185,0.81742185,1,0.17624474,0.17624474,0.17624474,0,0.0,0.0,0.0,0,0.0337,0.0337,0.0337,0,0.52104,0.52104,0.52104,1
777,Docusate Calcium,correct drug name,IN,high,multi,777,0,Docusate Calcium,Docusate Calcium,docusate calcium,IN,1974,0.84792948,0.84792948,0.84792948,1,0.22112872,0.22112872,0.22112872,0,0.0,0.0,0.0,0,0.00016,0.00016,0.00016,0,0.00039,0.00039,0.00039,0
778,Cetaphil Moisturizing,correct drug name,BN,high,multi,778,0,Cetaphil Moisturizing,Cetaphil Moisturizing,cetaphil moisturizing,BN,1979,0.99966991,0.99966991,0.99966991,1,0.24867192,0.24867192,0.24867192,0,0.0,0.0,0.0,0,0.00055,0.00055,0.00055,0,0.00044,0.00044,0.00044,0
780,traMADol-Acetaminophen,correct drug name,IN,high,multi,780,0,traMADol-Acetaminophen,traMADol-Acetaminophen,tramadol-acetaminophen,IN,1985,0.99986231,0.99986231,0.99986231,1,0.17720133,0.17720133,0.17720133,0,1.0,0.0,0.0,1,0.00029,0.00029,0.00029,0,0.00023,0.00023,0.00023,0
781,Calcium 500+D,correct drug name,BN,high,multi,781,0,Calcium 500+D,Calcium 500+D,calcium 500+d,BN,1995,0.04715114,0.04715114,0.04715114,0,0.21058498,0.21058498,0.21058498,0,1.0,2.0,0.5,1,0.00212,0.00212,0.00212,0,0.03342,0.03342,0.03342,0
782,Repaglinide,correct drug name,IN,high,multi,782,0,Repaglinide,Repaglinide,repaglinide,IN,1999,0.00312983,0.00312983,0.00312983,0,0.16516943,0.16516943,0.16516943,0,0.0,0.0,0.0,0,0.00167,0.00167,0.00167,0,0.00194,0.00194,0.00194,0
783,TheraCare Pain Relief,correct drug name,BN,high,multi,783,0,TheraCare Pain Relief,TheraCare Pain Relief,theracare pain relief,BN,2013,0.99999952,0.99999952,0.99999952,1,0.7188769,0.7188769,0.7188769,1,1.0,4.0,1.0,1,0.00578,0.00578,0.00578,0,0.99012,0.99012,0.99012,1
784,Unasyn,correct drug name,BN,high,multi,784,0,Unasyn,Unasyn,unasyn,BN,2015,2.19e-06,2.19e-06,2.19e-06,0,0.19399153,0.19399153,0.19399153,0,0.0,0.0,0.0,0,0.00062,0.00062,0.00062,0,0.00033,0.00033,0.00033,0
785,Pristiq,correct drug name,BN,high,multi,785,0,Pristiq,Pristiq,pristiq,BN,2022,0.99999917,0.99999917,0.99999917,1,0.16666451,0.16666451,0.16666451,0,1.0,3.0,0.75,1,0.99189,0.99189,0.99189,1,0.99987,0.99987,0.99987,1
786,Influenza Vac Split High-Dose,correct drug name,IN,high,multi,786,0,Influenza Vac Split High-Dose,Influenza Vac Split High-Dose,influenza vac split high-dose,IN,2036,0.77839524,0.77839524,0.77839524,1,0.33354655,0.33354655,0.33354655,0,0.0,0.0,0.0,0,0.99273,0.99273,0.99273,1,0.00024,0.00024,0.00024,0
787,FreeStyle Libre 14 Day Sensor,correct drug name,BN,high,multi,787,0,FreeStyle Libre 14 Day Sensor,FreeStyle Libre 14 Day Sensor,freestyle libre 14 day sensor,BN,2038,0.99999988,0.99999988,0.99999988,1,0.51559919,0.51559919,0.51559919,1,1.0,2.0,0.5,1,0.00213,0.00213,0.00213,0,0.00292,0.00292,0.00292,0
788,AmLactin,correct drug name,BN,high,multi,788,0,AmLactin,AmLactin,amlactin,BN,2043,0.31469825,0.31469825,0.31469825,1,0.25943479,0.25943479,0.25943479,0,0.0,0.0,0.0,0,0.00034,0.00034,0.00034,0,0.00198,0.00198,0.00198,0
789,Aggrenox,correct drug name,BN,high,multi,789,0,Aggrenox,Aggrenox,aggrenox,BN,2044,6.031e-05,6.031e-05,6.031e-05,0,0.19510333,0.19510333,0.19510333,0,0.0,0.0,0.0,0,0.00077,0.00077,0.00077,0,0.00033,0.00033,0.00033,0
791,Propranolol HCl ER,correct drug name,IN,high,multi,791,0,Propranolol HCl ER,Propranolol HCl ER,propranolol hcl er,IN,2049,0.99999988,0.99999988,0.99999988,1,0.18277903,0.18277903,0.18277903,0,0.0,0.0,0.0,0,0.00058,0.00058,0.00058,0,0.00066,0.00066,0.00066,0
792,"acidophilus-pectin, citrus",correct drug name,IN,high,multi,792,0,"acidophilus-pectin, citrus","acidophilus-pectin, citrus","acidophilus-pectin, citrus",IN,2051,0.00021313,0.00021313,0.00021313,0,0.57668889,0.57668889,0.57668889,1,1.0,0.0,0.0,1,0.02956,0.02956,0.02956,0,0.6505,0.6505,0.6505,1
793,Aranesp (Albumin Free),correct drug name,"BN,IN",high,multi,793,0,Aranesp (Albumin Free),Aranesp (Albumin Free),aranesp (albumin free),"BN, IN",2057,0.05147713,0.05147713,0.05147713,0,0.19932063,0.19932063,0.19932063,0,1.0,2.0,0.5,1,0.00113,0.00113,0.00113,0,0.00043,0.00043,0.00043,0
794,Oxymetazoline HCl,correct drug name,IN,high,multi,794,0,Oxymetazoline HCl,Oxymetazoline HCl,oxymetazoline hcl,IN,2075,0.99800569,0.99800569,0.99800569,1,0.03105617,0.03105617,0.03105617,0,0.0,0.0,0.0,0,0.00046,0.00046,0.00046,0,0.00065,0.00065,0.00065,0
795,Calcium Carb-Cholecalciferol,correct drug name,IN,high,multi,795,0,Calcium Carb-Cholecalciferol,Calcium Carb-Cholecalciferol,calcium carb-cholecalciferol,IN,2076,0.99999118,0.99999118,0.99999118,1,0.77579659,0.77579659,0.77579659,1,1.0,0.0,0.0,1,0.00069,0.00069,0.00069,0,0.00034,0.00034,0.00034,0
796,Moderna COVID-19 Bival Booster,correct drug name,BN,high,multi,796,0,Moderna COVID-19 Bival Booster,Moderna COVID-19 Bival Booster,moderna covid-19 bival booster,BN,2081,0.99999988,0.99999988,0.99999988,1,0.51176846,0.51176846,0.51176846,1,1.0,1.0,0.25,1,0.97431,0.97431,0.97431,1,0.99989,0.99989,0.99989,1
797,Mag-Al Plus,correct drug name,BN,high,multi,797,0,Mag-Al Plus,Mag-Al Plus,mag-al plus,BN,2086,0.97789997,0.97789997,0.97789997,1,0.65044475,0.65044475,0.65044475,1,0.0,0.0,0.0,0,0.0009,0.0009,0.0009,0,0.04276,0.04276,0.04276,0
798,Therapeutic-M,correct drug name,BN,high,multi,798,0,Therapeutic-M,Therapeutic-M,therapeutic-m,BN,2095,0.87501144,0.87501144,0.87501144,1,0.1714309,0.1714309,0.1714309,0,0.0,0.0,0.0,0,0.00141,0.00141,0.00141,0,0.00069,0.00069,0.00069,0
799,COVID-19 Antigen Test,correct non-drug name,IN,high,multi,799,0,COVID-19 Antigen Test,COVID-19 Antigen Test,covid-19 antigen test,IN,2108,0.9999975,0.9999975,0.9999975,1,0.67749941,0.67749941,0.67749941,1,0.0,0.0,0.0,0,0.0005,0.0005,0.0005,0,0.00051,0.00051,0.00051,0
800,nabumetone,correct drug name,IN,high,multi,800,0,nabumetone,nabumetone,nabumetone,IN,2113,5.686e-05,5.686e-05,5.686e-05,0,0.09992964,0.09992964,0.09992964,0,0.0,0.0,0.0,0,0.00087,0.00087,0.00087,0,0.00092,0.00092,0.00092,0
801,APAP Extra Strength,correct drug name,BN,high,multi,801,0,APAP Extra Strength,APAP Extra Strength,apap extra strength,BN,2113,0.99999368,0.99999368,0.99999368,1,0.42269215,0.42269215,0.42269215,1,0.0,0.0,0.0,0,0.00018,0.00018,0.00018,0,0.00023,0.00023,0.00023,0
803,Cepacol Sore Throat,correct drug name,BN,high,multi,803,0,Cepacol Sore Throat,Cepacol Sore Throat,cepacol sore throat,BN,2129,0.99997544,0.99997544,0.99997544,1,0.28534782,0.28534782,0.28534782,0,0.0,0.0,0.0,0,0.00022,0.00022,0.00022,0,0.00021,0.00021,0.00021,0
804,trospium,correct drug name,IN,high,multi,804,0,trospium,trospium,trospium,IN,2149,2.024e-05,2.024e-05,2.024e-05,0,0.16999535,0.16999535,0.16999535,0,0.0,0.0,0.0,0,0.00063,0.00063,0.00063,0,0.00053,0.00053,0.00053,0
805,Calcium Citrate-Vitamin D,correct drug name,IN,high,multi,805,0,Calcium Citrate-Vitamin D,Calcium Citrate-Vitamin D,calcium citrate-vitamin d,IN,2150,0.99892837,0.99892837,0.99892837,1,0.32128713,0.32128713,0.32128713,0,1.0,0.0,0.0,1,0.00042,0.00042,0.00042,0,0.00025,0.00025,0.00025,0
806,Banophen,correct drug name,BN,high,multi,806,0,Banophen,Banophen,banophen,BN,2156,0.00196547,0.00196547,0.00196547,0,0.70772719,0.70772719,0.70772719,1,0.0,0.0,0.0,0,0.00213,0.00213,0.00213,0,0.00031,0.00031,0.00031,0
807,Zonisamide,correct drug name,IN,high,multi,807,0,Zonisamide,Zonisamide,zonisamide,IN,2156,8.36e-06,8.36e-06,8.36e-06,0,0.11545528,0.11545528,0.11545528,0,0.0,0.0,0.0,0,0.00084,0.00084,0.00084,0,0.00052,0.00052,0.00052,0
808,Albuterol-Budesonide,correct drug name,IN,high,multi,808,0,Albuterol-Budesonide,Albuterol-Budesonide,albuterol-budesonide,IN,2157,0.79259962,0.79259962,0.79259962,1,0.70772719,0.70772719,0.70772719,1,1.0,0.0,0.0,1,0.00037,0.00037,0.00037,0,0.00029,0.00029,0.00029,0
809,Daily Vitamin,correct drug name,IN,high,multi,809,0,Daily Vitamin,Daily Vitamin,daily vitamin,IN,2162,0.99999964,0.99999964,0.99999964,1,0.27255818,0.27255818,0.27255818,0,0.0,0.0,0.0,0,0.00097,0.00097,0.00097,0,0.00038,0.00038,0.00038,0
810,Bayer Chewable Aspirin,correct drug name,"BN,IN",high,multi,810,0,Bayer Chewable Aspirin,Bayer Chewable Aspirin,bayer chewable aspirin,"BN, IN",2172,0.99999976,0.99999976,0.99999976,1,0.06671552,0.06671552,0.06671552,0,0.0,0.0,0.0,0,0.0004,0.0004,0.0004,0,0.00027,0.00027,0.00027,0
811,multivit with min-folic acid,correct short drug name,IN,high,multi,811,0,multivit with min-folic acid,multivit with min-folic acid,multivit with min-folic acid,IN,2178,1.133e-05,1.133e-05,1.133e-05,0,0.54929948,0.54929948,0.54929948,1,1.0,0.0,0.0,1,0.00164,0.00164,0.00164,0,0.00232,0.00232,0.00232,0
813,Tab-A-Vite Multivitamin w-iron,correct drug name,"BN,IN",high,multi,813,0,Tab-A-Vite Multivitamin w-iron,Tab-A-Vite Multivitamin w-iron,tab-a-vite multivitamin w-iron,"BN, IN",2180,0.99992478,0.99992478,0.99992478,1,0.58970714,0.58970714,0.58970714,1,1.0,2.0,0.5,1,0.96853,0.96853,0.96853,1,0.00146,0.00146,0.00146,0
814,ClearLax,correct drug name,BN,high,multi,814,0,ClearLax,ClearLax,clearlax,BN,2183,0.573057,0.573057,0.573057,1,0.38385749,0.38385749,0.38385749,0,0.0,0.0,0.0,0,0.00044,0.00044,0.00044,0,0.00092,0.00092,0.00092,0
816,Bismuth Subsalicylate,correct drug name,IN,high,multi,816,0,Bismuth Subsalicylate,Bismuth Subsalicylate,bismuth subsalicylate,IN,2201,0.99995995,0.99995995,0.99995995,1,0.14007664,0.14007664,0.14007664,0,1.0,2.0,0.5,1,0.0003,0.0003,0.0003,0,0.00034,0.00034,0.00034,0
818,Nebivolol HCl,correct drug name,IN,high,multi,818,0,Nebivolol HCl,Nebivolol HCl,nebivolol hcl,IN,2208,0.9999994,0.9999994,0.9999994,1,0.04521773,0.04521773,0.04521773,0,0.0,0.0,0.0,0,0.00041,0.00041,0.00041,0,0.17958,0.17958,0.17958,0
819,LiquaCel,correct drug name,IN,high,multi,819,0,LiquaCel,LiquaCel,liquacel,IN,2226,0.99998093,0.99998093,0.99998093,1,0.40509921,0.40509921,0.40509921,1,1.0,3.0,0.75,1,0.21301,0.21301,0.21301,0,0.00169,0.00169,0.00169,0
820,Travoprost (BAK Free),correct drug name,IN,high,multi,820,0,Travoprost (BAK Free),Travoprost (BAK Free),travoprost (bak free),IN,2226,0.64489555,0.64489555,0.64489555,1,0.15295678,0.15295678,0.15295678,0,1.0,4.0,1.0,1,0.99975,0.99975,0.99975,1,0.99681,0.99681,0.99681,1
821,"Moderna COVID Bival(18y up)-PF (covid-19 vac, bv (moderna)(pf))",correct drug name,BN,high,multi,821,0,"Moderna COVID Bival(18y up)-PF (covid-19 vac, bv (moderna)(pf))","Moderna COVID Bival(18y up)-PF (covid-19 vac, bv (moderna)(pf))","moderna covid bival(18y up)-pf (covid-19 vac, bv (moderna)(pf))",BN,2229,0.99999976,0.99999976,0.99999976,1,0.56950969,0.56950969,0.56950969,1,1.0,2.0,0.5,1,0.99993,0.99993,0.99993,1,0.99862,0.99862,0.99862,1
822,Delsym 12 hour,correct drug name,BN,high,multi,822,0,Delsym 12 hour,Delsym 12 hour,delsym 12 hour,BN,2229,0.75926423,0.75926423,0.75926423,1,0.50608474,0.50608474,0.50608474,1,0.0,0.0,0.0,0,0.00049,0.00049,0.00049,0,0.00136,0.00136,0.00136,0
823,emollient,correct drug name,IN,high,multi,823,0,emollient,emollient,emollient,IN,2239,5.545e-05,5.545e-05,5.545e-05,0,0.59825289,0.59825289,0.59825289,1,0.0,0.0,0.0,0,0.00054,0.00054,0.00054,0,0.00049,0.00049,0.00049,0
824,Perforomist,correct drug name,BN,high,multi,824,0,Perforomist,Perforomist,perforomist,BN,2249,0.99862003,0.99862003,0.99862003,1,0.23456974,0.23456974,0.23456974,0,0.0,0.0,0.0,0,0.97269,0.97269,0.97269,1,0.99482,0.99482,0.99482,1
825,Lactated Ringers,correct drug name,IN,high,multi,825,0,Lactated Ringers,Lactated Ringers,lactated ringers,IN,2251,0.99999869,0.99999869,0.99999869,1,0.15206018,0.15206018,0.15206018,0,0.0,0.0,0.0,0,0.0002,0.0002,0.0002,0,0.00022,0.00022,0.00022,0
827,Fluarix Quadrivalent,correct drug name,"BN,IN",high,multi,827,0,Fluarix Quadrivalent,Fluarix Quadrivalent,fluarix quadrivalent,"BN, IN",2272,0.99999976,0.99999976,0.99999976,1,0.80225205,0.80225205,0.80225205,1,0.0,0.0,0.0,0,0.00039,0.00039,0.00039,0,0.00031,0.00031,0.00031,0
828,OcuSoft Lid Scrub,correct drug name,"BN,IN",high,multi,828,0,OcuSoft Lid Scrub,OcuSoft Lid Scrub,ocusoft lid scrub,"BN, IN",2272,0.99999976,0.99999976,0.99999976,1,0.3816053,0.3816053,0.3816053,0,1.0,3.0,0.75,1,0.99834,0.99834,0.99834,1,0.99867,0.99867,0.99867,1
829,Glucerna,correct drug name,IN,high,multi,829,0,Glucerna,Glucerna,glucerna,IN,2272,0.99999762,0.99999762,0.99999762,1,0.2767373,0.2767373,0.2767373,0,0.0,0.0,0.0,0,0.00036,0.00036,0.00036,0,0.00056,0.00056,0.00056,0
830,Calcium + Vitamin D3,correct drug name,IN,high,multi,830,0,Calcium + Vitamin D3,Calcium + Vitamin D3,calcium + vitamin d3,IN,2273,0.99999988,0.99999988,0.99999988,1,0.36470219,0.36470219,0.36470219,0,0.0,0.0,0.0,0,0.00332,0.00332,0.00332,0,0.00033,0.00033,0.00033,0
831,Daily Multiple,correct drug name,IN,high,multi,831,0,Daily Multiple,Daily Multiple,daily multiple,IN,2276,0.99989843,0.99989843,0.99989843,1,0.58067197,0.58067197,0.58067197,1,0.0,0.0,0.0,0,0.00024,0.00024,0.00024,0,0.00047,0.00047,0.00047,0
832,Polysporin,correct drug name,BN,high,multi,832,0,Polysporin,Polysporin,polysporin,BN,2278,0.00761891,0.00761891,0.00761891,0,0.21054411,0.21054411,0.21054411,0,0.0,0.0,0.0,0,0.00189,0.00189,0.00189,0,0.01061,0.01061,0.01061,0
833,galantamine,correct drug name,IN,high,multi,833,0,galantamine,galantamine,galantamine,IN,2293,4.7e-06,4.7e-06,4.7e-06,0,0.15921345,0.15921345,0.15921345,0,0.0,0.0,0.0,0,0.00404,0.00404,0.00404,0,0.00169,0.00169,0.00169,0
834,Afluria,correct drug name,BN,high,multi,834,0,Afluria,Afluria,afluria,BN,2300,0.5590893,0.5590893,0.5590893,1,0.58977944,0.58977944,0.58977944,1,0.0,0.0,0.0,0,0.03225,0.03225,0.03225,0,0.00048,0.00048,0.00048,0
835,PhosLo,correct drug name,BN,high,multi,835,0,PhosLo,PhosLo,phoslo,BN,2305,0.61932522,0.61932522,0.61932522,1,0.30537161,0.30537161,0.30537161,0,1.0,3.0,0.75,1,0.22926,0.22926,0.22926,0,0.00082,0.00082,0.00082,0
836,Milk of Magnesia Concentrate,correct drug name,IN,high,multi,836,0,Milk of Magnesia Concentrate,Milk of Magnesia Concentrate,milk of magnesia concentrate,IN,2315,0.99999702,0.99999702,0.99999702,1,0.10098884,0.10098884,0.10098884,0,0.0,0.0,0.0,0,0.00019,0.00019,0.00019,0,0.00024,0.00024,0.00024,0
837,Prevacid SoluTab,correct drug name,BN,high,multi,837,0,Prevacid SoluTab,Prevacid SoluTab,prevacid solutab,BN,2326,0.99999976,0.99999976,0.99999976,1,0.26547781,0.26547781,0.26547781,0,1.0,3.0,0.75,1,0.09242,0.09242,0.09242,0,0.0006,0.0006,0.0006,0
838,Vascepa,correct drug name,BN,high,multi,838,0,Vascepa,Vascepa,vascepa,BN,2333,0.00073469,0.00073469,0.00073469,0,0.25531298,0.25531298,0.25531298,0,0.0,0.0,0.0,0,0.00521,0.00521,0.00521,0,0.99651,0.99651,0.99651,1
840,Pentoxifylline ER,correct drug name,BN,high,multi,840,0,Pentoxifylline ER,Pentoxifylline ER,pentoxifylline er,BN,2348,0.99752504,0.99752504,0.99752504,1,0.45061353,0.45061353,0.45061353,1,0.0,0.0,0.0,0,0.00175,0.00175,0.00175,0,0.0039,0.0039,0.0039,0
841,Colcrys,correct drug name,BN,high,multi,841,0,Colcrys,Colcrys,colcrys,BN,2349,0.46061328,0.46061328,0.46061328,1,0.28761941,0.28761941,0.28761941,0,0.0,0.0,0.0,0,0.00861,0.00861,0.00861,0,0.00075,0.00075,0.00075,0
842,Stool Softener-Laxative,correct drug name,BN,high,multi,842,0,Stool Softener-Laxative,Stool Softener-Laxative,stool softener-laxative,BN,2351,0.99999917,0.99999917,0.99999917,1,0.61182058,0.61182058,0.61182058,1,1.0,0.0,0.0,1,0.00025,0.00025,0.00025,0,0.00026,0.00026,0.00026,0
843,Bactroban Nasal,correct drug name,BN,high,multi,843,0,Bactroban Nasal,Bactroban Nasal,bactroban nasal,BN,2370,3.164e-05,3.164e-05,3.164e-05,0,0.46423241,0.46423241,0.46423241,1,1.0,3.0,0.75,1,0.00034,0.00034,0.00034,0,0.00081,0.00081,0.00081,0
844,Anti-Diarrheal (loperamide),correct drug name,"BN,IN",high,multi,844,0,Anti-Diarrheal (loperamide),Anti-Diarrheal (loperamide),anti-diarrheal (loperamide),"BN, IN",2372,0.20122851,0.20122851,0.20122851,1,0.38091561,0.38091561,0.38091561,0,1.0,2.0,0.5,1,0.00324,0.00324,0.00324,0,0.00029,0.00029,0.00029,0
845,Dakins,correct drug name,BN,high,multi,845,0,Dakins,Dakins,dakins,BN,2374,1.081e-05,1.081e-05,1.081e-05,0,0.43060628,0.43060628,0.43060628,1,0.0,0.0,0.0,0,0.00075,0.00075,0.00075,0,0.00029,0.00029,0.00029,0
846,Probiotic Blend,correct drug name,IN,high,multi,846,0,Probiotic Blend,Probiotic Blend,probiotic blend,IN,2375,0.00113589,0.00113589,0.00113589,0,0.30582169,0.30582169,0.30582169,0,0.0,0.0,0.0,0,0.00078,0.00078,0.00078,0,0.0004,0.0004,0.0004,0
847,Deep Sea Nasal,correct drug name,BN,high,multi,847,0,Deep Sea Nasal,Deep Sea Nasal,deep sea nasal,BN,2378,0.0469575,0.0469575,0.0469575,0,0.32081115,0.32081115,0.32081115,0,0.0,0.0,0.0,0,0.00034,0.00034,0.00034,0,0.00037,0.00037,0.00037,0
849,Benzocaine-Menthol,correct drug name,IN,high,multi,849,0,Benzocaine-Menthol,Benzocaine-Menthol,benzocaine-menthol,IN,2417,0.99991131,0.99991131,0.99991131,1,0.21198419,0.21198419,0.21198419,0,1.0,0.0,0.0,1,0.00587,0.00587,0.00587,0,0.00057,0.00057,0.00057,0
850,Ozempic (1 MG/DOSE),correct drug name,BN,high,multi,850,0,Ozempic (1 MG/DOSE),Ozempic (1 MG/DOSE),ozempic (1 mg/dose),BN,2419,8.6e-07,8.6e-07,8.6e-07,0,0.24289933,0.24289933,0.24289933,0,1.0,0.0,0.0,1,0.66993,0.66993,0.66993,1,0.71084,0.71084,0.71084,1
851,Vitamin D-3,correct drug name,IN,high,multi,851,0,Vitamin D-3,Vitamin D-3,vitamin d-3,IN,2439,0.99999976,0.99999976,0.99999976,1,0.34567115,0.34567115,0.34567115,0,0.0,0.0,0.0,0,0.00779,0.00779,0.00779,0,0.00057,0.00057,0.00057,0
852,STEP 1 - Tubersol,correct drug name,BN,high,multi,852,0,STEP 1 - Tubersol,STEP 1 - Tubersol,step 1 - tubersol,BN,2448,0.99999964,0.99999964,0.99999964,1,0.66008562,0.66008562,0.66008562,1,0.0,0.0,0.0,0,0.9927,0.9927,0.9927,1,0.98648,0.98648,0.98648,1
854,Nifedical XL,correct drug name,BN,high,multi,854,0,Nifedical XL,Nifedical XL,nifedical xl,BN,2487,2.93e-06,2.93e-06,2.93e-06,0,0.28100157,0.28100157,0.28100157,0,0.0,0.0,0.0,0,0.00046,0.00046,0.00046,0,0.00027,0.00027,0.00027,0
855,Caltrate 600 + D,correct drug name,BN,high,multi,855,0,Caltrate 600 + D,Caltrate 600 + D,caltrate 600 + d,BN,2506,0.00506389,0.00506389,0.00506389,0,0.46654418,0.46654418,0.46654418,1,0.0,0.0,0.0,0,0.00478,0.00478,0.00478,0,0.00503,0.00503,0.00503,0
856,Zaroxolyn,correct drug name,BN,high,multi,856,0,Zaroxolyn,Zaroxolyn,zaroxolyn,BN,2519,0.99988389,0.99988389,0.99988389,1,0.19489647,0.19489647,0.19489647,0,0.0,0.0,0.0,0,0.85017,0.85017,0.85017,1,0.00145,0.00145,0.00145,0
858,potassium gluconate,correct drug name,IN,high,multi,858,0,potassium gluconate,potassium gluconate,potassium gluconate,IN,2529,5.127e-05,5.127e-05,5.127e-05,0,0.18835849,0.18835849,0.18835849,0,0.0,0.0,0.0,0,0.0003,0.0003,0.0003,0,0.00028,0.00028,0.00028,0
859,Garlic,correct drug name,IN,high,multi,859,0,Garlic,Garlic,garlic,IN,2535,0.99999905,0.99999905,0.99999905,1,0.30712441,0.30712441,0.30712441,0,0.0,0.0,0.0,0,0.00178,0.00178,0.00178,0,0.00043,0.00043,0.00043,0
861,Robitussin Cough+Chest Cong DM,correct drug name,BN,high,multi,861,0,Robitussin Cough+Chest Cong DM,Robitussin Cough+Chest Cong DM,robitussin cough+chest cong dm,BN,2560,0.99979967,0.99979967,0.99979967,1,0.64050663,0.64050663,0.64050663,1,0.0,0.0,0.0,0,0.08489,0.08489,0.08489,0,0.99697,0.99697,0.99697,1
862,febuxostat,correct drug name,IN,high,multi,862,0,febuxostat,febuxostat,febuxostat,IN,2575,2.154e-05,2.154e-05,2.154e-05,0,0.09408146,0.09408146,0.09408146,0,0.0,0.0,0.0,0,0.00078,0.00078,0.00078,0,0.00114,0.00114,0.00114,0
863,omega-3 fatty acids-fish oil,correct drug name,IN,high,multi,863,0,omega-3 fatty acids-fish oil,omega-3 fatty acids-fish oil,omega-3 fatty acids-fish oil,IN,2585,0.04769129,0.04769129,0.04769129,0,0.14380372,0.14380372,0.14380372,0,1.0,0.0,0.0,1,0.00034,0.00034,0.00034,0,0.00028,0.00028,0.00028,0
864,NovoLIN N,correct drug name,BN,high,multi,864,0,NovoLIN N,NovoLIN N,novolin n,BN,2588,0.86694014,0.86694014,0.86694014,1,0.55370194,0.55370194,0.55370194,1,0.0,0.0,0.0,0,0.46107,0.46107,0.46107,0,0.00045,0.00045,0.00045,0
865,Vicodin,correct drug name,BN,high,multi,865,0,Vicodin,Vicodin,vicodin,BN,2598,1.256e-05,1.256e-05,1.256e-05,0,0.23374905,0.23374905,0.23374905,0,0.0,0.0,0.0,0,0.00022,0.00022,0.00022,0,0.00028,0.00028,0.00028,0
866,SilvaSorb,correct drug name,IN,high,multi,866,0,SilvaSorb,SilvaSorb,silvasorb,IN,2606,0.99836999,0.99836999,0.99836999,1,0.18240178,0.18240178,0.18240178,0,0.0,0.0,0.0,0,0.00132,0.00132,0.00132,0,0.80403,0.80403,0.80403,1
867,phenazopyridine,correct drug name,IN,high,multi,867,0,phenazopyridine,phenazopyridine,phenazopyridine,IN,2608,7.328e-05,7.328e-05,7.328e-05,0,0.14783564,0.14783564,0.14783564,0,0.0,0.0,0.0,0,0.00081,0.00081,0.00081,0,0.00099,0.00099,0.00099,0
868,Dulaglutide,correct drug name,IN,high,multi,868,0,Dulaglutide,Dulaglutide,dulaglutide,IN,2609,1.184e-05,1.184e-05,1.184e-05,0,0.16857216,0.16857216,0.16857216,0,0.0,0.0,0.0,0,0.06164,0.06164,0.06164,0,0.00264,0.00264,0.00264,0
869,ranolazine,correct drug name,IN,high,multi,869,0,ranolazine,ranolazine,ranolazine,IN,2610,0.03427253,0.03427253,0.03427253,0,0.12001727,0.12001727,0.12001727,0,1.0,0.0,0.0,1,0.00195,0.00195,0.00195,0,0.99985,0.99985,0.99985,1
870,EpiPen 2-Pak,correct drug name,BN,high,multi,870,0,EpiPen 2-Pak,EpiPen 2-Pak,epipen 2-pak,BN,2610,0.99999988,0.99999988,0.99999988,1,0.21530406,0.21530406,0.21530406,0,0.0,0.0,0.0,0,0.00106,0.00106,0.00106,0,0.00048,0.00048,0.00048,0
872,Tobrex,correct drug name,BN,high,multi,872,0,Tobrex,Tobrex,tobrex,BN,2619,9.93e-06,9.93e-06,9.93e-06,0,0.17233238,0.17233238,0.17233238,0,0.0,0.0,0.0,0,0.57769,0.57769,0.57769,1,0.00108,0.00108,0.00108,0
873,calcitonin,correct drug name,IN,high,multi,873,0,calcitonin,calcitonin,calcitonin,IN,2620,2.361e-05,2.361e-05,2.361e-05,0,0.43297186,0.43297186,0.43297186,1,0.0,0.0,0.0,0,0.00044,0.00044,0.00044,0,0.00773,0.00773,0.00773,0
874,Micatin,correct drug name,BN,high,multi,874,0,Micatin,Micatin,micatin,BN,2621,1.448e-05,1.448e-05,1.448e-05,0,0.21762139,0.21762139,0.21762139,0,0.0,0.0,0.0,0,0.00132,0.00132,0.00132,0,0.00507,0.00507,0.00507,0
875,Xeroform Petrolatum Dressing,correct drug name,IN,high,multi,875,0,Xeroform Petrolatum Dressing,Xeroform Petrolatum Dressing,xeroform petrolatum dressing,IN,2633,9.305e-05,9.305e-05,9.305e-05,0,0.17310396,0.17310396,0.17310396,0,1.0,2.0,0.5,1,0.00049,0.00049,0.00049,0,0.00105,0.00105,0.00105,0
876,Therapeutic Multivit/Mineral,correct short drug name,IN,high,multi,876,0,Therapeutic Multivit/Mineral,Therapeutic Multivit/Mineral,therapeutic multivit/mineral,IN,2649,0.99894422,0.99894422,0.99894422,1,0.34615266,0.34615266,0.34615266,0,1.0,0.0,0.0,1,0.00029,0.00029,0.00029,0,0.00041,0.00041,0.00041,0
877,Omeprazole Magnesium,correct drug name,IN,high,multi,877,0,Omeprazole Magnesium,Omeprazole Magnesium,omeprazole magnesium,IN,2657,0.99964499,0.99964499,0.99964499,1,0.18289973,0.18289973,0.18289973,0,0.0,0.0,0.0,0,0.00037,0.00037,0.00037,0,0.00303,0.00303,0.00303,0
878,Sinemet CR,correct drug name,BN,high,multi,878,0,Sinemet CR,Sinemet CR,sinemet cr,BN,2663,0.22200237,0.22200237,0.22200237,1,0.27368107,0.27368107,0.27368107,0,0.0,0.0,0.0,0,0.00203,0.00203,0.00203,0,0.00038,0.00038,0.00038,0
879,bacitracin-polymyxin B,correct drug name,IN,high,multi,879,0,bacitracin-polymyxin B,bacitracin-polymyxin B,bacitracin-polymyxin b,IN,2666,5.116e-05,5.116e-05,5.116e-05,0,0.27582458,0.27582458,0.27582458,0,0.0,0.0,0.0,0,0.00042,0.00042,0.00042,0,0.00027,0.00027,0.00027,0
880,vitamin B12-folic acid,correct drug name,"BN,IN",high,multi,880,0,vitamin B12-folic acid,vitamin B12-folic acid,vitamin b12-folic acid,"BN, IN",2687,0.00084853,0.00084853,0.00084853,0,0.33770934,0.33770934,0.33770934,0,0.0,0.0,0.0,0,0.00111,0.00111,0.00111,0,0.00026,0.00026,0.00026,0
881,Flaxseed Oil,correct drug name,IN,high,multi,881,0,Flaxseed Oil,Flaxseed Oil,flaxseed oil,IN,2699,0.00062042,0.00062042,0.00062042,0,0.1622483,0.1622483,0.1622483,0,0.0,0.0,0.0,0,0.00027,0.00027,0.00027,0,0.00033,0.00033,0.00033,0
882,Q-Tussin DM,correct drug name,BN,high,multi,882,0,Q-Tussin DM,Q-Tussin DM,q-tussin dm,BN,2710,0.00019428,0.00019428,0.00019428,0,0.55067861,0.55067861,0.55067861,1,0.0,0.0,0.0,0,0.00051,0.00051,0.00051,0,0.00026,0.00026,0.00026,0
883,Excedrin Migraine,correct drug name,BN,high,multi,883,0,Excedrin Migraine,Excedrin Migraine,excedrin migraine,BN,2712,0.99999881,0.99999881,0.99999881,1,0.11319351,0.11319351,0.11319351,0,0.0,0.0,0.0,0,0.00041,0.00041,0.00041,0,0.00027,0.00027,0.00027,0
884,Glucophage XR,correct drug name,BN,high,multi,884,0,Glucophage XR,Glucophage XR,glucophage xr,BN,2728,0.99999988,0.99999988,0.99999988,1,0.2987082,0.2987082,0.2987082,0,0.0,0.0,0.0,0,0.00123,0.00123,0.00123,0,0.00168,0.00168,0.00168,0
885,Trintellix,correct drug name,BN,high,multi,885,0,Trintellix,Trintellix,trintellix,BN,2732,5.27e-06,5.27e-06,5.27e-06,0,0.1609116,0.1609116,0.1609116,0,0.0,0.0,0.0,0,0.00195,0.00195,0.00195,0,0.00342,0.00342,0.00342,0
886,Ritalin,correct drug name,BN,high,multi,886,0,Ritalin,Ritalin,ritalin,BN,2733,4.02e-06,4.02e-06,4.02e-06,0,0.16239485,0.16239485,0.16239485,0,0.0,0.0,0.0,0,0.00089,0.00089,0.00089,0,0.00127,0.00127,0.00127,0
887,Glucagon (HCl) Emergency Kit,correct drug name,IN,high,multi,887,0,Glucagon (HCl) Emergency Kit,Glucagon (HCl) Emergency Kit,glucagon (hcl) emergency kit,IN,2735,0.99999952,0.99999952,0.99999952,1,0.27887467,0.27887467,0.27887467,0,1.0,3.0,0.75,1,0.00109,0.00109,0.00109,0,0.00085,0.00085,0.00085,0
889,Methylphenidate HCl,correct drug name,IN,high,multi,889,0,Methylphenidate HCl,Methylphenidate HCl,methylphenidate hcl,IN,2740,0.8953554,0.8953554,0.8953554,1,0.13173628,0.13173628,0.13173628,0,0.0,0.0,0.0,0,0.00053,0.00053,0.00053,0,0.00041,0.00041,0.00041,0
890,Tresiba FlexTouch U-100,correct drug name,BN,high,multi,890,0,Tresiba FlexTouch U-100,Tresiba FlexTouch U-100,tresiba flextouch u-100,BN,2742,0.9744193,0.9744193,0.9744193,1,0.17292477,0.17292477,0.17292477,0,1.0,1.0,0.25,1,0.00204,0.00204,0.00204,0,0.01752,0.01752,0.01752,0
891,Trolamine Salicylate,correct drug name,IN,high,multi,891,0,Trolamine Salicylate,Trolamine Salicylate,trolamine salicylate,IN,2744,0.87026608,0.87026608,0.87026608,1,0.16998167,0.16998167,0.16998167,0,0.0,0.0,0.0,0,0.99776,0.99776,0.99776,1,0.0177,0.0177,0.0177,0
892,Psyllium,correct drug name,IN,high,multi,892,0,Psyllium,Psyllium,psyllium,IN,2758,0.00022848,0.00022848,0.00022848,0,0.39516184,0.39516184,0.39516184,1,0.0,0.0,0.0,0,0.00133,0.00133,0.00133,0,0.0004,0.0004,0.0004,0
893,Optifoam,correct drug name,BN,high,multi,893,0,Optifoam,Optifoam,optifoam,BN,2758,0.13310999,0.13310999,0.13310999,0,0.23051207,0.23051207,0.23051207,0,1.0,2.0,0.5,1,0.00083,0.00083,0.00083,0,0.0672,0.0672,0.0672,0
895,Phytonadione,correct drug name,IN,high,multi,895,0,Phytonadione,Phytonadione,phytonadione,IN,2769,0.99999154,0.99999154,0.99999154,1,0.25762862,0.25762862,0.25762862,0,0.0,0.0,0.0,0,0.00046,0.00046,0.00046,0,0.00112,0.00112,0.00112,0
896,Alfuzosin HCl ER,correct drug name,IN,high,multi,896,0,Alfuzosin HCl ER,Alfuzosin HCl ER,alfuzosin hcl er,IN,2770,0.99999928,0.99999928,0.99999928,1,0.23354043,0.23354043,0.23354043,0,0.0,0.0,0.0,0,0.00051,0.00051,0.00051,0,0.00063,0.00063,0.00063,0
897,Glucose Gel,correct drug name,BN,high,multi,897,0,Glucose Gel,Glucose Gel,glucose gel,BN,2772,0.99999928,0.99999928,0.99999928,1,0.39235243,0.39235243,0.39235243,1,0.0,0.0,0.0,0,0.00274,0.00274,0.00274,0,0.00054,0.00054,0.00054,0
898,Saline Flush,correct drug name,IN,high,multi,898,0,Saline Flush,Saline Flush,saline flush,IN,2772,3.864e-05,3.864e-05,3.864e-05,0,0.32535166,0.32535166,0.32535166,0,0.0,0.0,0.0,0,0.00026,0.00026,0.00026,0,0.00053,0.00053,0.00053,0
899,Latuda,correct drug name,BN,high,multi,899,0,Latuda,Latuda,latuda,BN,2774,0.99999893,0.99999893,0.99999893,1,0.19524638,0.19524638,0.19524638,0,0.0,0.0,0.0,0,0.90019,0.90019,0.90019,1,0.99828,0.99828,0.99828,1
900,Imitrex,correct drug name,BN,high,multi,900,0,Imitrex,Imitrex,imitrex,BN,2788,4.449e-05,4.449e-05,4.449e-05,0,0.25199825,0.25199825,0.25199825,0,0.0,0.0,0.0,0,0.0013,0.0013,0.0013,0,0.00041,0.00041,0.00041,0
902,Magnesium Gluconate,correct drug name,IN,high,multi,902,0,Magnesium Gluconate,Magnesium Gluconate,magnesium gluconate,IN,2802,0.99999762,0.99999762,0.99999762,1,0.25947371,0.25947371,0.25947371,0,0.0,0.0,0.0,0,0.00028,0.00028,0.00028,0,0.00029,0.00029,0.00029,0
903,Glucosamine,correct drug name,IN,high,multi,903,0,Glucosamine,Glucosamine,glucosamine,IN,2816,0.99999964,0.99999964,0.99999964,1,0.45178381,0.45178381,0.45178381,1,0.0,0.0,0.0,0,0.00115,0.00115,0.00115,0,0.00193,0.00193,0.00193,0
904,Fluticasone-Umeclidin-Vilant,correct short drug name,IN,high,multi,904,0,Fluticasone-Umeclidin-Vilant,Fluticasone-Umeclidin-Vilant,fluticasone-umeclidin-vilant,IN,2817,0.2667301,0.2667301,0.2667301,1,0.70772719,0.70772719,0.70772719,1,1.0,0.0,0.0,1,0.99915,0.99915,0.99915,1,0.9998,0.9998,0.9998,1
905,mesalamine,correct drug name,IN,high,multi,905,0,mesalamine,mesalamine,mesalamine,IN,2824,2.17e-06,2.17e-06,2.17e-06,0,0.32668513,0.32668513,0.32668513,0,0.0,0.0,0.0,0,0.00148,0.00148,0.00148,0,0.00042,0.00042,0.00042,0
906,HumuLIN N,correct drug name,BN,high,multi,906,0,HumuLIN N,HumuLIN N,humulin n,BN,2833,2.2e-06,2.2e-06,2.2e-06,0,0.53738111,0.53738111,0.53738111,1,0.0,0.0,0.0,0,0.00207,0.00207,0.00207,0,0.00038,0.00038,0.00038,0
907,Multi-Day,correct drug name,BN,high,multi,907,0,Multi-Day,Multi-Day,multi-day,BN,2840,0.00019812,0.00019812,0.00019812,0,0.42863697,0.42863697,0.42863697,1,0.0,0.0,0.0,0,0.00021,0.00021,0.00021,0,0.00037,0.00037,0.00037,0
908,balsam peru-castor oil,correct drug name,IN,high,multi,908,0,balsam peru-castor oil,balsam peru-castor oil,balsam peru-castor oil,IN,2844,0.99031889,0.99031889,0.99031889,1,0.26441464,0.26441464,0.26441464,0,1.0,0.0,0.0,1,0.00051,0.00051,0.00051,0,0.0003,0.0003,0.0003,0
909,Calcium Antacid,correct drug name,BN,high,multi,909,0,Calcium Antacid,Calcium Antacid,calcium antacid,BN,2851,0.99999094,0.99999094,0.99999094,1,0.20215349,0.20215349,0.20215349,0,0.0,0.0,0.0,0,0.00016,0.00016,0.00016,0,0.00026,0.00026,0.00026,0
911,Throat Lozenges,correct drug name,BN,high,multi,911,0,Throat Lozenges,Throat Lozenges,throat lozenges,BN,2865,0.99999583,0.99999583,0.99999583,1,0.50761348,0.50761348,0.50761348,1,0.0,0.0,0.0,0,0.00024,0.00024,0.00024,0,0.00063,0.00063,0.00063,0
912,linaCLOtide,correct drug name,IN,high,multi,912,0,linaCLOtide,linaCLOtide,linaclotide,IN,2870,3.287e-05,3.287e-05,3.287e-05,0,0.17138229,0.17138229,0.17138229,0,0.0,0.0,0.0,0,0.00288,0.00288,0.00288,0,0.00052,0.00052,0.00052,0
913,Fluzone Quad 2020-2021 (flu vaccine qs2020-21(6mos up)),correct drug name,"BN,IN",high,multi,913,0,Fluzone Quad 2020-2021 (flu vaccine qs2020-21(6mos up)),Fluzone Quad 2020-2021 (flu vaccine qs2020-21(6mos up)),fluzone quad 2020-2021 (flu vaccine qs2020-21(6mos up)),"BN, IN",2870,0.99998045,0.99998045,0.99998045,1,0.30548033,0.30548033,0.30548033,0,1.0,2.0,0.5,1,0.02733,0.02733,0.02733,0,0.99986,0.99986,0.99986,1
914,Stool Softener,correct drug name,BN,high,multi,914,0,Stool Softener,Stool Softener,stool softener,BN,2876,1.0,1.0,1.0,1,0.32600579,0.32600579,0.32600579,0,0.0,0.0,0.0,0,0.00025,0.00025,0.00025,0,0.00029,0.00029,0.00029,0
915,Risa-Bid Probiotic,correct drug name,BN,high,multi,915,0,Risa-Bid Probiotic,Risa-Bid Probiotic,risa-bid probiotic,BN,2902,0.00037,0.00037,0.00037,0,0.45785555,0.45785555,0.45785555,1,0.0,0.0,0.0,0,0.00482,0.00482,0.00482,0,0.00541,0.00541,0.00541,0
916,lubiprostone,correct drug name,IN,high,multi,916,0,lubiprostone,lubiprostone,lubiprostone,IN,2903,2.06e-06,2.06e-06,2.06e-06,0,0.1482624,0.1482624,0.1482624,0,0.0,0.0,0.0,0,0.00315,0.00315,0.00315,0,0.00426,0.00426,0.00426,0
917,Cartia XT,correct drug name,BN,high,multi,917,0,Cartia XT,Cartia XT,cartia xt,BN,2905,0.00017971,0.00017971,0.00017971,0,0.25400788,0.25400788,0.25400788,0,1.0,2.0,0.5,1,0.01586,0.01586,0.01586,0,0.95361,0.95361,0.95361,1
918,ferrous fumarate,correct drug name,IN,high,multi,918,0,ferrous fumarate,ferrous fumarate,ferrous fumarate,IN,2908,5.051e-05,5.051e-05,5.051e-05,0,0.23622285,0.23622285,0.23622285,0,0.0,0.0,0.0,0,0.0003,0.0003,0.0003,0,0.00215,0.00215,0.00215,0
919,Oyster Shell Calcium 500,correct drug name,BN,high,multi,919,0,Oyster Shell Calcium 500,Oyster Shell Calcium 500,oyster shell calcium 500,BN,2911,0.01639946,0.01639946,0.01639946,0,0.15027177,0.15027177,0.15027177,0,0.0,0.0,0.0,0,0.00038,0.00038,0.00038,0,0.0003,0.0003,0.0003,0
920,Arformoterol Tartrate,correct drug name,IN,high,multi,920,0,Arformoterol Tartrate,Arformoterol Tartrate,arformoterol tartrate,IN,2912,0.005429,0.005429,0.005429,0,0.08693711,0.08693711,0.08693711,0,0.0,0.0,0.0,0,0.00076,0.00076,0.00076,0,0.00447,0.00447,0.00447,0
921,HumuLIN 70/30,correct drug name,BN,high,multi,921,0,HumuLIN 70/30,HumuLIN 70/30,humulin 70/30,BN,2918,2.956e-05,2.956e-05,2.956e-05,0,0.27163485,0.27163485,0.27163485,0,0.0,0.0,0.0,0,0.0377,0.0377,0.0377,0,0.00054,0.00054,0.00054,0
922,Nasal Spray (sodium chloride),correct drug name,IN,high,multi,922,0,Nasal Spray (sodium chloride),Nasal Spray (sodium chloride),nasal spray (sodium chloride),IN,2924,0.00110379,0.00110379,0.00110379,0,0.45552674,0.45552674,0.45552674,1,0.0,0.0,0.0,0,0.0003,0.0003,0.0003,0,0.00155,0.00155,0.00155,0
923,dexAMETHasone Sodium Phosphate,correct drug name,IN,high,multi,923,0,dexAMETHasone Sodium Phosphate,dexAMETHasone Sodium Phosphate,dexamethasone sodium phosphate,IN,2924,0.97621948,0.97621948,0.97621948,1,0.09004999,0.09004999,0.09004999,0,0.0,0.0,0.0,0,0.00104,0.00104,0.00104,0,0.00045,0.00045,0.00045,0
924,Carboxymethylcellulose Sod PF,correct drug name,IN,high,multi,924,0,Carboxymethylcellulose Sod PF,Carboxymethylcellulose Sod PF,carboxymethylcellulose sod pf,IN,2925,0.99997079,0.99997079,0.99997079,1,0.41947758,0.41947758,0.41947758,1,0.0,0.0,0.0,0,0.02236,0.02236,0.02236,0,0.07077,0.07077,0.07077,0
925,nadolol,correct drug name,IN,high,multi,925,0,nadolol,nadolol,nadolol,IN,2933,4.44e-06,4.44e-06,4.44e-06,0,0.17142202,0.17142202,0.17142202,0,0.0,0.0,0.0,0,0.00086,0.00086,0.00086,0,0.00064,0.00064,0.00064,0
926,Refresh Liquigel,correct drug name,BN,high,multi,926,0,Refresh Liquigel,Refresh Liquigel,refresh liquigel,BN,2936,0.99999976,0.99999976,0.99999976,1,0.20278847,0.20278847,0.20278847,0,0.0,0.0,0.0,0,0.00055,0.00055,0.00055,0,0.00039,0.00039,0.00039,0
927,Zestril,correct drug name,BN,high,multi,927,0,Zestril,Zestril,zestril,BN,2943,6.48e-06,6.48e-06,6.48e-06,0,0.2396325,0.2396325,0.2396325,0,0.0,0.0,0.0,0,0.00109,0.00109,0.00109,0,0.00169,0.00169,0.00169,0
928,Trospium Chloride,correct drug name,IN,high,multi,928,0,Trospium Chloride,Trospium Chloride,trospium chloride,IN,2948,0.99999213,0.99999213,0.99999213,1,0.11857473,0.11857473,0.11857473,0,0.0,0.0,0.0,0,0.00024,0.00024,0.00024,0,0.00071,0.00071,0.00071,0
929,Aranesp (in polysorbate),correct drug name,"BN,IN",high,multi,929,0,Aranesp (in polysorbate),Aranesp (in polysorbate),aranesp (in polysorbate),"BN, IN",2950,3.871e-05,3.871e-05,3.871e-05,0,0.19932063,0.19932063,0.19932063,0,1.0,1.0,0.25,1,0.02052,0.02052,0.02052,0,0.72111,0.72111,0.72111,1
930,Hydroxyurea,correct drug name,IN,high,multi,930,0,Hydroxyurea,Hydroxyurea,hydroxyurea,IN,2958,0.99999833,0.99999833,0.99999833,1,0.26815772,0.26815772,0.26815772,0,0.0,0.0,0.0,0,0.00026,0.00026,0.00026,0,0.0009,0.0009,0.0009,0
931,Lantiseptic Skin Protectant,correct drug name,BN,high,multi,931,0,Lantiseptic Skin Protectant,Lantiseptic Skin Protectant,lantiseptic skin protectant,BN,2961,0.99990952,0.99990952,0.99990952,1,0.34959561,0.34959561,0.34959561,0,0.0,0.0,0.0,0,0.00031,0.00031,0.00031,0,0.00028,0.00028,0.00028,0
934,Fluad Quad 2023-24(65y up)(PF) (flu vac 2023 65up-adjmf59c(pf)),correct drug name,"BN,IN",high,multi,934,0,Fluad Quad 2023-24(65y up)(PF) (flu vac 2023 65up-adjmf59c(pf)),Fluad Quad 2023-24(65y up)(PF) (flu vac 2023 65up-adjmf59c(pf)),fluad quad 2023-24(65y up)(pf) (flu vac 2023 65up-adjmf59c(pf)),"BN, IN",2998,1.0,1.0,1.0,1,0.5287649,0.5287649,0.5287649,1,1.0,3.0,0.75,1,0.99996,0.99996,0.99996,1,0.99975,0.99975,0.99975,1
935,Phenol,correct drug name,IN,high,multi,935,0,Phenol,Phenol,phenol,IN,3024,0.30314547,0.30314547,0.30314547,1,0.31265005,0.31265005,0.31265005,0,0.0,0.0,0.0,0,0.11326,0.11326,0.11326,0,0.01263,0.01263,0.01263,0
936,I-Vite,correct drug name,BN,high,multi,936,0,I-Vite,I-Vite,i-vite,BN,3024,0.00029566,0.00029566,0.00029566,0,0.46863469,0.46863469,0.46863469,1,0.0,0.0,0.0,0,0.94042,0.94042,0.94042,1,0.8033,0.8033,0.8033,1
937,ciclopirox,correct drug name,IN,high,multi,937,0,ciclopirox,ciclopirox,ciclopirox,IN,3024,0.00050945,0.00050945,0.00050945,0,0.15671292,0.15671292,0.15671292,0,0.0,0.0,0.0,0,0.00041,0.00041,0.00041,0,0.00035,0.00035,0.00035,0
938,Natural Tears (PF) (dextran 70-hypromellose (pf)),correct drug name,IN,high,multi,938,0,Natural Tears (PF) (dextran 70-hypromellose (pf)),Natural Tears (PF) (dextran 70-hypromellose (pf)),natural tears (pf) (dextran 70-hypromellose (pf)),IN,3026,0.99316823,0.99316823,0.99316823,1,0.28976545,0.28976545,0.28976545,0,1.0,2.0,0.5,1,0.99993,0.99993,0.99993,1,0.99982,0.99982,0.99982,1
939,Normal Saline Flush (sodium chloride 0.9 % (flush)),correct drug name,IN,high,multi,939,0,Normal Saline Flush (sodium chloride 0.9 % (flush)),Normal Saline Flush (sodium chloride 0.9 % (flush)),normal saline flush (sodium chloride 0.9 % (flush)),IN,3036,0.09176207,0.09176207,0.09176207,0,0.38570401,0.38570401,0.38570401,1,1.0,1.0,0.25,1,0.66586,0.66586,0.66586,1,0.00546,0.00546,0.00546,0
940,Uloric,correct drug name,BN,high,multi,940,0,Uloric,Uloric,uloric,BN,3038,3.61e-06,3.61e-06,3.61e-06,0,0.21772,0.21772,0.21772,0,0.0,0.0,0.0,0,0.00241,0.00241,0.00241,0,0.00921,0.00921,0.00921,0
941,trimethoprim,correct drug name,IN,high,multi,941,0,trimethoprim,trimethoprim,trimethoprim,IN,3041,6.39e-06,6.39e-06,6.39e-06,0,0.17862354,0.17862354,0.17862354,0,0.0,0.0,0.0,0,0.00025,0.00025,0.00025,0,0.00077,0.00077,0.00077,0
942,Novofine Autocover,correct non-drug name,BN,high,multi,942,0,Novofine Autocover,Novofine Autocover,novofine autocover,BN,3042,0.9999913,0.9999913,0.9999913,1,0.27237418,0.27237418,0.27237418,0,1.0,3.0,0.75,1,0.21977,0.21977,0.21977,0,0.99795,0.99795,0.99795,1
943,doxepin,correct drug name,IN,high,multi,943,0,doxepin,doxepin,doxepin,IN,3045,1.552e-05,1.552e-05,1.552e-05,0,0.09613624,0.09613624,0.09613624,0,0.0,0.0,0.0,0,0.001,0.001,0.001,0,0.00132,0.00132,0.00132,0
944,Ecotrin Low Strength,correct drug name,"BN,IN",high,multi,944,0,Ecotrin Low Strength,Ecotrin Low Strength,ecotrin low strength,"BN, IN",3051,0.95887494,0.95887494,0.95887494,1,0.41391793,0.41391793,0.41391793,1,0.0,0.0,0.0,0,0.00033,0.00033,0.00033,0,0.00079,0.00079,0.00079,0
946,Calcium Citrate + D,correct drug name,IN,high,multi,946,0,Calcium Citrate + D,Calcium Citrate + D,calcium citrate + d,IN,3095,0.99975175,0.99975175,0.99975175,1,0.53445864,0.53445864,0.53445864,1,0.0,0.0,0.0,0,0.00395,0.00395,0.00395,0,0.00028,0.00028,0.00028,0
947,Gaviscon,correct drug name,BN,high,multi,947,0,Gaviscon,Gaviscon,gaviscon,BN,3105,6.509e-05,6.509e-05,6.509e-05,0,0.11222975,0.11222975,0.11222975,0,0.0,0.0,0.0,0,0.00058,0.00058,0.00058,0,0.00027,0.00027,0.00027,0
949,leflunomide,correct drug name,IN,high,multi,949,0,leflunomide,leflunomide,leflunomide,IN,3117,1.48e-05,1.48e-05,1.48e-05,0,0.08507249,0.08507249,0.08507249,0,0.0,0.0,0.0,0,0.00118,0.00118,0.00118,0,0.00075,0.00075,0.00075,0
950,Antacid (calcium carbonate),correct drug name,BN,high,multi,950,0,Antacid (calcium carbonate),Antacid (calcium carbonate),antacid (calcium carbonate),BN,3125,0.14414521,0.14414521,0.14414521,0,0.49661276,0.49661276,0.49661276,1,0.0,0.0,0.0,0,0.00022,0.00022,0.00022,0,0.0007,0.0007,0.0007,0
951,Nicotine Step 2,correct drug name,IN,high,multi,951,0,Nicotine Step 2,Nicotine Step 2,nicotine step 2,IN,3155,0.99900889,0.99900889,0.99900889,1,0.62368912,0.62368912,0.62368912,1,0.0,0.0,0.0,0,0.00251,0.00251,0.00251,0,0.00125,0.00125,0.00125,0
952,Geodon,correct drug name,BN,high,multi,952,0,Geodon,Geodon,geodon,BN,3160,0.0005389,0.0005389,0.0005389,0,0.24730578,0.24730578,0.24730578,0,0.0,0.0,0.0,0,0.00173,0.00173,0.00173,0,0.00126,0.00126,0.00126,0
953,Heparin Lock Flush,correct drug name,BN,high,multi,953,0,Heparin Lock Flush,Heparin Lock Flush,heparin lock flush,BN,3167,0.00539047,0.00539047,0.00539047,0,0.28950012,0.28950012,0.28950012,0,0.0,0.0,0.0,0,0.00017,0.00017,0.00017,0,0.00034,0.00034,0.00034,0
954,Feosol,correct drug name,BN,high,multi,954,0,Feosol,Feosol,feosol,BN,3177,1.398e-05,1.398e-05,1.398e-05,0,0.41201246,0.41201246,0.41201246,1,0.0,0.0,0.0,0,0.00116,0.00116,0.00116,0,0.00036,0.00036,0.00036,0
955,Ozempic,correct drug name,BN,high,multi,955,0,Ozempic,Ozempic,ozempic,BN,3180,9.6e-07,9.6e-07,9.6e-07,0,0.24289933,0.24289933,0.24289933,0,0.0,0.0,0.0,0,0.00729,0.00729,0.00729,0,0.0122,0.0122,0.0122,0
956,Questran (cholestyramine (with sugar)),correct drug name,"BN,IN",high,multi,956,0,Questran (cholestyramine (with sugar)),Questran (cholestyramine (with sugar)),questran (cholestyramine (with sugar)),"BN, IN",3181,0.00034154,0.00034154,0.00034154,0,0.34976289,0.34976289,0.34976289,0,1.0,3.0,0.75,1,0.00112,0.00112,0.00112,0,0.00054,0.00054,0.00054,0
957,Biotene Moisturizing Mouth,correct drug name,BN,high,multi,957,0,Biotene Moisturizing Mouth,Biotene Moisturizing Mouth,biotene moisturizing mouth,BN,3186,0.99999821,0.99999821,0.99999821,1,0.18662126,0.18662126,0.18662126,0,0.0,0.0,0.0,0,0.00036,0.00036,0.00036,0,0.00041,0.00041,0.00041,0
958,Atropine-Care,correct drug name,BN,high,multi,958,0,Atropine-Care,Atropine-Care,atropine-care,BN,3188,0.99998093,0.99998093,0.99998093,1,0.15293486,0.15293486,0.15293486,0,0.0,0.0,0.0,0,0.00077,0.00077,0.00077,0,0.00066,0.00066,0.00066,0
959,Dilantin,correct drug name,BN,high,multi,959,0,Dilantin,Dilantin,dilantin,BN,3204,0.00045201,0.00045201,0.00045201,0,0.40532163,0.40532163,0.40532163,1,0.0,0.0,0.0,0,0.00024,0.00024,0.00024,0,0.00025,0.00025,0.00025,0
960,Abreva,correct drug name,BN,high,multi,960,0,Abreva,Abreva,abreva,BN,3207,3.1e-06,3.1e-06,3.1e-06,0,0.25461709,0.25461709,0.25461709,0,0.0,0.0,0.0,0,0.00121,0.00121,0.00121,0,0.0006,0.0006,0.0006,0
961,Calcium 500,correct drug name,IN,high,multi,961,0,Calcium 500,Calcium 500,calcium 500,IN,3208,0.02764698,0.02764698,0.02764698,0,0.3419804,0.3419804,0.3419804,0,0.0,0.0,0.0,0,0.0008,0.0008,0.0008,0,0.00068,0.00068,0.00068,0
962,ketorolac,correct drug name,IN,high,multi,962,0,ketorolac,ketorolac,ketorolac,IN,3238,1.076e-05,1.076e-05,1.076e-05,0,0.34973916,0.34973916,0.34973916,0,0.0,0.0,0.0,0,0.0003,0.0003,0.0003,0,0.00038,0.00038,0.00038,0
963,Ocuvite,correct drug name,BN,high,multi,963,0,Ocuvite,Ocuvite,ocuvite,BN,3246,0.00079519,0.00079519,0.00079519,0,0.30694962,0.30694962,0.30694962,0,0.0,0.0,0.0,0,0.0417,0.0417,0.0417,0,0.00037,0.00037,0.00037,0
964,chlordiazepoxide HCl,correct drug name,IN,high,multi,964,0,chlordiazepoxide HCl,chlordiazepoxide HCl,chlordiazepoxide hcl,IN,3247,0.9999299,0.9999299,0.9999299,1,0.05823147,0.05823147,0.05823147,0,0.0,0.0,0.0,0,0.00047,0.00047,0.00047,0,0.00546,0.00546,0.00546,0
965,Calcitonin (Salmon),correct drug name,IN,high,multi,965,0,Calcitonin (Salmon),Calcitonin (Salmon),calcitonin (salmon),IN,3257,0.99998617,0.99998617,0.99998617,1,0.43297186,0.43297186,0.43297186,1,0.0,0.0,0.0,0,0.00043,0.00043,0.00043,0,0.00207,0.00207,0.00207,0
966,Calcium/Vitamin D,correct drug name,IN,high,multi,966,0,Calcium/Vitamin D,Calcium/Vitamin D,calcium/vitamin d,IN,3264,0.99960572,0.99960572,0.99960572,1,0.44856879,0.44856879,0.44856879,1,1.0,3.0,0.75,1,0.00036,0.00036,0.00036,0,0.00029,0.00029,0.00029,0
967,Epogen,correct drug name,BN,high,multi,967,0,Epogen,Epogen,epogen,BN,3285,7.01e-06,7.01e-06,7.01e-06,0,0.17755949,0.17755949,0.17755949,0,1.0,2.0,0.5,1,0.0036,0.0036,0.0036,0,0.00056,0.00056,0.00056,0
968,polyethylene glycol 3350(bulk),correct drug name,IN,high,multi,968,0,polyethylene glycol 3350(bulk),polyethylene glycol 3350(bulk),polyethylene glycol 3350(bulk),IN,3285,0.05282731,0.05282731,0.05282731,0,0.47935998,0.47935998,0.47935998,1,1.0,0.0,0.0,1,0.00189,0.00189,0.00189,0,0.00741,0.00741,0.00741,0
969,Breztri Aerosphere,correct drug name,BN,high,multi,969,0,Breztri Aerosphere,Breztri Aerosphere,breztri aerosphere,BN,3287,0.08094595,0.08094595,0.08094595,0,0.23407115,0.23407115,0.23407115,0,0.0,0.0,0.0,0,0.0008,0.0008,0.0008,0,0.00651,0.00651,0.00651,0
971,Naprosyn,correct drug name,BN,high,multi,971,0,Naprosyn,Naprosyn,naprosyn,BN,3310,0.00045845,0.00045845,0.00045845,0,0.16851592,0.16851592,0.16851592,0,0.0,0.0,0.0,0,0.00108,0.00108,0.00108,0,0.00027,0.00027,0.00027,0
972,Fluticasone Propionate HFA,correct drug name,IN,high,multi,972,0,Fluticasone Propionate HFA,Fluticasone Propionate HFA,fluticasone propionate hfa,IN,3312,0.99911469,0.99911469,0.99911469,1,0.15421048,0.15421048,0.15421048,0,0.0,0.0,0.0,0,0.00041,0.00041,0.00041,0,0.00031,0.00031,0.00031,0
973,Glucagon,correct drug name,IN,high,multi,973,0,Glucagon,Glucagon,glucagon,IN,3313,0.99999964,0.99999964,0.99999964,1,0.14752926,0.14752926,0.14752926,0,0.0,0.0,0.0,0,0.00015,0.00015,0.00015,0,0.0005,0.0005,0.0005,0
974,Benzocaine,correct drug name,IN,high,multi,974,0,Benzocaine,Benzocaine,benzocaine,IN,3313,0.99997723,0.99997723,0.99997723,1,0.28760144,0.28760144,0.28760144,0,0.0,0.0,0.0,0,0.00244,0.00244,0.00244,0,0.0009,0.0009,0.0009,0
975,Detrol LA,correct drug name,BN,high,multi,975,0,Detrol LA,Detrol LA,detrol la,BN,3321,0.00028417,0.00028417,0.00028417,0,0.37333018,0.37333018,0.37333018,0,0.0,0.0,0.0,0,0.00111,0.00111,0.00111,0,0.00033,0.00033,0.00033,0
976,Systane Balance ,correct drug name,BN,high,multi,976,0,Systane Balance,Systane Balance ,systane balance,BN,3337,1.009e-05,1.009e-05,1.009e-05,0,0.33821461,0.33821461,0.33821461,0,0.0,0.0,0.0,0,0.00047,0.00047,0.00047,0,0.00105,0.00105,0.00105,0
977,SOLU-Medrol,correct drug name,BN,high,multi,977,0,SOLU-Medrol,SOLU-Medrol,solu-medrol,BN,3351,0.00031276,0.00031276,0.00031276,0,0.18662137,0.18662137,0.18662137,0,0.0,0.0,0.0,0,0.00019,0.00019,0.00019,0,0.00028,0.00028,0.00028,0
978,Anti-Diarrheal,correct drug name,BN,high,multi,978,0,Anti-Diarrheal,Anti-Diarrheal,anti-diarrheal,BN,3375,0.9958424,0.9958424,0.9958424,1,0.38091561,0.38091561,0.38091561,0,0.0,0.0,0.0,0,0.00037,0.00037,0.00037,0,0.00029,0.00029,0.00029,0
979,Adults Multivitamin,correct drug name,"BN,IN",high,multi,979,0,Adults Multivitamin,Adults Multivitamin,adults multivitamin,"BN, IN",3382,0.63026333,0.63026333,0.63026333,1,0.34175006,0.34175006,0.34175006,0,0.0,0.0,0.0,0,0.00025,0.00025,0.00025,0,0.00043,0.00043,0.00043,0
980,cranberry extract,correct drug name,IN,high,multi,980,0,cranberry extract,cranberry extract,cranberry extract,IN,3410,1.104e-05,1.104e-05,1.104e-05,0,0.18596935,0.18596935,0.18596935,0,0.0,0.0,0.0,0,0.00064,0.00064,0.00064,0,0.00027,0.00027,0.00027,0
981,Daily Multiple Vitamins,correct drug name,BN,high,multi,981,0,Daily Multiple Vitamins,Daily Multiple Vitamins,daily multiple vitamins,BN,3426,0.99999988,0.99999988,0.99999988,1,0.3202197,0.3202197,0.3202197,0,0.0,0.0,0.0,0,0.00018,0.00018,0.00018,0,0.00032,0.00032,0.00032,0
982,Docusil,correct drug name,BN,high,multi,982,0,Docusil,Docusil,docusil,BN,3428,1.54e-06,1.54e-06,1.54e-06,0,0.19703214,0.19703214,0.19703214,0,0.0,0.0,0.0,0,0.00089,0.00089,0.00089,0,0.00215,0.00215,0.00215,0
983,Nyamyc,correct drug name,BN,high,multi,983,0,Nyamyc,Nyamyc,nyamyc,BN,3434,0.99999893,0.99999893,0.99999893,1,0.28259665,0.28259665,0.28259665,0,1.0,3.0,0.75,1,0.36699,0.36699,0.36699,0,0.98032,0.98032,0.98032,1
984,Toujeo SoloStar,correct drug name,BN,high,multi,984,0,Toujeo SoloStar,Toujeo SoloStar,toujeo solostar,BN,3447,0.00032146,0.00032146,0.00032146,0,0.11263739,0.11263739,0.11263739,0,0.0,0.0,0.0,0,0.00153,0.00153,0.00153,0,0.00163,0.00163,0.00163,0
985,Calcium Alginate,correct drug name,IN,high,multi,985,0,Calcium Alginate,Calcium Alginate,calcium alginate,IN,3458,0.99999785,0.99999785,0.99999785,1,0.25697935,0.25697935,0.25697935,0,0.0,0.0,0.0,0,0.00021,0.00021,0.00021,0,0.00021,0.00021,0.00021,0
986,Halls Cough Drops,correct drug name,"BN,IN",high,multi,986,0,Halls Cough Drops,Halls Cough Drops,halls cough drops,"BN, IN",3469,0.99986565,0.99986565,0.99986565,1,0.4607082,0.4607082,0.4607082,1,0.0,0.0,0.0,0,0.00023,0.00023,0.00023,0,0.00032,0.00032,0.00032,0
987,mycophenolate mofetil,correct drug name,IN,high,multi,987,0,mycophenolate mofetil,mycophenolate mofetil,mycophenolate mofetil,IN,3473,3.815e-05,3.815e-05,3.815e-05,0,0.03857272,0.03857272,0.03857272,0,0.0,0.0,0.0,0,0.00046,0.00046,0.00046,0,0.0003,0.0003,0.0003,0
988,Omega-3 Fish Oil,correct drug name,BN,high,multi,988,0,Omega-3 Fish Oil,Omega-3 Fish Oil,omega-3 fish oil,BN,3476,0.04965658,0.04965658,0.04965658,0,0.09414727,0.09414727,0.09414727,0,0.0,0.0,0.0,0,0.00082,0.00082,0.00082,0,0.00041,0.00041,0.00041,0
989,Ensure Plus,correct drug name,IN,high,multi,989,0,Ensure Plus,Ensure Plus,ensure plus,IN,3483,0.99999976,0.99999976,0.99999976,1,0.58487028,0.58487028,0.58487028,1,0.0,0.0,0.0,0,0.00051,0.00051,0.00051,0,0.00049,0.00049,0.00049,0
990,Memantine HCl ER,correct drug name,IN,high,multi,990,0,Memantine HCl ER,Memantine HCl ER,memantine hcl er,IN,3483,0.99999595,0.99999595,0.99999595,1,0.2591646,0.2591646,0.2591646,0,0.0,0.0,0.0,0,0.0007,0.0007,0.0007,0,0.00029,0.00029,0.00029,0
991,Insulin NPH (Human) (Isophane),correct drug name,IN,high,multi,991,0,Insulin NPH (Human) (Isophane),Insulin NPH (Human) (Isophane),insulin nph (human) (isophane),IN,3490,0.99998355,0.99998355,0.99998355,1,0.28349963,0.28349963,0.28349963,0,1.0,3.0,0.75,1,0.00076,0.00076,0.00076,0,0.0005,0.0005,0.0005,0
992,ampicillin sodium,correct drug name,IN,high,multi,992,0,ampicillin sodium,ampicillin sodium,ampicillin sodium,IN,3505,1.86e-05,1.86e-05,1.86e-05,0,0.19087124,0.19087124,0.19087124,0,0.0,0.0,0.0,0,0.00032,0.00032,0.00032,0,0.00028,0.00028,0.00028,0
993,Insulin Regular Human,correct drug name,IN,high,multi,993,0,Insulin Regular Human,Insulin Regular Human,insulin regular human,IN,3517,0.99999905,0.99999905,0.99999905,1,0.44490883,0.44490883,0.44490883,1,0.0,0.0,0.0,0,0.00014,0.00014,0.00014,0,0.00022,0.00022,0.00022,0
995,Dexilant,correct drug name,BN,high,multi,995,0,Dexilant,Dexilant,dexilant,BN,3522,1.606e-05,1.606e-05,1.606e-05,0,0.16536948,0.16536948,0.16536948,0,0.0,0.0,0.0,0,0.01203,0.01203,0.01203,0,0.00747,0.00747,0.00747,0
996,Saline Nasal,correct drug name,IN,high,multi,996,0,Saline Nasal,Saline Nasal,saline nasal,IN,3523,5.316e-05,5.316e-05,5.316e-05,0,0.40189573,0.40189573,0.40189573,1,0.0,0.0,0.0,0,0.00038,0.00038,0.00038,0,0.00066,0.00066,0.00066,0
997,Aquaphor Healing,correct drug name,BN,high,multi,997,0,Aquaphor Healing,Aquaphor Healing,aquaphor healing,BN,3525,0.89420265,0.89420265,0.89420265,1,0.27035695,0.27035695,0.27035695,0,0.0,0.0,0.0,0,0.00032,0.00032,0.00032,0,0.00044,0.00044,0.00044,0
998,Motrin IB,correct drug name,BN,high,multi,998,0,Motrin IB,Motrin IB,motrin ib,BN,3527,1.369e-05,1.369e-05,1.369e-05,0,0.50153428,0.50153428,0.50153428,1,0.0,0.0,0.0,0,0.74685,0.74685,0.74685,1,0.00026,0.00026,0.00026,0
999,Flecainide Acetate,correct drug name,IN,high,multi,999,0,Flecainide Acetate,Flecainide Acetate,flecainide acetate,IN,3528,0.09703063,0.09703063,0.09703063,0,0.056037,0.056037,0.056037,0,0.0,0.0,0.0,0,0.01155,0.01155,0.01155,0,0.63407,0.63407,0.63407,1
1000,Magnesium Chloride,correct drug name,IN,high,multi,1000,0,Magnesium Chloride,Magnesium Chloride,magnesium chloride,IN,3538,0.99999917,0.99999917,0.99999917,1,0.39046392,0.39046392,0.39046392,1,0.0,0.0,0.0,0,0.00036,0.00036,0.00036,0,0.00038,0.00038,0.00038,0
1002,"Pfizer COVID Bival(12y up)(PF) (covid-19 vac, bv (pfizer)(pf))",correct drug name,BN,high,multi,1002,0,"Pfizer COVID Bival(12y up)(PF) (covid-19 vac, bv (pfizer)(pf))","Pfizer COVID Bival(12y up)(PF) (covid-19 vac, bv (pfizer)(pf))","pfizer covid bival(12y up)(pf) (covid-19 vac, bv (pfizer)(pf))",BN,3561,0.99999869,0.99999869,0.99999869,1,0.12654452,0.12654452,0.12654452,0,1.0,2.0,0.5,1,0.99995,0.99995,0.99995,1,0.99976,0.99976,0.99976,1
1003,Arexvy,correct drug name,BN,high,multi,1003,0,Arexvy,Arexvy,arexvy,BN,3565,2.263e-05,2.263e-05,2.263e-05,0,0.70772719,0.70772719,0.70772719,1,0.0,0.0,0.0,0,0.95359,0.95359,0.95359,1,0.99863,0.99863,0.99863,1
1004,Calcium-Vitamin D3,correct drug name,IN,high,multi,1004,0,Calcium-Vitamin D3,Calcium-Vitamin D3,calcium-vitamin d3,IN,3579,0.99999988,0.99999988,0.99999988,1,0.40480745,0.40480745,0.40480745,1,0.0,0.0,0.0,0,0.0025,0.0025,0.0025,0,0.00032,0.00032,0.00032,0
1005,Moxifloxacin HCl,correct drug name,IN,high,multi,1005,0,Moxifloxacin HCl,Moxifloxacin HCl,moxifloxacin hcl,IN,3586,0.13311583,0.13311583,0.13311583,0,0.06365172,0.06365172,0.06365172,0,0.0,0.0,0.0,0,0.00102,0.00102,0.00102,0,0.00056,0.00056,0.00056,0
1007,Diovan,correct drug name,BN,high,multi,1007,0,Diovan,Diovan,diovan,BN,3601,0.00014437,0.00014437,0.00014437,0,0.25671405,0.25671405,0.25671405,0,0.0,0.0,0.0,0,0.00349,0.00349,0.00349,0,0.00048,0.00048,0.00048,0
1008,cefTAZidime,correct drug name,IN,high,multi,1008,0,cefTAZidime,cefTAZidime,ceftazidime,IN,3609,0.99980432,0.99980432,0.99980432,1,0.23772597,0.23772597,0.23772597,0,0.0,0.0,0.0,0,0.0012,0.0012,0.0012,0,0.00075,0.00075,0.00075,0
1009,Flucelvax 2015-2016 (PF) (flu vacc ts2015(18 yr+)cel(pf)),correct drug name,"BN,IN",high,multi,1009,0,Flucelvax 2015-2016 (PF) (flu vacc ts2015(18 yr+)cel(pf)),Flucelvax 2015-2016 (PF) (flu vacc ts2015(18 yr+)cel(pf)),flucelvax 2015-2016 (pf) (flu vacc ts2015(18 yr+)cel(pf)),"BN, IN",3616,0.9999963,0.9999963,0.9999963,1,0.58177304,0.58177304,0.58177304,1,1.0,1.0,0.25,1,0.99992,0.99992,0.99992,1,0.99945,0.99945,0.99945,1
1010,Pulmicort Flexhaler,correct drug name,BN,high,multi,1010,0,Pulmicort Flexhaler,Pulmicort Flexhaler,pulmicort flexhaler,BN,3621,0.0004394,0.0004394,0.0004394,0,0.0877794,0.0877794,0.0877794,0,0.0,0.0,0.0,0,0.0007,0.0007,0.0007,0,0.00027,0.00027,0.00027,0
1011,rifAMPin,correct drug name,IN,high,multi,1011,0,rifAMPin,rifAMPin,rifampin,IN,3631,1.494e-05,1.494e-05,1.494e-05,0,0.15605715,0.15605715,0.15605715,0,0.0,0.0,0.0,0,0.00067,0.00067,0.00067,0,0.00033,0.00033,0.00033,0
1012,tolterodine,correct drug name,IN,high,multi,1012,0,tolterodine,tolterodine,tolterodine,IN,3632,1.22e-05,1.22e-05,1.22e-05,0,0.20933612,0.20933612,0.20933612,0,0.0,0.0,0.0,0,0.00037,0.00037,0.00037,0,0.00048,0.00048,0.00048,0
1013,methadone,correct drug name,IN,high,multi,1013,0,methadone,methadone,methadone,IN,3637,4.634e-05,4.634e-05,4.634e-05,0,0.24462503,0.24462503,0.24462503,0,0.0,0.0,0.0,0,0.00047,0.00047,0.00047,0,0.00106,0.00106,0.00106,0
1014,Calcium 600+D3,correct drug name,IN,high,multi,1014,0,Calcium 600+D3,Calcium 600+D3,calcium 600+d3,IN,3640,0.99999344,0.99999344,0.99999344,1,0.77579659,0.77579659,0.77579659,1,1.0,2.0,0.5,1,0.01232,0.01232,0.01232,0,0.00263,0.00263,0.00263,0
1015,dorzolamide,correct drug name,IN,high,multi,1015,0,dorzolamide,dorzolamide,dorzolamide,IN,3641,6.03e-06,6.03e-06,6.03e-06,0,0.25057006,0.25057006,0.25057006,0,0.0,0.0,0.0,0,0.00059,0.00059,0.00059,0,0.0003,0.0003,0.0003,0
1016,Robitussin Cough and Cold CF,correct drug name,BN,high,multi,1016,0,Robitussin Cough and Cold CF,Robitussin Cough and Cold CF,robitussin cough and cold cf,BN,3647,0.70491505,0.70491505,0.70491505,1,0.29937986,0.29937986,0.29937986,0,0.0,0.0,0.0,0,0.7075,0.7075,0.7075,1,0.00029,0.00029,0.00029,0
1017,Bimatoprost,correct drug name,IN,high,multi,1017,0,Bimatoprost,Bimatoprost,bimatoprost,IN,3655,1.54e-06,1.54e-06,1.54e-06,0,0.18499376,0.18499376,0.18499376,0,0.0,0.0,0.0,0,0.00067,0.00067,0.00067,0,0.0004,0.0004,0.0004,0
1018,Aspercreme w/Lidocaine,correct drug name,BN,high,multi,1018,0,Aspercreme w/Lidocaine,Aspercreme w/Lidocaine,aspercreme w/lidocaine,BN,3684,0.99960667,0.99960667,0.99960667,1,0.39552847,0.39552847,0.39552847,1,1.0,3.0,0.75,1,0.02445,0.02445,0.02445,0,0.00062,0.00062,0.00062,0
1019,Abrysvo,correct drug name,BN,high,multi,1019,0,Abrysvo,Abrysvo,abrysvo,BN,3705,1.046e-05,1.046e-05,1.046e-05,0,0.70772719,0.70772719,0.70772719,1,0.0,0.0,0.0,0,0.00131,0.00131,0.00131,0,0.47635,0.47635,0.47635,0
1020,ursodiol,correct drug name,IN,high,multi,1020,0,ursodiol,ursodiol,ursodiol,IN,3706,0.00012883,0.00012883,0.00012883,0,0.15737283,0.15737283,0.15737283,0,0.0,0.0,0.0,0,0.00049,0.00049,0.00049,0,0.00032,0.00032,0.00032,0
1022,PHENobarbital,correct drug name,IN,high,multi,1022,0,PHENobarbital,PHENobarbital,phenobarbital,IN,3725,2.783e-05,2.783e-05,2.783e-05,0,0.17818724,0.17818724,0.17818724,0,0.0,0.0,0.0,0,0.00032,0.00032,0.00032,0,0.00084,0.00084,0.00084,0
1023,Dapagliflozin Propanediol,correct drug name,IN,high,multi,1023,0,Dapagliflozin Propanediol,Dapagliflozin Propanediol,dapagliflozin propanediol,IN,3731,0.00926789,0.00926789,0.00926789,0,0.13805854,0.13805854,0.13805854,0,0.0,0.0,0.0,0,0.00064,0.00064,0.00064,0,0.0072,0.0072,0.0072,0
1024,Vancomycin HCl in NaCl,correct drug name,IN,high,multi,1024,0,Vancomycin HCl in NaCl,Vancomycin HCl in NaCl,vancomycin hcl in nacl,IN,3750,0.99999952,0.99999952,0.99999952,1,0.35567725,0.35567725,0.35567725,0,0.0,0.0,0.0,0,0.00026,0.00026,0.00026,0,0.00033,0.00033,0.00033,0
1025,sotalol,correct drug name,IN,high,multi,1025,0,sotalol,sotalol,sotalol,IN,3766,1.06e-06,1.06e-06,1.06e-06,0,0.19121683,0.19121683,0.19121683,0,0.0,0.0,0.0,0,0.00037,0.00037,0.00037,0,0.00042,0.00042,0.00042,0
1026,Ketotifen Fumarate,correct drug name,IN,high,multi,1026,0,Ketotifen Fumarate,Ketotifen Fumarate,ketotifen fumarate,IN,3775,9.082e-05,9.082e-05,9.082e-05,0,0.08194174,0.08194174,0.08194174,0,0.0,0.0,0.0,0,0.00189,0.00189,0.00189,0,0.00086,0.00086,0.00086,0
1027,Novolin 70/30,correct drug name,BN,high,multi,1027,0,Novolin 70/30,Novolin 70/30,novolin 70/30,BN,3786,0.99969494,0.99969494,0.99969494,1,0.37104738,0.37104738,0.37104738,0,0.0,0.0,0.0,0,0.051,0.051,0.051,0,0.00053,0.00053,0.00053,0
1028,Ciprodex,correct drug name,BN,high,multi,1028,0,Ciprodex,Ciprodex,ciprodex,BN,3794,0.05077847,0.05077847,0.05077847,0,0.1361267,0.1361267,0.1361267,0,0.0,0.0,0.0,0,0.00066,0.00066,0.00066,0,0.02188,0.02188,0.02188,0
1029,Olmesartan Medoxomil,correct drug name,IN,high,multi,1029,0,Olmesartan Medoxomil,Olmesartan Medoxomil,olmesartan medoxomil,IN,3801,0.00014465,0.00014465,0.00014465,0,0.09045815,0.09045815,0.09045815,0,0.0,0.0,0.0,0,0.00149,0.00149,0.00149,0,0.00177,0.00177,0.00177,0
1030,One Daily Multivitamin,correct drug name,IN,high,multi,1030,0,One Daily Multivitamin,One Daily Multivitamin,one daily multivitamin,IN,3802,0.99999738,0.99999738,0.99999738,1,0.29416555,0.29416555,0.29416555,0,0.0,0.0,0.0,0,0.01064,0.01064,0.01064,0,0.00232,0.00232,0.00232,0
1031,DEPO-Medrol,correct drug name,BN,high,multi,1031,0,DEPO-Medrol,DEPO-Medrol,depo-medrol,BN,3807,6.63e-06,6.63e-06,6.63e-06,0,0.1430279,0.1430279,0.1430279,0,0.0,0.0,0.0,0,0.00031,0.00031,0.00031,0,0.00036,0.00036,0.00036,0
1032,dutasteride,correct drug name,IN,high,multi,1032,0,dutasteride,dutasteride,dutasteride,IN,3825,3.892e-05,3.892e-05,3.892e-05,0,0.17701161,0.17701161,0.17701161,0,0.0,0.0,0.0,0,0.00065,0.00065,0.00065,0,0.00216,0.00216,0.00216,0
1033,Mucinex D,correct drug name,BN,high,multi,1033,0,Mucinex D,Mucinex D,mucinex d,BN,3831,7.11e-06,7.11e-06,7.11e-06,0,0.3313432,0.3313432,0.3313432,0,0.0,0.0,0.0,0,0.00028,0.00028,0.00028,0,0.00029,0.00029,0.00029,0
1034,Levocetirizine Dihydrochloride,correct drug name,IN,high,multi,1034,0,Levocetirizine Dihydrochloride,Levocetirizine Dihydrochloride,levocetirizine dihydrochloride,IN,3836,0.99718708,0.99718708,0.99718708,1,0.07768518,0.07768518,0.07768518,0,0.0,0.0,0.0,0,0.00049,0.00049,0.00049,0,0.00052,0.00052,0.00052,0
1035,Ocuvite-Lutein,correct drug name,BN,high,multi,1035,0,Ocuvite-Lutein,Ocuvite-Lutein,ocuvite-lutein,BN,3844,0.99966991,0.99966991,0.99966991,1,0.70772719,0.70772719,0.70772719,1,1.0,0.0,0.0,1,0.00307,0.00307,0.00307,0,0.00048,0.00048,0.00048,0
1036,Oyster Shell Calcium/Vitamin D,correct drug name,IN,high,multi,1036,0,Oyster Shell Calcium/Vitamin D,Oyster Shell Calcium/Vitamin D,oyster shell calcium/vitamin d,IN,3846,0.95507914,0.95507914,0.95507914,1,0.26779911,0.26779911,0.26779911,0,1.0,3.0,0.75,1,0.00036,0.00036,0.00036,0,0.0002,0.0002,0.0002,0
1037,Geri-Tussin DM,correct drug name,BN,high,multi,1037,0,Geri-Tussin DM,Geri-Tussin DM,geri-tussin dm,BN,3851,0.99999928,0.99999928,0.99999928,1,0.55067861,0.55067861,0.55067861,1,0.0,0.0,0.0,0,0.00052,0.00052,0.00052,0,0.00029,0.00029,0.00029,0
1038,cefepime,correct drug name,IN,high,multi,1038,0,cefepime,cefepime,cefepime,IN,3860,0.00023602,0.00023602,0.00023602,0,0.16651027,0.16651027,0.16651027,0,0.0,0.0,0.0,0,0.00068,0.00068,0.00068,0,0.00056,0.00056,0.00056,0
1039,Probiotic Product,correct drug name,IN,high,multi,1039,0,Probiotic Product,Probiotic Product,probiotic product,IN,3878,0.36505461,0.36505461,0.36505461,1,0.31405768,0.31405768,0.31405768,0,0.0,0.0,0.0,0,0.00049,0.00049,0.00049,0,0.00032,0.00032,0.00032,0
1040,Admelog SoloStar,correct drug name,BN,high,multi,1040,0,Admelog SoloStar,Admelog SoloStar,admelog solostar,BN,3879,1.904e-05,1.904e-05,1.904e-05,0,0.16911227,0.16911227,0.16911227,0,0.0,0.0,0.0,0,0.00067,0.00067,0.00067,0,0.0003,0.0003,0.0003,0
1041,linaGLIPtin,correct drug name,IN,high,multi,1041,0,linaGLIPtin,linaGLIPtin,linagliptin,IN,3880,0.00026823,0.00026823,0.00026823,0,0.05805456,0.05805456,0.05805456,0,0.0,0.0,0.0,0,0.00157,0.00157,0.00157,0,0.00449,0.00449,0.00449,0
1043,Olopatadine HCl,correct drug name,IN,high,multi,1043,0,Olopatadine HCl,Olopatadine HCl,olopatadine hcl,IN,3899,0.00026917,0.00026917,0.00026917,0,0.09751817,0.09751817,0.09751817,0,0.0,0.0,0.0,0,0.00107,0.00107,0.00107,0,0.00042,0.00042,0.00042,0
1045,Afluria 2018-2019 (flu vaccine ts2018-19(5 yr up)),correct drug name,"BN,IN",high,multi,1045,0,Afluria 2018-2019 (flu vaccine ts2018-19(5 yr up)),Afluria 2018-2019 (flu vaccine ts2018-19(5 yr up)),afluria 2018-2019 (flu vaccine ts2018-19(5 yr up)),"BN, IN",3911,0.9995271,0.9995271,0.9995271,1,0.33444461,0.33444461,0.33444461,0,1.0,4.0,1.0,1,0.99878,0.99878,0.99878,1,0.99987,0.99987,0.99987,1
1048,Robafen,correct drug name,BN,high,multi,1048,0,Robafen,Robafen,robafen,BN,3932,1.7e-06,1.7e-06,1.7e-06,0,0.11060713,0.11060713,0.11060713,0,0.0,0.0,0.0,0,0.00105,0.00105,0.00105,0,0.00487,0.00487,0.00487,0
1049,lithium carbonate,correct drug name,IN,high,multi,1049,0,lithium carbonate,lithium carbonate,lithium carbonate,IN,3940,8.17e-06,8.17e-06,8.17e-06,0,0.09755548,0.09755548,0.09755548,0,0.0,0.0,0.0,0,0.00053,0.00053,0.00053,0,0.00027,0.00027,0.00027,0
1050,Cyproheptadine HCl,correct drug name,IN,high,multi,1050,0,Cyproheptadine HCl,Cyproheptadine HCl,cyproheptadine hcl,IN,3945,0.99999404,0.99999404,0.99999404,1,0.03690764,0.03690764,0.03690764,0,0.0,0.0,0.0,0,0.00039,0.00039,0.00039,0,0.00148,0.00148,0.00148,0
1051,Ocean Nasal Spray,correct drug name,BN,high,multi,1051,0,Ocean Nasal Spray,Ocean Nasal Spray,ocean nasal spray,BN,3948,0.96317011,0.96317011,0.96317011,1,0.25509444,0.25509444,0.25509444,0,0.0,0.0,0.0,0,0.00035,0.00035,0.00035,0,0.0005,0.0005,0.0005,0
1053,Megace Oral,correct drug name,BN,high,multi,1053,0,Megace Oral,Megace Oral,megace oral,BN,3951,9.22e-06,9.22e-06,9.22e-06,0,0.26021248,0.26021248,0.26021248,0,0.0,0.0,0.0,0,0.00122,0.00122,0.00122,0,0.00031,0.00031,0.00031,0
1054,Procardia XL,correct drug name,BN,high,multi,1054,0,Procardia XL,Procardia XL,procardia xl,BN,3957,5.876e-05,5.876e-05,5.876e-05,0,0.43188217,0.43188217,0.43188217,1,0.0,0.0,0.0,0,0.00089,0.00089,0.00089,0,0.00037,0.00037,0.00037,0
1055,BenGay Greaseless,correct drug name,BN,high,multi,1055,0,BenGay Greaseless,BenGay Greaseless,bengay greaseless,BN,3967,0.9999994,0.9999994,0.9999994,1,0.39809722,0.39809722,0.39809722,1,0.0,0.0,0.0,0,0.00017,0.00017,0.00017,0,0.0003,0.0003,0.0003,0
1056,Dakins (1/2 strength),correct drug name,BN,high,multi,1056,0,Dakins (1/2 strength),Dakins (1/2 strength),dakins (1/2 strength),BN,3972,0.99852729,0.99852729,0.99852729,1,0.43060628,0.43060628,0.43060628,1,1.0,1.0,0.25,1,0.16661,0.16661,0.16661,0,0.00204,0.00204,0.00204,0
1058,B Complex-Vitamin B12,correct drug name,IN,high,multi,1058,0,B Complex-Vitamin B12,B Complex-Vitamin B12,b complex-vitamin b12,IN,3981,0.99999809,0.99999809,0.99999809,1,0.3296788,0.3296788,0.3296788,0,1.0,0.0,0.0,1,0.00171,0.00171,0.00171,0,0.00029,0.00029,0.00029,0
1060,cefazolin,correct drug name,IN,high,multi,1060,0,cefazolin,cefazolin,cefazolin,IN,4002,9.56e-05,9.56e-05,9.56e-05,0,0.20131841,0.20131841,0.20131841,0,0.0,0.0,0.0,0,0.00201,0.00201,0.00201,0,0.00029,0.00029,0.00029,0
1061,Cinacalcet HCl,correct drug name,IN,high,multi,1061,0,Cinacalcet HCl,Cinacalcet HCl,cinacalcet hcl,IN,4047,0.99999821,0.99999821,0.99999821,1,0.06555756,0.06555756,0.06555756,0,0.0,0.0,0.0,0,0.00018,0.00018,0.00018,0,0.00077,0.00077,0.00077,0
1062,Ramelteon,correct drug name,IN,high,multi,1062,0,Ramelteon,Ramelteon,ramelteon,IN,4088,0.00409513,0.00409513,0.00409513,0,0.07878144,0.07878144,0.07878144,0,0.0,0.0,0.0,0,0.99673,0.99673,0.99673,1,0.99669,0.99669,0.99669,1
1063,Paxlovid (EUA),correct drug name,BN,high,multi,1063,0,Paxlovid (EUA),Paxlovid (EUA),paxlovid (eua),BN,4089,0.99988508,0.99988508,0.99988508,1,0.70772719,0.70772719,0.70772719,1,1.0,6.0,1.0,1,0.99667,0.99667,0.99667,1,0.9996,0.9996,0.9996,1
1064,Maalox Maximum Strength,correct drug name,BN,high,multi,1064,0,Maalox Maximum Strength,Maalox Maximum Strength,maalox maximum strength,BN,4104,0.99999774,0.99999774,0.99999774,1,0.40608767,0.40608767,0.40608767,1,0.0,0.0,0.0,0,0.00017,0.00017,0.00017,0,0.0004,0.0004,0.0004,0
1065,Alphagan P,correct drug name,BN,high,multi,1065,0,Alphagan P,Alphagan P,alphagan p,BN,4140,0.96616369,0.96616369,0.96616369,1,0.50836402,0.50836402,0.50836402,1,0.0,0.0,0.0,0,0.00058,0.00058,0.00058,0,0.00048,0.00048,0.00048,0
1067,UTI-Stat,correct drug name,BN,high,multi,1067,0,UTI-Stat,UTI-Stat,uti-stat,BN,4162,0.99999964,0.99999964,0.99999964,1,0.12819293,0.12819293,0.12819293,0,1.0,5.0,1.0,1,0.82702,0.82702,0.82702,1,0.00263,0.00263,0.00263,0
1068,Ticagrelor,correct drug name,IN,high,multi,1068,0,Ticagrelor,Ticagrelor,ticagrelor,IN,4166,5.313e-05,5.313e-05,5.313e-05,0,0.12593189,0.12593189,0.12593189,0,0.0,0.0,0.0,0,0.01286,0.01286,0.01286,0,0.00041,0.00041,0.00041,0
1069,oxyCODONE HCl ER,correct drug name,IN,high,multi,1069,0,oxyCODONE HCl ER,oxyCODONE HCl ER,oxycodone hcl er,IN,4171,0.9967559,0.9967559,0.9967559,1,0.24034253,0.24034253,0.24034253,0,0.0,0.0,0.0,0,0.00053,0.00053,0.00053,0,0.00025,0.00025,0.00025,0
1070,Fiber,correct drug name,IN,high,multi,1070,0,Fiber,Fiber,fiber,IN,4198,0.00027048,0.00027048,0.00027048,0,0.49789762,0.49789762,0.49789762,1,0.0,0.0,0.0,0,0.00116,0.00116,0.00116,0,0.0005,0.0005,0.0005,0
1071,Sodium Phosphates,correct drug name,IN,high,multi,1071,0,Sodium Phosphates,Sodium Phosphates,sodium phosphates,IN,4200,0.02188438,0.02188438,0.02188438,0,0.30907026,0.30907026,0.30907026,0,0.0,0.0,0.0,0,0.00019,0.00019,0.00019,0,0.00034,0.00034,0.00034,0
1072,Biotene Dry Mouth Moisturizing,correct drug name,BN,high,multi,1072,0,Biotene Dry Mouth Moisturizing,Biotene Dry Mouth Moisturizing,biotene dry mouth moisturizing,BN,4204,0.99999893,0.99999893,0.99999893,1,0.19830756,0.19830756,0.19830756,0,0.0,0.0,0.0,0,0.00039,0.00039,0.00039,0,0.00031,0.00031,0.00031,0
1073,B-12,correct drug name,BN,high,multi,1073,0,B-12,B-12,b-12,BN,4209,1.78e-06,1.78e-06,1.78e-06,0,0.37250307,0.37250307,0.37250307,0,0.0,0.0,0.0,0,0.00027,0.00027,0.00027,0,0.00058,0.00058,0.00058,0
1075,Daily-Vite (with folic acid),correct drug name,"BN,IN",high,multi,1075,0,Daily-Vite (with folic acid),Daily-Vite (with folic acid),daily-vite (with folic acid),"BN, IN",4220,0.99698502,0.99698502,0.99698502,1,0.36844072,0.36844072,0.36844072,0,0.0,0.0,0.0,0,0.00034,0.00034,0.00034,0,0.00077,0.00077,0.00077,0
1076,Psyllium Husk,correct drug name,IN,high,multi,1076,0,Psyllium Husk,Psyllium Husk,psyllium husk,IN,4222,0.99999237,0.99999237,0.99999237,1,0.1750505,0.1750505,0.1750505,0,0.0,0.0,0.0,0,0.00103,0.00103,0.00103,0,0.00038,0.00038,0.00038,0
1077,sorbitol,correct drug name,IN,high,multi,1077,0,sorbitol,sorbitol,sorbitol,IN,4230,7.88e-06,7.88e-06,7.88e-06,0,0.51141959,0.51141959,0.51141959,1,0.0,0.0,0.0,0,0.0009,0.0009,0.0009,0,0.00129,0.00129,0.00129,0
1078,Insulin Aspart FlexPen,correct drug name,BN,high,multi,1078,0,Insulin Aspart FlexPen,Insulin Aspart FlexPen,insulin aspart flexpen,BN,4239,0.99999952,0.99999952,0.99999952,1,0.19118418,0.19118418,0.19118418,0,0.0,0.0,0.0,0,0.00017,0.00017,0.00017,0,0.00028,0.00028,0.00028,0
1079,Pred Forte,correct drug name,BN,high,multi,1079,0,Pred Forte,Pred Forte,pred forte,BN,4242,0.99999905,0.99999905,0.99999905,1,0.33652639,0.33652639,0.33652639,0,0.0,0.0,0.0,0,0.00064,0.00064,0.00064,0,0.00032,0.00032,0.00032,0
1080,Pataday,correct drug name,BN,high,multi,1080,0,Pataday,Pataday,pataday,BN,4269,0.01186503,0.01186503,0.01186503,0,0.23391387,0.23391387,0.23391387,0,0.0,0.0,0.0,0,0.00057,0.00057,0.00057,0,0.00057,0.00057,0.00057,0
1081,Victoza,correct drug name,BN,high,multi,1081,0,Victoza,Victoza,victoza,BN,4276,0.48075956,0.48075956,0.48075956,1,0.10737997,0.10737997,0.10737997,0,0.0,0.0,0.0,0,0.01253,0.01253,0.01253,0,0.02774,0.02774,0.02774,0
1082,COVID-19 mRNA Vacc (Moderna),correct drug name,"BN, IN",high,multi,1082,0,COVID-19 mRNA Vacc (Moderna),COVID-19 mRNA Vacc (Moderna),covid-19 mrna vacc (moderna),"BN, IN",4277,0.99999654,0.99999654,0.99999654,1,0.73309666,0.73309666,0.73309666,1,0.0,0.0,0.0,0,0.0035,0.0035,0.0035,0,0.0061,0.0061,0.0061,0
1083,Fleet Mineral Oil,correct drug name,"BN, IN",high,multi,1083,0,Fleet Mineral Oil,Fleet Mineral Oil,fleet mineral oil,"BN, IN",4292,0.99794883,0.99794883,0.99794883,1,0.42492837,0.42492837,0.42492837,1,0.0,0.0,0.0,0,0.00051,0.00051,0.00051,0,0.00048,0.00048,0.00048,0
1084,Tussin,correct drug name,BN,high,multi,1084,0,Tussin,Tussin,tussin,BN,4293,0.9999994,0.9999994,0.9999994,1,0.27984083,0.27984083,0.27984083,0,0.0,0.0,0.0,0,0.00026,0.00026,0.00026,0,0.00039,0.00039,0.00039,0
1085,Collagenase,correct drug name,IN,high,multi,1085,0,Collagenase,Collagenase,collagenase,IN,4293,0.4077006,0.4077006,0.4077006,1,0.31897387,0.31897387,0.31897387,0,0.0,0.0,0.0,0,0.00098,0.00098,0.00098,0,0.00042,0.00042,0.00042,0
1086,DOK,correct drug name,BN,high,multi,1086,0,DOK,DOK,dok,BN,4295,6.79e-06,6.79e-06,6.79e-06,0,0.44307038,0.44307038,0.44307038,1,0.0,0.0,0.0,0,0.00205,0.00205,0.00205,0,0.00044,0.00044,0.00044,0
1087,Pyridoxine HCl,correct drug name,IN,high,multi,1087,0,Pyridoxine HCl,Pyridoxine HCl,pyridoxine hcl,IN,4303,0.99999976,0.99999976,0.99999976,1,0.23648033,0.23648033,0.23648033,0,0.0,0.0,0.0,0,0.00036,0.00036,0.00036,0,0.0004,0.0004,0.0004,0
1088,Saline,correct drug name,IN,high,multi,1088,0,Saline,Saline,saline,IN,4305,3.206e-05,3.206e-05,3.206e-05,0,0.64510858,0.64510858,0.64510858,1,0.0,0.0,0.0,0,0.00063,0.00063,0.00063,0,0.00041,0.00041,0.00041,0
1089,dorzolamide-timolol,correct drug name,IN,high,multi,1089,0,dorzolamide-timolol,dorzolamide-timolol,dorzolamide-timolol,IN,4306,4.493e-05,4.493e-05,4.493e-05,0,0.24402559,0.24402559,0.24402559,0,0.0,0.0,0.0,0,0.00052,0.00052,0.00052,0,0.00028,0.00028,0.00028,0
1090,Ocean Nasal,correct drug name,BN,high,multi,1090,0,Ocean Nasal,Ocean Nasal,ocean nasal,BN,4308,0.00070254,0.00070254,0.00070254,0,0.46438202,0.46438202,0.46438202,1,0.0,0.0,0.0,0,0.00052,0.00052,0.00052,0,0.00048,0.00048,0.00048,0
1092,ciprofloxacin,correct drug name,IN,high,multi,1092,0,ciprofloxacin,ciprofloxacin,ciprofloxacin,IN,4325,1.19e-05,1.19e-05,1.19e-05,0,0.22732803,0.22732803,0.22732803,0,0.0,0.0,0.0,0,0.00174,0.00174,0.00174,0,0.00915,0.00915,0.00915,0
1093,Penicillin V Potassium,correct drug name,IN,high,multi,1093,0,Penicillin V Potassium,Penicillin V Potassium,penicillin v potassium,IN,4350,0.00242156,0.00242156,0.00242156,0,0.40421051,0.40421051,0.40421051,1,0.0,0.0,0.0,0,0.00074,0.00074,0.00074,0,0.00081,0.00081,0.00081,0
1095,Questran,correct drug name,BN,high,multi,1095,0,Questran,Questran,questran,BN,4383,0.99945396,0.99945396,0.99945396,1,0.34976289,0.34976289,0.34976289,0,0.0,0.0,0.0,0,0.00255,0.00255,0.00255,0,0.00038,0.00038,0.00038,0
1097,Demadex,correct drug name,BN,high,multi,1097,0,Demadex,Demadex,demadex,BN,4444,1.97e-06,1.97e-06,1.97e-06,0,0.10591839,0.10591839,0.10591839,0,0.0,0.0,0.0,0,0.00996,0.00996,0.00996,0,0.00039,0.00039,0.00039,0
1098,Pfizer COVID-19 Vac Bivalent,correct drug name,BN,high,multi,1098,0,Pfizer COVID-19 Vac Bivalent,Pfizer COVID-19 Vac Bivalent,pfizer covid-19 vac bivalent,BN,4448,0.99999738,0.99999738,0.99999738,1,0.39023885,0.39023885,0.39023885,1,0.0,0.0,0.0,0,0.00109,0.00109,0.00109,0,0.00063,0.00063,0.00063,0
1099,Kenalog,correct drug name,BN,high,multi,1099,0,Kenalog,Kenalog,kenalog,BN,4451,5.8e-06,5.8e-06,5.8e-06,0,0.14958988,0.14958988,0.14958988,0,0.0,0.0,0.0,0,0.00339,0.00339,0.00339,0,0.03497,0.03497,0.03497,0
1100,Firvanq,correct drug name,BN,high,multi,1100,0,Firvanq,Firvanq,firvanq,BN,4462,0.99999964,0.99999964,0.99999964,1,0.17254986,0.17254986,0.17254986,0,0.0,0.0,0.0,0,0.00317,0.00317,0.00317,0,0.0073,0.0073,0.0073,0
1101,Retacrit,correct drug name,BN,high,multi,1101,0,Retacrit,Retacrit,retacrit,BN,4485,0.31068701,0.31068701,0.31068701,1,0.09872188,0.09872188,0.09872188,0,0.0,0.0,0.0,0,0.00051,0.00051,0.00051,0,0.00059,0.00059,0.00059,0
1103,omega 3-dha-epa-fish oil,correct drug name,IN,high,multi,1103,0,omega 3-dha-epa-fish oil,omega 3-dha-epa-fish oil,omega 3-dha-epa-fish oil,IN,4501,0.634462,0.634462,0.634462,1,0.18769327,0.18769327,0.18769327,0,1.0,0.0,0.0,1,0.00292,0.00292,0.00292,0,0.00051,0.00051,0.00051,0
1104,fludrocortisone,correct drug name,IN,high,multi,1104,0,fludrocortisone,fludrocortisone,fludrocortisone,IN,4502,0.00022764,0.00022764,0.00022764,0,0.11322851,0.11322851,0.11322851,0,0.0,0.0,0.0,0,0.00325,0.00325,0.00325,0,0.00147,0.00147,0.00147,0
1105,verapamil,correct drug name,IN,high,multi,1105,0,verapamil,verapamil,verapamil,IN,4510,7.77e-06,7.77e-06,7.77e-06,0,0.13660727,0.13660727,0.13660727,0,0.0,0.0,0.0,0,0.00042,0.00042,0.00042,0,0.00055,0.00055,0.00055,0
1106,Calcium Acetate (Phos Binder),correct drug name,IN,high,multi,1106,0,Calcium Acetate (Phos Binder),Calcium Acetate (Phos Binder),calcium acetate (phos binder),IN,4510,0.99999154,0.99999154,0.99999154,1,0.25149482,0.25149482,0.25149482,0,1.0,4.0,1.0,1,0.0004,0.0004,0.0004,0,0.00027,0.00027,0.00027,0
1107,GaviLAX,correct drug name,BN,high,multi,1107,0,GaviLAX,GaviLAX,gavilax,BN,4528,0.10136547,0.10136547,0.10136547,0,0.70772719,0.70772719,0.70772719,1,0.0,0.0,0.0,0,0.65716,0.65716,0.65716,1,0.99948,0.99948,0.99948,1
1108,Cosopt,correct drug name,BN,high,multi,1108,0,Cosopt,Cosopt,cosopt,BN,4528,9.47e-06,9.47e-06,9.47e-06,0,0.32269365,0.32269365,0.32269365,0,0.0,0.0,0.0,0,0.00075,0.00075,0.00075,0,0.00029,0.00029,0.00029,0
1109,hydromorphone,correct drug name,IN,high,multi,1109,0,hydromorphone,hydromorphone,hydromorphone,IN,4537,1.261e-05,1.261e-05,1.261e-05,0,0.27954757,0.27954757,0.27954757,0,0.0,0.0,0.0,0,0.00027,0.00027,0.00027,0,0.0003,0.0003,0.0003,0
1110,Oyster Shell Calcium,correct drug name,BN,high,multi,1110,0,Oyster Shell Calcium,Oyster Shell Calcium,oyster shell calcium,BN,4539,0.15641411,0.15641411,0.15641411,1,0.10348991,0.10348991,0.10348991,0,0.0,0.0,0.0,0,0.00025,0.00025,0.00025,0,0.00023,0.00023,0.00023,0
1111,urea,correct drug name,IN,high,multi,1111,0,urea,urea,urea,IN,4541,3.053e-05,3.053e-05,3.053e-05,0,0.52138919,0.52138919,0.52138919,1,0.0,0.0,0.0,0,0.00136,0.00136,0.00136,0,0.00066,0.00066,0.00066,0
1113,Refresh Optive,correct drug name,BN,high,multi,1113,0,Refresh Optive,Refresh Optive,refresh optive,BN,4553,0.98806876,0.98806876,0.98806876,1,0.41032079,0.41032079,0.41032079,1,0.0,0.0,0.0,0,0.00028,0.00028,0.00028,0,0.00051,0.00051,0.00051,0
1114,Os-Cal 500 + D3,correct drug name,BN,high,multi,1114,0,Os-Cal 500 + D3,Os-Cal 500 + D3,os-cal 500 + d3,BN,4557,0.09854503,0.09854503,0.09854503,0,0.34837064,0.34837064,0.34837064,0,0.0,0.0,0.0,0,0.67613,0.67613,0.67613,1,0.00091,0.00091,0.00091,0
1115,ProMod,correct drug name,IN,high,multi,1115,0,ProMod,ProMod,promod,IN,4568,3.748e-05,3.748e-05,3.748e-05,0,0.27673084,0.27673084,0.27673084,0,0.0,0.0,0.0,0,0.00028,0.00028,0.00028,0,0.00054,0.00054,0.00054,0
1116,fenofibrate micronized,correct drug name,BN,high,multi,1116,0,fenofibrate micronized,fenofibrate micronized,fenofibrate micronized,BN,4572,0.00014647,0.00014647,0.00014647,0,0.20629767,0.20629767,0.20629767,0,0.0,0.0,0.0,0,0.00028,0.00028,0.00028,0,0.00038,0.00038,0.00038,0
1117,Hemorrhoidal,correct drug name,IN,high,multi,1117,0,Hemorrhoidal,Hemorrhoidal,hemorrhoidal,IN,4599,3.164e-05,3.164e-05,3.164e-05,0,0.56850433,0.56850433,0.56850433,1,0.0,0.0,0.0,0,0.00168,0.00168,0.00168,0,0.00063,0.00063,0.00063,0
1118,Mapap (acetaminophen),correct drug name,"BN,IN",high,multi,1118,0,Mapap (acetaminophen),Mapap (acetaminophen),mapap (acetaminophen),"BN, IN",4602,0.00089216,0.00089216,0.00089216,0,0.21379657,0.21379657,0.21379657,0,0.0,0.0,0.0,0,0.00183,0.00183,0.00183,0,0.00036,0.00036,0.00036,0
1119,Mucus Relief,correct drug name,BN,high,multi,1119,0,Mucus Relief,Mucus Relief,mucus relief,BN,4647,0.9993875,0.9993875,0.9993875,1,0.53820282,0.53820282,0.53820282,1,0.0,0.0,0.0,0,0.00104,0.00104,0.00104,0,0.00127,0.00127,0.00127,0
1120,Estrace,correct drug name,BN,high,multi,1120,0,Estrace,Estrace,estrace,BN,4651,0.26897168,0.26897168,0.26897168,1,0.32319474,0.32319474,0.32319474,0,0.0,0.0,0.0,0,0.04795,0.04795,0.04795,0,0.00049,0.00049,0.00049,0
1121,Therems,correct drug name,BN,high,multi,1121,0,Therems,Therems,therems,BN,4672,0.06205038,0.06205038,0.06205038,0,0.49753258,0.49753258,0.49753258,1,0.0,0.0,0.0,0,0.00129,0.00129,0.00129,0,0.00662,0.00662,0.00662,0
1122,Calcium 600,correct drug name,BN,high,multi,1122,0,Calcium 600,Calcium 600,calcium 600,BN,4693,0.32770976,0.32770976,0.32770976,1,0.37782425,0.37782425,0.37782425,0,0.0,0.0,0.0,0,0.00128,0.00128,0.00128,0,0.00049,0.00049,0.00049,0
1123,hydroxychloroquine,correct drug name,IN,high,multi,1123,0,hydroxychloroquine,hydroxychloroquine,hydroxychloroquine,IN,4722,2.105e-05,2.105e-05,2.105e-05,0,0.18159111,0.18159111,0.18159111,0,0.0,0.0,0.0,0,0.00067,0.00067,0.00067,0,0.00053,0.00053,0.00053,0
1124,Mapap,correct drug name,BN,high,multi,1124,0,Mapap,Mapap,mapap,BN,4737,9e-06,9e-06,9e-06,0,0.21379657,0.21379657,0.21379657,0,0.0,0.0,0.0,0,0.06547,0.06547,0.06547,0,0.00064,0.00064,0.00064,0
1125,Lactobacillus acidophilus,correct drug name,IN,high,multi,1125,0,Lactobacillus acidophilus,Lactobacillus acidophilus,lactobacillus acidophilus,IN,4738,0.02943986,0.02943986,0.02943986,0,0.29910228,0.29910228,0.29910228,0,0.0,0.0,0.0,0,0.00024,0.00024,0.00024,0,0.00028,0.00028,0.00028,0
1128,Daily Multivitamin,correct drug name,IN,high,multi,1128,0,Daily Multivitamin,Daily Multivitamin,daily multivitamin,IN,4763,0.99789411,0.99789411,0.99789411,1,0.25500882,0.25500882,0.25500882,0,0.0,0.0,0.0,0,0.00033,0.00033,0.00033,0,0.00036,0.00036,0.00036,0
1130,Glutose 15,correct drug name,BN,high,multi,1130,0,Glutose 15,Glutose 15,glutose 15,BN,4793,0.99999964,0.99999964,0.99999964,1,0.49730414,0.49730414,0.49730414,1,0.0,0.0,0.0,0,0.0034,0.0034,0.0034,0,0.00331,0.00331,0.00331,0
1131,Theragran-M Premier 50 Plus,correct drug name,"BN,IN",high,multi,1131,0,Theragran-M Premier 50 Plus,Theragran-M Premier 50 Plus,theragran-m premier 50 plus,"BN, IN",4794,0.99999952,0.99999952,0.99999952,1,0.38917637,0.38917637,0.38917637,1,0.0,0.0,0.0,0,0.00725,0.00725,0.00725,0,0.05763,0.05763,0.05763,0
1132,Tricor,correct drug name,BN,high,multi,1132,0,Tricor,Tricor,tricor,BN,4797,0.00162418,0.00162418,0.00162418,0,0.22440989,0.22440989,0.22440989,0,0.0,0.0,0.0,0,0.02821,0.02821,0.02821,0,0.00052,0.00052,0.00052,0
1133,Cholestyramine Light,correct drug name,BN,high,multi,1133,0,Cholestyramine Light,Cholestyramine Light,cholestyramine light,BN,4841,0.58713651,0.58713651,0.58713651,1,0.30994427,0.30994427,0.30994427,0,0.0,0.0,0.0,0,0.00036,0.00036,0.00036,0,0.00039,0.00039,0.00039,0
1134,multivit-min-iron fum-folic ac,correct short drug name,IN,high,multi,1134,0,multivit-min-iron fum-folic ac,multivit-min-iron fum-folic ac,multivit-min-iron fum-folic ac,IN,4852,0.99994051,0.99994051,0.99994051,1,0.57915097,0.57915097,0.57915097,1,1.0,0.0,0.0,1,0.17293,0.17293,0.17293,0,0.84135,0.84135,0.84135,1
1135,Senexon-S,correct drug name,BN,high,multi,1135,0,Senexon-S,Senexon-S,senexon-s,BN,4860,4.65e-06,4.65e-06,4.65e-06,0,0.70772719,0.70772719,0.70772719,1,0.0,0.0,0.0,0,0.66186,0.66186,0.66186,1,0.86498,0.86498,0.86498,1
1136,Prevacid,correct drug name,BN,high,multi,1136,0,Prevacid,Prevacid,prevacid,BN,4868,0.34292775,0.34292775,0.34292775,1,0.32922372,0.32922372,0.32922372,0,0.0,0.0,0.0,0,0.00088,0.00088,0.00088,0,0.00086,0.00086,0.00086,0
1137,Certavite-Antioxidant,correct drug name,BN,high,multi,1137,0,Certavite-Antioxidant,Certavite-Antioxidant,certavite-antioxidant,BN,4878,0.99999976,0.99999976,0.99999976,1,0.70772719,0.70772719,0.70772719,1,1.0,0.0,0.0,1,0.00052,0.00052,0.00052,0,0.00045,0.00045,0.00045,0
1138,budesonide-formoterol,correct drug name,IN,high,multi,1138,0,budesonide-formoterol,budesonide-formoterol,budesonide-formoterol,IN,4898,0.01440896,0.01440896,0.01440896,0,0.15514688,0.15514688,0.15514688,0,1.0,0.0,0.0,1,0.00057,0.00057,0.00057,0,0.00053,0.00053,0.00053,0
1139,Methenamine Hippurate,correct drug name,IN,high,multi,1139,0,Methenamine Hippurate,Methenamine Hippurate,methenamine hippurate,IN,4899,5.111e-05,5.111e-05,5.111e-05,0,0.09658889,0.09658889,0.09658889,0,0.0,0.0,0.0,0,0.00067,0.00067,0.00067,0,0.00035,0.00035,0.00035,0
1140,Calcium Carbonate-Vit D-Min,correct short drug name,IN,high,multi,1140,0,Calcium Carbonate-Vit D-Min,Calcium Carbonate-Vit D-Min,calcium carbonate-vit d-min,IN,4904,0.99998808,0.99998808,0.99998808,1,0.19649069,0.19649069,0.19649069,0,1.0,4.0,1.0,1,0.00741,0.00741,0.00741,0,0.00078,0.00078,0.00078,0
1141,Verapamil HCl ER,correct drug name,IN,high,multi,1141,0,Verapamil HCl ER,Verapamil HCl ER,verapamil hcl er,IN,4905,0.99468213,0.99468213,0.99468213,1,0.36740762,0.36740762,0.36740762,0,0.0,0.0,0.0,0,0.00048,0.00048,0.00048,0,0.0006,0.0006,0.0006,0
1142,Stiolto Respimat,correct drug name,BN,high,multi,1142,0,Stiolto Respimat,Stiolto Respimat,stiolto respimat,BN,4905,0.99999785,0.99999785,0.99999785,1,0.24434477,0.24434477,0.24434477,0,0.0,0.0,0.0,0,0.00228,0.00228,0.00228,0,0.45944,0.45944,0.45944,0
1145,Epoetin Alfa,correct drug name,IN,high,multi,1145,0,Epoetin Alfa,Epoetin Alfa,epoetin alfa,IN,4963,0.99999988,0.99999988,0.99999988,1,0.09523521,0.09523521,0.09523521,0,0.0,0.0,0.0,0,0.00047,0.00047,0.00047,0,0.00034,0.00034,0.00034,0
1146,Iodosorb,correct drug name,BN,high,multi,1146,0,Iodosorb,Iodosorb,iodosorb,BN,4965,6.52e-06,6.52e-06,6.52e-06,0,0.27203065,0.27203065,0.27203065,0,0.0,0.0,0.0,0,0.00213,0.00213,0.00213,0,0.00188,0.00188,0.00188,0
1148,Amaryl,correct drug name,BN,high,multi,1148,0,Amaryl,Amaryl,amaryl,BN,4970,0.00019047,0.00019047,0.00019047,0,0.15430361,0.15430361,0.15430361,0,0.0,0.0,0.0,0,0.00088,0.00088,0.00088,0,0.00113,0.00113,0.00113,0
1149,B Complex,correct drug name,BN,high,multi,1149,0,B Complex,B Complex,b complex,BN,4974,4.84e-06,4.84e-06,4.84e-06,0,0.68262935,0.68262935,0.68262935,1,0.0,0.0,0.0,0,0.84783,0.84783,0.84783,1,0.73475,0.73475,0.73475,1
1150,Align,correct drug name,BN,high,multi,1150,0,Align,Align,align,BN,4985,0.00011222,0.00011222,0.00011222,0,0.44872496,0.44872496,0.44872496,1,0.0,0.0,0.0,0,0.00078,0.00078,0.00078,0,0.00041,0.00041,0.00041,0
1151,Atrovent HFA,correct drug name,BN,high,multi,1151,0,Atrovent HFA,Atrovent HFA,atrovent hfa,BN,4992,1.36e-06,1.36e-06,1.36e-06,0,0.21906309,0.21906309,0.21906309,0,0.0,0.0,0.0,0,0.00068,0.00068,0.00068,0,0.0009,0.0009,0.0009,0
1152,Travatan Z,correct drug name,BN,high,multi,1152,0,Travatan Z,Travatan Z,travatan z,BN,4996,0.71616203,0.71616203,0.71616203,1,0.35319236,0.35319236,0.35319236,0,0.0,0.0,0.0,0,0.0162,0.0162,0.0162,0,0.00033,0.00033,0.00033,0
1153,Triamterene-HCTZ,correct short drug name,IN,high,multi,1153,0,Triamterene-HCTZ,Triamterene-HCTZ,triamterene-hctz,IN,4997,0.00079928,0.00079928,0.00079928,0,0.21436332,0.21436332,0.21436332,0,1.0,0.0,0.0,1,0.00034,0.00034,0.00034,0,0.00036,0.00036,0.00036,0
1154,DAPTOmycin,correct drug name,IN,high,multi,1154,0,DAPTOmycin,DAPTOmycin,daptomycin,IN,5000,0.00014149,0.00014149,0.00014149,0,0.18564448,0.18564448,0.18564448,0,1.0,5.0,1.0,1,0.00044,0.00044,0.00044,0,0.00034,0.00034,0.00034,0
1155,clobetasol,correct drug name,IN,high,multi,1155,0,clobetasol,clobetasol,clobetasol,IN,5018,1.407e-05,1.407e-05,1.407e-05,0,0.34148198,0.34148198,0.34148198,0,0.0,0.0,0.0,0,0.00547,0.00547,0.00547,0,0.00042,0.00042,0.00042,0
1156,calcium citrate-vitamin D3,correct drug name,IN,high,multi,1156,0,calcium citrate-vitamin D3,calcium citrate-vitamin D3,calcium citrate-vitamin d3,IN,5023,0.93941641,0.93941641,0.93941641,1,0.25657791,0.25657791,0.25657791,0,1.0,0.0,0.0,1,0.00158,0.00158,0.00158,0,0.00033,0.00033,0.00033,0
1157,losartan-hydrochlorothiazide,correct drug name,IN,high,multi,1157,0,losartan-hydrochlorothiazide,losartan-hydrochlorothiazide,losartan-hydrochlorothiazide,IN,5032,1.578e-05,1.578e-05,1.578e-05,0,0.16555668,0.16555668,0.16555668,0,1.0,0.0,0.0,1,0.00042,0.00042,0.00042,0,0.00034,0.00034,0.00034,0
1159,Robitussin DM Sugar Free,correct drug name,BN,high,multi,1159,0,Robitussin DM Sugar Free,Robitussin DM Sugar Free,robitussin dm sugar free,BN,5039,0.00112823,0.00112823,0.00112823,0,0.39338151,0.39338151,0.39338151,1,0.0,0.0,0.0,0,0.00016,0.00016,0.00016,0,0.00031,0.00031,0.00031,0
1160,Nephrocaps,correct drug name,BN,high,multi,1160,0,Nephrocaps,Nephrocaps,nephrocaps,BN,5045,1.95e-06,1.95e-06,1.95e-06,0,0.34035805,0.34035805,0.34035805,0,0.0,0.0,0.0,0,0.00025,0.00025,0.00025,0,0.00053,0.00053,0.00053,0
1161,Fluocinonide,correct drug name,IN,high,multi,1161,0,Fluocinonide,Fluocinonide,fluocinonide,IN,5048,0.6946106,0.6946106,0.6946106,1,0.19261269,0.19261269,0.19261269,0,0.0,0.0,0.0,0,0.00158,0.00158,0.00158,0,0.00063,0.00063,0.00063,0
1162,Sotalol HCl,correct drug name,IN,high,multi,1162,0,Sotalol HCl,Sotalol HCl,sotalol hcl,IN,5049,0.99999774,0.99999774,0.99999774,1,0.03064546,0.03064546,0.03064546,0,0.0,0.0,0.0,0,0.00022,0.00022,0.00022,0,0.00042,0.00042,0.00042,0
1163,Flucelvax Quad 2017-2018 (flu vac qs 2017-18(4 yr up) cd),correct drug name,"BN,IN",high,multi,1163,0,Flucelvax Quad 2017-2018 (flu vac qs 2017-18(4 yr up) cd),Flucelvax Quad 2017-2018 (flu vac qs 2017-18(4 yr up) cd),flucelvax quad 2017-2018 (flu vac qs 2017-18(4 yr up) cd),"BN, IN",5079,0.99999976,0.99999976,0.99999976,1,0.60501856,0.60501856,0.60501856,1,1.0,2.0,0.5,1,0.67782,0.67782,0.67782,1,0.99918,0.99918,0.99918,1
1164,Calcium-D,correct drug name,IN,high,multi,1164,0,Calcium-D,Calcium-D,calcium-d,IN,5080,0.00216938,0.00216938,0.00216938,0,0.38742509,0.38742509,0.38742509,1,1.0,3.0,0.75,1,0.00488,0.00488,0.00488,0,0.00026,0.00026,0.00026,0
1165,Milk Of Magnesia Concentrated,correct drug name,IN,high,multi,1165,0,Milk Of Magnesia Concentrated,Milk Of Magnesia Concentrated,milk of magnesia concentrated,IN,5080,0.9999162,0.9999162,0.9999162,1,0.17736155,0.17736155,0.17736155,0,0.0,0.0,0.0,0,0.00018,0.00018,0.00018,0,0.00023,0.00023,0.00023,0
1166,Cerovite Senior,correct drug name,BN,high,multi,1166,0,Cerovite Senior,Cerovite Senior,cerovite senior,BN,5082,0.99999833,0.99999833,0.99999833,1,0.36720297,0.36720297,0.36720297,0,0.0,0.0,0.0,0,0.00081,0.00081,0.00081,0,0.00121,0.00121,0.00121,0
1167,Glucagon HCl,correct drug name,IN,high,multi,1167,0,Glucagon HCl,Glucagon HCl,glucagon hcl,IN,5084,0.99999928,0.99999928,0.99999928,1,0.14623916,0.14623916,0.14623916,0,0.0,0.0,0.0,0,0.00016,0.00016,0.00016,0,0.0005,0.0005,0.0005,0
1169,Thera M Plus (ferrous fumarat),correct drug name,"BN,IN",high,multi,1169,0,Thera M Plus (ferrous fumarat),Thera M Plus (ferrous fumarat),thera m plus (ferrous fumarat),"BN, IN",5102,0.01376166,0.01376166,0.01376166,0,0.42831075,0.42831075,0.42831075,1,0.0,0.0,0.0,0,0.01562,0.01562,0.01562,0,0.00112,0.00112,0.00112,0
1170,Cough Drops,correct drug name,IN,high,multi,1170,0,Cough Drops,Cough Drops,cough drops,IN,5131,0.99999881,0.99999881,0.99999881,1,0.53457862,0.53457862,0.53457862,1,0.0,0.0,0.0,0,0.00044,0.00044,0.00044,0,0.00043,0.00043,0.00043,0
1171,Decubi Vite,correct drug name,BN,high,multi,1171,0,Decubi Vite,Decubi Vite,decubi vite,BN,5141,0.99933904,0.99933904,0.99933904,1,0.37134165,0.37134165,0.37134165,0,1.0,3.0,0.75,1,0.0311,0.0311,0.0311,0,0.99871,0.99871,0.99871,1
1172,thiamine mononitrate,correct drug name,IN,high,multi,1172,0,thiamine mononitrate,thiamine mononitrate,thiamine mononitrate,IN,5143,9.389e-05,9.389e-05,9.389e-05,0,0.26697361,0.26697361,0.26697361,0,0.0,0.0,0.0,0,0.00039,0.00039,0.00039,0,0.00285,0.00285,0.00285,0
1173,Rivastigmine Tartrate,correct drug name,IN,high,multi,1173,0,Rivastigmine Tartrate,Rivastigmine Tartrate,rivastigmine tartrate,IN,5143,9.416e-05,9.416e-05,9.416e-05,0,0.04889327,0.04889327,0.04889327,0,0.0,0.0,0.0,0,0.00042,0.00042,0.00042,0,0.00037,0.00037,0.00037,0
1174,Tolterodine Tartrate ER,correct drug name,BN,high,multi,1174,0,Tolterodine Tartrate ER,Tolterodine Tartrate ER,tolterodine tartrate er,BN,5166,0.07469437,0.07469437,0.07469437,0,0.17416909,0.17416909,0.17416909,0,0.0,0.0,0.0,0,0.00035,0.00035,0.00035,0,0.00039,0.00039,0.00039,0
1175,Refresh Plus,correct drug name,BN,high,multi,1175,0,Refresh Plus,Refresh Plus,refresh plus,BN,5170,0.999345,0.999345,0.999345,1,0.48612094,0.48612094,0.48612094,1,0.0,0.0,0.0,0,0.00061,0.00061,0.00061,0,0.0003,0.0003,0.0003,0
1177,terazosin,correct drug name,IN,high,multi,1177,0,terazosin,terazosin,terazosin,IN,5179,8.15e-06,8.15e-06,8.15e-06,0,0.13553207,0.13553207,0.13553207,0,0.0,0.0,0.0,0,0.00034,0.00034,0.00034,0,0.00056,0.00056,0.00056,0
1178,Timoptic,correct drug name,BN,high,multi,1178,0,Timoptic,Timoptic,timoptic,BN,5189,1.071e-05,1.071e-05,1.071e-05,0,0.17441198,0.17441198,0.17441198,0,0.0,0.0,0.0,0,0.00042,0.00042,0.00042,0,0.00039,0.00039,0.00039,0
1179,Natural Balance Tears,correct drug name,BN,high,multi,1179,0,Natural Balance Tears,Natural Balance Tears,natural balance tears,BN,5191,0.65605563,0.65605563,0.65605563,1,0.27128357,0.27128357,0.27128357,0,0.0,0.0,0.0,0,0.00017,0.00017,0.00017,0,0.00025,0.00025,0.00025,0
1180,Biotene Dry Mouth,correct drug name,BN,high,multi,1180,0,Biotene Dry Mouth,Biotene Dry Mouth,biotene dry mouth,BN,5192,0.99999213,0.99999213,0.99999213,1,0.42118242,0.42118242,0.42118242,1,0.0,0.0,0.0,0,0.00046,0.00046,0.00046,0,0.00029,0.00029,0.00029,0
1181,Imdur,correct drug name,BN,high,multi,1181,0,Imdur,Imdur,imdur,BN,5200,0.99994028,0.99994028,0.99994028,1,0.14411679,0.14411679,0.14411679,0,1.0,3.0,0.75,1,0.0012,0.0012,0.0012,0,0.00041,0.00041,0.00041,0
1183,Dakins (1/4 strength),correct drug name,BN,high,multi,1183,0,Dakins (1/4 strength),Dakins (1/4 strength),dakins (1/4 strength),BN,5211,0.99999857,0.99999857,0.99999857,1,0.43060628,0.43060628,0.43060628,1,1.0,1.0,0.25,1,0.48112,0.48112,0.48112,0,0.00188,0.00188,0.00188,0
1184,Remedy Calazime Protect Paste,correct drug name,BN,high,multi,1184,0,Remedy Calazime Protect Paste,Remedy Calazime Protect Paste,remedy calazime protect paste,BN,5216,0.99999976,0.99999976,0.99999976,1,0.32912186,0.32912186,0.32912186,0,0.0,0.0,0.0,0,0.00051,0.00051,0.00051,0,0.16895,0.16895,0.16895,0
1187,Piperacillin Sod-Tazobactam So,correct drug name,IN,high,multi,1187,0,Piperacillin Sod-Tazobactam So,Piperacillin Sod-Tazobactam So,piperacillin sod-tazobactam so,IN,5249,0.0008483,0.0008483,0.0008483,0,0.47004181,0.47004181,0.47004181,1,1.0,0.0,0.0,1,0.75164,0.75164,0.75164,1,0.85178,0.85178,0.85178,1
1188,Niacin,correct drug name,IN,high,multi,1188,0,Niacin,Niacin,niacin,IN,5252,1.413e-05,1.413e-05,1.413e-05,0,0.31208935,0.31208935,0.31208935,0,0.0,0.0,0.0,0,0.00104,0.00104,0.00104,0,0.00052,0.00052,0.00052,0
1189,azelastine,correct drug name,IN,high,multi,1189,0,azelastine,azelastine,azelastine,IN,5263,5.91e-06,5.91e-06,5.91e-06,0,0.10119446,0.10119446,0.10119446,0,0.0,0.0,0.0,0,0.00177,0.00177,0.00177,0,0.00082,0.00082,0.00082,0
1190,Solifenacin Succinate,correct drug name,IN,high,multi,1190,0,Solifenacin Succinate,Solifenacin Succinate,solifenacin succinate,IN,5273,0.99187028,0.99187028,0.99187028,1,0.05201864,0.05201864,0.05201864,0,0.0,0.0,0.0,0,0.00034,0.00034,0.00034,0,0.00066,0.00066,0.00066,0
1191,Doxepin HCl,correct drug name,IN,high,multi,1191,0,Doxepin HCl,Doxepin HCl,doxepin hcl,IN,5325,0.99959201,0.99959201,0.99959201,1,0.024784,0.024784,0.024784,0,0.0,0.0,0.0,0,0.00043,0.00043,0.00043,0,0.00761,0.00761,0.00761,0
1193,Remedy Nutrashield,correct drug name,BN,high,multi,1193,0,Remedy Nutrashield,Remedy Nutrashield,remedy nutrashield,BN,5369,0.00627522,0.00627522,0.00627522,0,0.27206215,0.27206215,0.27206215,0,1.0,0.0,0.0,1,0.00515,0.00515,0.00515,0,0.0072,0.0072,0.0072,0
1194,gemfibrozil,correct drug name,IN,high,multi,1194,0,gemfibrozil,gemfibrozil,gemfibrozil,IN,5432,0.00010565,0.00010565,0.00010565,0,0.12848666,0.12848666,0.12848666,0,0.0,0.0,0.0,0,0.00043,0.00043,0.00043,0,0.00035,0.00035,0.00035,0
1195,Brovana,correct drug name,BN,high,multi,1195,0,Brovana,Brovana,brovana,BN,5446,1.64e-06,1.64e-06,1.64e-06,0,0.21531352,0.21531352,0.21531352,0,0.0,0.0,0.0,0,0.00659,0.00659,0.00659,0,0.00397,0.00397,0.00397,0
1196,Calcium 600+D,correct drug name,BN,high,multi,1196,0,Calcium 600+D,Calcium 600+D,calcium 600+d,BN,5447,0.98749161,0.98749161,0.98749161,1,0.22580442,0.22580442,0.22580442,0,0.0,0.0,0.0,0,0.00122,0.00122,0.00122,0,0.00633,0.00633,0.00633,0
1198,Oscal 500/200 D-3,correct drug name,BN,high,multi,1198,0,Oscal 500/200 D-3,Oscal 500/200 D-3,oscal 500/200 d-3,BN,5475,0.01818816,0.01818816,0.01818816,0,0.26876459,0.26876459,0.26876459,0,1.0,2.0,0.5,1,0.04268,0.04268,0.04268,0,0.00112,0.00112,0.00112,0
1199,acetaZOLAMIDE,correct drug name,IN,high,multi,1199,0,acetaZOLAMIDE,acetaZOLAMIDE,acetazolamide,IN,5476,2.7e-06,2.7e-06,2.7e-06,0,0.19586344,0.19586344,0.19586344,0,0.0,0.0,0.0,0,0.00076,0.00076,0.00076,0,0.0008,0.0008,0.0008,0
1200,Nitrofurantoin Monohyd Macro,correct short drug name,IN,high,multi,1200,0,Nitrofurantoin Monohyd Macro,Nitrofurantoin Monohyd Macro,nitrofurantoin monohyd macro,IN,5486,0.99999881,0.99999881,0.99999881,1,0.15676937,0.15676937,0.15676937,0,1.0,3.0,0.75,1,0.99642,0.99642,0.99642,1,0.99989,0.99989,0.99989,1
1201,MediHoney (honey),correct drug name,BN,high,multi,1201,0,MediHoney (honey),MediHoney (honey),medihoney (honey),BN,5525,0.00016602,0.00016602,0.00016602,0,0.28520983,0.28520983,0.28520983,0,1.0,4.0,1.0,1,0.99997,0.99997,0.99997,1,0.99983,0.99983,0.99983,1
1202,Phenazopyridine HCl,correct drug name,IN,high,multi,1202,0,Phenazopyridine HCl,Phenazopyridine HCl,phenazopyridine hcl,IN,5544,0.99999857,0.99999857,0.99999857,1,0.05833905,0.05833905,0.05833905,0,0.0,0.0,0.0,0,0.00049,0.00049,0.00049,0,0.00137,0.00137,0.00137,0
1203,Lidocaine Pain Relief,correct drug name,IN,high,multi,1203,0,Lidocaine Pain Relief,Lidocaine Pain Relief,lidocaine pain relief,IN,5552,0.99999905,0.99999905,0.99999905,1,0.27068332,0.27068332,0.27068332,0,0.0,0.0,0.0,0,0.00066,0.00066,0.00066,0,0.00216,0.00216,0.00216,0
1204,Cepacol Sore Throat (benz-men),correct drug name,"BN,IN",high,multi,1204,0,Cepacol Sore Throat (benz-men),Cepacol Sore Throat (benz-men),cepacol sore throat (benz-men),"BN, IN",5556,0.99984705,0.99984705,0.99984705,1,0.28534782,0.28534782,0.28534782,0,1.0,0.0,0.0,1,0.99754,0.99754,0.99754,1,0.01672,0.01672,0.01672,0
1205,Klor-Con,correct drug name,BN,high,multi,1205,0,Klor-Con,Klor-Con,klor-con,BN,5563,3.69e-06,3.69e-06,3.69e-06,0,0.26079369,0.26079369,0.26079369,0,0.0,0.0,0.0,0,0.0017,0.0017,0.0017,0,0.00036,0.00036,0.00036,0
1207,Benazepril HCl,correct drug name,IN,high,multi,1207,0,Benazepril HCl,Benazepril HCl,benazepril hcl,IN,5570,0.99999774,0.99999774,0.99999774,1,0.06527609,0.06527609,0.06527609,0,0.0,0.0,0.0,0,0.00092,0.00092,0.00092,0,0.00073,0.00073,0.00073,0
1208,terbinafine HCl,correct drug name,IN,high,multi,1208,0,terbinafine HCl,terbinafine HCl,terbinafine hcl,IN,5572,0.96687853,0.96687853,0.96687853,1,0.04467374,0.04467374,0.04467374,0,0.0,0.0,0.0,0,0.00041,0.00041,0.00041,0,0.0004,0.0004,0.0004,0
1209,glycopyrrolate,correct drug name,IN,high,multi,1209,0,glycopyrrolate,glycopyrrolate,glycopyrrolate,IN,5578,0.00013124,0.00013124,0.00013124,0,0.20431033,0.20431033,0.20431033,0,0.0,0.0,0.0,0,0.00324,0.00324,0.00324,0,0.00153,0.00153,0.00153,0
1210,ceFAZolin Sodium,correct drug name,IN,high,multi,1210,0,ceFAZolin Sodium,ceFAZolin Sodium,cefazolin sodium,IN,5579,0.41644657,0.41644657,0.41644657,1,0.12719798,0.12719798,0.12719798,0,0.0,0.0,0.0,0,0.00097,0.00097,0.00097,0,0.00029,0.00029,0.00029,0
1211,Hydrocortisone Acetate,correct drug name,IN,high,multi,1211,0,Hydrocortisone Acetate,Hydrocortisone Acetate,hydrocortisone acetate,IN,5615,0.99999869,0.99999869,0.99999869,1,0.09080074,0.09080074,0.09080074,0,0.0,0.0,0.0,0,0.00367,0.00367,0.00367,0,0.0221,0.0221,0.0221,0
1212,Senna Lax,correct drug name,BN,high,multi,1212,0,Senna Lax,Senna Lax,senna lax,BN,5629,0.75563449,0.75563449,0.75563449,1,0.20477946,0.20477946,0.20477946,0,0.0,0.0,0.0,0,0.00025,0.00025,0.00025,0,0.00026,0.00026,0.00026,0
1213,Bethanechol Chloride,correct drug name,IN,high,multi,1213,0,Bethanechol Chloride,Bethanechol Chloride,bethanechol chloride,IN,5635,0.02336496,0.02336496,0.02336496,0,0.15740964,0.15740964,0.15740964,0,0.0,0.0,0.0,0,0.00116,0.00116,0.00116,0,0.22997,0.22997,0.22997,0
1214,ProSource No Carb,correct drug name,BN,high,multi,1214,0,ProSource No Carb,ProSource No Carb,prosource no carb,BN,5643,0.99982953,0.99982953,0.99982953,1,0.55443096,0.55443096,0.55443096,1,0.0,0.0,0.0,0,0.00025,0.00025,0.00025,0,0.9957,0.9957,0.9957,1
1216,Cathflo Activase,correct drug name,BN,high,multi,1216,0,Cathflo Activase,Cathflo Activase,cathflo activase,BN,5660,0.99999988,0.99999988,0.99999988,1,0.44313085,0.44313085,0.44313085,1,1.0,3.0,0.75,1,0.99996,0.99996,0.99996,1,0.9383,0.9383,0.9383,1
1217,Divalproex Sodium ER,correct drug name,BN,high,multi,1217,0,Divalproex Sodium ER,Divalproex Sodium ER,divalproex sodium er,BN,5663,5.925e-05,5.925e-05,5.925e-05,0,0.21172987,0.21172987,0.21172987,0,0.0,0.0,0.0,0,0.00017,0.00017,0.00017,0,0.00029,0.00029,0.00029,0
1218,sumatriptan succinate,correct drug name,IN,high,multi,1218,0,sumatriptan succinate,sumatriptan succinate,sumatriptan succinate,IN,5682,0.00017405,0.00017405,0.00017405,0,0.08884306,0.08884306,0.08884306,0,0.0,0.0,0.0,0,0.00071,0.00071,0.00071,0,0.00033,0.00033,0.00033,0
1219,Tylenol PM Extra Strength,correct drug name,BN,high,multi,1219,0,Tylenol PM Extra Strength,Tylenol PM Extra Strength,tylenol pm extra strength,BN,5682,0.99999976,0.99999976,0.99999976,1,0.58226919,0.58226919,0.58226919,1,0.0,0.0,0.0,0,0.00019,0.00019,0.00019,0,0.00023,0.00023,0.00023,0
1221,pramipexole,correct drug name,IN,high,multi,1221,0,pramipexole,pramipexole,pramipexole,IN,5685,2.478e-05,2.478e-05,2.478e-05,0,0.25831687,0.25831687,0.25831687,0,0.0,0.0,0.0,0,0.00508,0.00508,0.00508,0,0.01606,0.01606,0.01606,0
1222,Capsaicin,correct drug name,IN,high,multi,1222,0,Capsaicin,Capsaicin,capsaicin,IN,5686,6.679e-05,6.679e-05,6.679e-05,0,0.24084726,0.24084726,0.24084726,0,0.0,0.0,0.0,0,0.00034,0.00034,0.00034,0,0.00037,0.00037,0.00037,0
1223,Ensure,correct drug name,IN,high,multi,1223,0,Ensure,Ensure,ensure,IN,5689,0.9999975,0.9999975,0.9999975,1,0.62687248,0.62687248,0.62687248,1,0.0,0.0,0.0,0,0.0004,0.0004,0.0004,0,0.00396,0.00396,0.00396,0
1224,Mi-Acid,correct drug name,BN,high,multi,1224,0,Mi-Acid,Mi-Acid,mi-acid,BN,5704,0.99999964,0.99999964,0.99999964,1,0.37450352,0.37450352,0.37450352,0,0.0,0.0,0.0,0,0.00103,0.00103,0.00103,0,0.0012,0.0012,0.0012,0
1225,Methotrexate,correct drug name,IN,high,multi,1225,0,Methotrexate,Methotrexate,methotrexate,IN,5709,8.37e-06,8.37e-06,8.37e-06,0,0.26712081,0.26712081,0.26712081,0,0.0,0.0,0.0,0,0.00033,0.00033,0.00033,0,0.00051,0.00051,0.00051,0
1226,Fleet Oil,correct drug name,BN,high,multi,1226,0,Fleet Oil,Fleet Oil,fleet oil,BN,5733,0.99945718,0.99945718,0.99945718,1,0.48576489,0.48576489,0.48576489,1,0.0,0.0,0.0,0,0.00038,0.00038,0.00038,0,0.00094,0.00094,0.00094,0
1227,D5 %-0.45 % sodium chloride,correct drug name,IN,high,multi,1227,0,D5 %-0.45 % sodium chloride,D5 %-0.45 % sodium chloride,d5 %-0.45 % sodium chloride,IN,5741,0.98810726,0.98810726,0.98810726,1,0.40525085,0.40525085,0.40525085,1,1.0,0.0,0.0,1,0.90281,0.90281,0.90281,1,0.99842,0.99842,0.99842,1
1228,Amitiza,correct drug name,BN,high,multi,1228,0,Amitiza,Amitiza,amitiza,BN,5742,0.99999988,0.99999988,0.99999988,1,0.18520977,0.18520977,0.18520977,0,0.0,0.0,0.0,0,0.99893,0.99893,0.99893,1,0.98022,0.98022,0.98022,1
1229,Combivent,correct drug name,BN,high,multi,1229,0,Combivent,Combivent,combivent,BN,5750,0.00043302,0.00043302,0.00043302,0,0.39866811,0.39866811,0.39866811,1,0.0,0.0,0.0,0,0.00026,0.00026,0.00026,0,0.00058,0.00058,0.00058,0
1231,Robitussin Peak Cold DM,correct drug name,"BN,IN",high,multi,1231,0,Robitussin Peak Cold DM,Robitussin Peak Cold DM,robitussin peak cold dm,"BN, IN",5771,0.99988401,0.99988401,0.99988401,1,0.54390508,0.54390508,0.54390508,1,0.0,0.0,0.0,0,0.00055,0.00055,0.00055,0,0.00027,0.00027,0.00027,0
1232,Topamax,correct drug name,BN,high,multi,1232,0,Topamax,Topamax,topamax,BN,5824,0.95401889,0.95401889,0.95401889,1,0.13013104,0.13013104,0.13013104,0,0.0,0.0,0.0,0,0.00147,0.00147,0.00147,0,0.00031,0.00031,0.00031,0
1233,Artificial Tears (PF),correct drug name,IN,high,multi,1233,0,Artificial Tears (PF),Artificial Tears (PF),artificial tears (pf),IN,5833,0.99999964,0.99999964,0.99999964,1,0.4620333,0.4620333,0.4620333,1,0.0,0.0,0.0,0,0.92365,0.92365,0.92365,1,0.19186,0.19186,0.19186,0
1234,Ivermectin,correct drug name,IN,high,multi,1234,0,Ivermectin,Ivermectin,ivermectin,IN,5842,4.238e-05,4.238e-05,4.238e-05,0,0.14631301,0.14631301,0.14631301,0,0.0,0.0,0.0,0,0.00044,0.00044,0.00044,0,0.00072,0.00072,0.00072,0
1235,Sodium Chloride Flush,correct drug name,IN,high,multi,1235,0,Sodium Chloride Flush,Sodium Chloride Flush,sodium chloride flush,IN,5845,0.3331573,0.3331573,0.3331573,1,0.27350169,0.27350169,0.27350169,0,0.0,0.0,0.0,0,0.00021,0.00021,0.00021,0,0.00042,0.00042,0.00042,0
1236,Nuedexta,correct drug name,BN,high,multi,1236,0,Nuedexta,Nuedexta,nuedexta,BN,5871,0.03213091,0.03213091,0.03213091,0,0.12802006,0.12802006,0.12802006,0,0.0,0.0,0.0,0,0.00181,0.00181,0.00181,0,0.00718,0.00718,0.00718,0
1237,FiberCon,correct drug name,BN,high,multi,1237,0,FiberCon,FiberCon,fibercon,BN,5874,1e-05,1e-05,1e-05,0,0.23578991,0.23578991,0.23578991,0,0.0,0.0,0.0,0,0.0065,0.0065,0.0065,0,0.00051,0.00051,0.00051,0
1238,omega-3 fatty acids,correct drug name,IN,high,multi,1238,0,omega-3 fatty acids,omega-3 fatty acids,omega-3 fatty acids,IN,5895,2.073e-05,2.073e-05,2.073e-05,0,0.43192512,0.43192512,0.43192512,1,0.0,0.0,0.0,0,0.00047,0.00047,0.00047,0,0.00041,0.00041,0.00041,0
1239,Ranolazine ER,correct drug name,BN,high,multi,1239,0,Ranolazine ER,Ranolazine ER,ranolazine er,BN,5899,1.566e-05,1.566e-05,1.566e-05,0,0.36562303,0.36562303,0.36562303,0,1.0,0.0,0.0,1,0.00041,0.00041,0.00041,0,0.99986,0.99986,0.99986,1
1240,Cardizem,correct drug name,BN,high,multi,1240,0,Cardizem,Cardizem,cardizem,BN,5925,0.00538363,0.00538363,0.00538363,0,0.10846575,0.10846575,0.10846575,0,0.0,0.0,0.0,0,0.00033,0.00033,0.00033,0,0.00049,0.00049,0.00049,0
1242,COVID-19 mRNA Vaccine (Pfizer),correct drug name,"BN, IN",high,multi,1242,0,COVID-19 mRNA Vaccine (Pfizer),COVID-19 mRNA Vaccine (Pfizer),covid-19 mrna vaccine (pfizer),"BN, IN",5976,0.99999893,0.99999893,0.99999893,1,0.60323524,0.60323524,0.60323524,1,0.0,0.0,0.0,0,0.00039,0.00039,0.00039,0,0.00127,0.00127,0.00127,0
1243,Carboxymethylcellulose Sodium,correct drug name,IN,high,multi,1243,0,Carboxymethylcellulose Sodium,Carboxymethylcellulose Sodium,carboxymethylcellulose sodium,IN,5995,0.98462313,0.98462313,0.98462313,1,0.30511293,0.30511293,0.30511293,0,0.0,0.0,0.0,0,0.00058,0.00058,0.00058,0,0.0004,0.0004,0.0004,0
1244,Ranexa,correct drug name,BN,high,multi,1244,0,Ranexa,Ranexa,ranexa,BN,6025,3.85e-06,3.85e-06,3.85e-06,0,0.16028914,0.16028914,0.16028914,0,0.0,0.0,0.0,0,0.0008,0.0008,0.0008,0,0.0003,0.0003,0.0003,0
1245,Sacubitril-Valsartan,correct drug name,IN,high,multi,1245,0,Sacubitril-Valsartan,Sacubitril-Valsartan,sacubitril-valsartan,IN,6050,0.98791575,0.98791575,0.98791575,1,0.08649173,0.08649173,0.08649173,0,1.0,0.0,0.0,1,0.00181,0.00181,0.00181,0,0.00051,0.00051,0.00051,0
1247,Premarin,correct drug name,BN,high,multi,1247,0,Premarin,Premarin,premarin,BN,6071,0.00035562,0.00035562,0.00035562,0,0.21153538,0.21153538,0.21153538,0,0.0,0.0,0.0,0,0.00087,0.00087,0.00087,0,0.00073,0.00073,0.00073,0
1248,Aspercreme,correct drug name,BN,high,multi,1248,0,Aspercreme,Aspercreme,aspercreme,BN,6071,0.25852764,0.25852764,0.25852764,1,0.38627404,0.38627404,0.38627404,1,0.0,0.0,0.0,0,0.00034,0.00034,0.00034,0,0.00034,0.00034,0.00034,0
1251,Acetic Acid,correct drug name,IN,high,multi,1251,0,Acetic Acid,Acetic Acid,acetic acid,IN,6115,0.84753358,0.84753358,0.84753358,1,0.18664765,0.18664765,0.18664765,0,0.0,0.0,0.0,0,0.00018,0.00018,0.00018,0,0.00042,0.00042,0.00042,0
1252,Multivitamins,correct drug name,IN,high,multi,1252,0,Multivitamins,Multivitamins,multivitamins,IN,6137,0.00015253,0.00015253,0.00015253,0,0.61357176,0.61357176,0.61357176,1,0.0,0.0,0.0,0,0.00026,0.00026,0.00026,0,0.00036,0.00036,0.00036,0
1253,fluticasone propion-salmeterol,correct drug name,IN,high,multi,1253,0,fluticasone propion-salmeterol,fluticasone propion-salmeterol,fluticasone propion-salmeterol,IN,6169,0.01114576,0.01114576,0.01114576,0,0.40059176,0.40059176,0.40059176,1,1.0,0.0,0.0,1,0.98786,0.98786,0.98786,1,0.0003,0.0003,0.0003,0
1254,Phytoplex Z-Guard,correct drug name,BN,high,multi,1254,0,Phytoplex Z-Guard,Phytoplex Z-Guard,phytoplex z-guard,BN,6197,0.99999988,0.99999988,0.99999988,1,0.70772719,0.70772719,0.70772719,1,0.0,0.0,0.0,0,0.00038,0.00038,0.00038,0,0.00176,0.00176,0.00176,0
1255,Advair HFA,correct drug name,BN,high,multi,1255,0,Advair HFA,Advair HFA,advair hfa,BN,6201,0.19003744,0.19003744,0.19003744,1,0.11798557,0.11798557,0.11798557,0,0.0,0.0,0.0,0,0.00037,0.00037,0.00037,0,0.00044,0.00044,0.00044,0
1256,B-Complex,correct drug name,BN,high,multi,1256,0,B-Complex,B-Complex,b-complex,BN,6216,1.199e-05,1.199e-05,1.199e-05,0,0.48080012,0.48080012,0.48080012,1,0.0,0.0,0.0,0,0.00065,0.00065,0.00065,0,0.00051,0.00051,0.00051,0
1257,NovoLOG PenFill,correct drug name,BN,high,multi,1257,0,NovoLOG PenFill,NovoLOG PenFill,novolog penfill,BN,6235,0.99999964,0.99999964,0.99999964,1,0.25191939,0.25191939,0.25191939,0,0.0,0.0,0.0,0,0.0005,0.0005,0.0005,0,0.00086,0.00086,0.00086,0
1258,Levemir U-100 Insulin,correct drug name,"BN,IN",high,multi,1258,0,Levemir U-100 Insulin,Levemir U-100 Insulin,levemir u-100 insulin,"BN, IN",6265,0.99999976,0.99999976,0.99999976,1,0.33708966,0.33708966,0.33708966,0,1.0,1.0,0.25,1,0.00036,0.00036,0.00036,0,0.00088,0.00088,0.00088,0
1259,glipiZIDE ER,correct drug name,IN,high,multi,1259,0,glipiZIDE ER,glipiZIDE ER,glipizide er,IN,6273,0.70873982,0.70873982,0.70873982,1,0.44139203,0.44139203,0.44139203,1,0.0,0.0,0.0,0,0.00022,0.00022,0.00022,0,0.00038,0.00038,0.00038,0
1260,Aleve,correct drug name,BN,high,multi,1260,0,Aleve,Aleve,aleve,BN,6308,0.00032758,0.00032758,0.00032758,0,0.33877039,0.33877039,0.33877039,0,0.0,0.0,0.0,0,0.00043,0.00043,0.00043,0,0.00039,0.00039,0.00039,0
1261,Calazime Skin Protectant,correct drug name,"BN,IN",high,multi,1261,0,Calazime Skin Protectant,Calazime Skin Protectant,calazime skin protectant,"BN, IN",6309,0.99999511,0.99999511,0.99999511,1,0.43357089,0.43357089,0.43357089,1,0.0,0.0,0.0,0,0.00136,0.00136,0.00136,0,0.00518,0.00518,0.00518,0
1262,Bisoprolol Fumarate,correct drug name,IN,high,multi,1262,0,Bisoprolol Fumarate,Bisoprolol Fumarate,bisoprolol fumarate,IN,6395,5.499e-05,5.499e-05,5.499e-05,0,0.07074564,0.07074564,0.07074564,0,0.0,0.0,0.0,0,0.00023,0.00023,0.00023,0,0.00301,0.00301,0.00301,0
1263,Pioglitazone HCl,correct drug name,IN,high,multi,1263,0,Pioglitazone HCl,Pioglitazone HCl,pioglitazone hcl,IN,6403,0.9999783,0.9999783,0.9999783,1,0.09617127,0.09617127,0.09617127,0,0.0,0.0,0.0,0,0.00059,0.00059,0.00059,0,0.00228,0.00228,0.00228,0
1264,Moderna COVID-19 Vaccine,correct drug name,IN,high,multi,1264,0,Moderna COVID-19 Vaccine,Moderna COVID-19 Vaccine,moderna covid-19 vaccine,IN,6475,0.99999988,0.99999988,0.99999988,1,0.5356434,0.5356434,0.5356434,1,0.0,0.0,0.0,0,0.00041,0.00041,0.00041,0,0.001,0.001,0.001,0
1265,Triad Wound Dressing,correct drug name,"BN,IN",high,multi,1265,0,Triad Wound Dressing,Triad Wound Dressing,triad wound dressing,"BN, IN",6481,0.04109321,0.04109321,0.04109321,0,0.24253123,0.24253123,0.24253123,0,0.0,0.0,0.0,0,0.9988,0.9988,0.9988,1,0.00039,0.00039,0.00039,0
1266,Betamethasone Dipropionate,correct drug name,IN,high,multi,1266,0,Betamethasone Dipropionate,Betamethasone Dipropionate,betamethasone dipropionate,IN,6485,0.08506362,0.08506362,0.08506362,0,0.50149536,0.50149536,0.50149536,1,0.0,0.0,0.0,0,0.00027,0.00027,0.00027,0,0.00054,0.00054,0.00054,0
1267,carBAMazepine,correct drug name,IN,high,multi,1267,0,carBAMazepine,carBAMazepine,carbamazepine,IN,6501,2.229e-05,2.229e-05,2.229e-05,0,0.08833563,0.08833563,0.08833563,0,0.0,0.0,0.0,0,0.00022,0.00022,0.00022,0,0.00035,0.00035,0.00035,0
1268,Daily-Vite,correct drug name,BN,high,multi,1268,0,Daily-Vite,Daily-Vite,daily-vite,BN,6504,0.99408638,0.99408638,0.99408638,1,0.29796004,0.29796004,0.29796004,0,0.0,0.0,0.0,0,0.0004,0.0004,0.0004,0,0.00054,0.00054,0.00054,0
1269,diphenoxylate-atropine,correct drug name,IN,high,multi,1269,0,diphenoxylate-atropine,diphenoxylate-atropine,diphenoxylate-atropine,IN,6514,1.762e-05,1.762e-05,1.762e-05,0,0.205873,0.205873,0.205873,0,1.0,0.0,0.0,1,0.00074,0.00074,0.00074,0,0.00084,0.00084,0.00084,0
1270,Dorzolamide HCl-Timolol Mal,correct short drug name,IN,high,multi,1270,0,Dorzolamide HCl-Timolol Mal,Dorzolamide HCl-Timolol Mal,dorzolamide hcl-timolol mal,IN,6527,0.95867866,0.95867866,0.95867866,1,0.27954742,0.27954742,0.27954742,0,1.0,2.0,0.5,1,0.17525,0.17525,0.17525,0,0.0003,0.0003,0.0003,0
1271,Restoril,correct drug name,BN,high,multi,1271,0,Restoril,Restoril,restoril,BN,6533,0.00021584,0.00021584,0.00021584,0,0.41018623,0.41018623,0.41018623,1,0.0,0.0,0.0,0,0.0008,0.0008,0.0008,0,0.00098,0.00098,0.00098,0
1272,Multi-Day Plus Minerals,correct drug name,BN,high,multi,1272,0,Multi-Day Plus Minerals,Multi-Day Plus Minerals,multi-day plus minerals,BN,6559,0.99195951,0.99195951,0.99195951,1,0.35873857,0.35873857,0.35873857,0,0.0,0.0,0.0,0,0.00024,0.00024,0.00024,0,0.00028,0.00028,0.00028,0
1273,Pravachol,correct drug name,BN,high,multi,1273,0,Pravachol,Pravachol,pravachol,BN,6563,5.056e-05,5.056e-05,5.056e-05,0,0.20009065,0.20009065,0.20009065,0,0.0,0.0,0.0,0,0.00122,0.00122,0.00122,0,0.00122,0.00122,0.00122,0
1274,Paxlovid (150/100),correct drug name,BN,high,multi,1274,0,Paxlovid (150/100),Paxlovid (150/100),paxlovid (150/100),BN,6566,0.00462394,0.00462394,0.00462394,0,0.70772719,0.70772719,0.70772719,1,1.0,3.0,0.75,1,0.99966,0.99966,0.99966,1,0.99984,0.99984,0.99984,1
1275,Adult Low Dose Aspirin,correct drug name,BN,high,multi,1275,0,Adult Low Dose Aspirin,Adult Low Dose Aspirin,adult low dose aspirin,BN,6574,0.99999905,0.99999905,0.99999905,1,0.36667991,0.36667991,0.36667991,0,0.0,0.0,0.0,0,0.00017,0.00017,0.00017,0,0.00032,0.00032,0.00032,0
1276,FeroSul,correct drug name,BN,high,multi,1276,0,FeroSul,FeroSul,ferosul,BN,6595,0.99959964,0.99959964,0.99959964,1,0.2732574,0.2732574,0.2732574,0,1.0,3.0,0.75,1,0.99688,0.99688,0.99688,1,0.84488,0.84488,0.84488,1
1277,Cefadroxil,correct drug name,IN,high,multi,1277,0,Cefadroxil,Cefadroxil,cefadroxil,IN,6622,0.78109682,0.78109682,0.78109682,1,0.12427762,0.12427762,0.12427762,0,0.0,0.0,0.0,0,0.00048,0.00048,0.00048,0,0.00077,0.00077,0.00077,0
1278,Methadone HCl,correct drug name,IN,high,multi,1278,0,Methadone HCl,Methadone HCl,methadone hcl,IN,6646,0.7874043,0.7874043,0.7874043,1,0.09548302,0.09548302,0.09548302,0,0.0,0.0,0.0,0,0.00038,0.00038,0.00038,0,0.00043,0.00043,0.00043,0
1280,Gvoke HypoPen 1-Pack,correct drug name,BN,high,multi,1280,0,Gvoke HypoPen 1-Pack,Gvoke HypoPen 1-Pack,gvoke hypopen 1-pack,BN,6646,0.99999988,0.99999988,0.99999988,1,0.22875099,0.22875099,0.22875099,0,1.0,2.0,0.5,1,0.00394,0.00394,0.00394,0,0.0007,0.0007,0.0007,0
1281,Multivitamin Adults,correct drug name,IN,high,multi,1281,0,Multivitamin Adults,Multivitamin Adults,multivitamin adults,IN,6651,0.63026333,0.63026333,0.63026333,1,0.34175006,0.34175006,0.34175006,0,0.0,0.0,0.0,0,0.00026,0.00026,0.00026,0,0.00033,0.00033,0.00033,0
1282,Kayexalate,correct drug name,BN,high,multi,1282,0,Kayexalate,Kayexalate,kayexalate,BN,6655,0.9999994,0.9999994,0.9999994,1,0.32855007,0.32855007,0.32855007,0,0.0,0.0,0.0,0,0.00207,0.00207,0.00207,0,0.00204,0.00204,0.00204,0
1283,Probiotic Daily,correct drug name,IN,high,multi,1283,0,Probiotic Daily,Probiotic Daily,probiotic daily,IN,6683,0.9710235,0.9710235,0.9710235,1,0.39871925,0.39871925,0.39871925,1,0.0,0.0,0.0,0,0.00065,0.00065,0.00065,0,0.00033,0.00033,0.00033,0
1284,Zyvox,correct drug name,BN,high,multi,1284,0,Zyvox,Zyvox,zyvox,BN,6683,4.27e-06,4.27e-06,4.27e-06,0,0.17674422,0.17674422,0.17674422,0,1.0,2.0,0.5,1,0.00356,0.00356,0.00356,0,0.00109,0.00109,0.00109,0
1285,Iron (ferrous sulfate),correct drug name,BN,high,multi,1285,0,Iron (ferrous sulfate),Iron (ferrous sulfate),iron (ferrous sulfate),BN,6720,0.0001529,0.0001529,0.0001529,0,0.67209911,0.67209911,0.67209911,1,0.0,0.0,0.0,0,0.00027,0.00027,0.00027,0,0.00099,0.00099,0.00099,0
1286,Bisac-Evac,correct drug name,BN,high,multi,1286,0,Bisac-Evac,Bisac-Evac,bisac-evac,BN,6741,0.00025955,0.00025955,0.00025955,0,0.17660363,0.17660363,0.17660363,0,0.0,0.0,0.0,0,0.02652,0.02652,0.02652,0,0.00048,0.00048,0.00048,0
1287,Fosfomycin Tromethamine,correct drug name,IN,high,multi,1287,0,Fosfomycin Tromethamine,Fosfomycin Tromethamine,fosfomycin tromethamine,IN,6744,0.99995959,0.99995959,0.99995959,1,0.05592147,0.05592147,0.05592147,0,0.0,0.0,0.0,0,0.00038,0.00038,0.00038,0,0.00055,0.00055,0.00055,0
1288,Naproxen Sodium,correct drug name,IN,high,multi,1288,0,Naproxen Sodium,Naproxen Sodium,naproxen sodium,IN,6756,0.90646398,0.90646398,0.90646398,1,0.19909188,0.19909188,0.19909188,0,0.0,0.0,0.0,0,0.00048,0.00048,0.00048,0,0.00022,0.00022,0.00022,0
1289,Tylenol 8 Hour,correct drug name,BN,high,multi,1289,0,Tylenol 8 Hour,Tylenol 8 Hour,tylenol 8 hour,BN,6790,0.99999988,0.99999988,0.99999988,1,0.54663187,0.54663187,0.54663187,1,0.0,0.0,0.0,0,0.00914,0.00914,0.00914,0,0.00081,0.00081,0.00081,0
1290,EPINEPHrine,correct drug name,IN,high,multi,1290,0,EPINEPHrine,EPINEPHrine,epinephrine,IN,6797,6.48e-06,6.48e-06,6.48e-06,0,0.48417574,0.48417574,0.48417574,1,0.0,0.0,0.0,0,0.00024,0.00024,0.00024,0,0.00186,0.00186,0.00186,0
1292,Maalox Regular Strength,correct drug name,BN,high,multi,1292,0,Maalox Regular Strength,Maalox Regular Strength,maalox regular strength,BN,6806,0.99999964,0.99999964,0.99999964,1,0.32888255,0.32888255,0.32888255,0,0.0,0.0,0.0,0,0.00018,0.00018,0.00018,0,0.00042,0.00042,0.00042,0
1293,lidocaine-prilocaine,correct drug name,BN,high,multi,1293,0,lidocaine-prilocaine,lidocaine-prilocaine,lidocaine-prilocaine,BN,6806,0.00011948,0.00011948,0.00011948,0,0.23590903,0.23590903,0.23590903,0,1.0,0.0,0.0,1,0.00519,0.00519,0.00519,0,0.00043,0.00043,0.00043,0
1294,fluticasone furoate-vilanterol,correct drug name,IN,high,multi,1294,0,fluticasone furoate-vilanterol,fluticasone furoate-vilanterol,fluticasone furoate-vilanterol,IN,6823,0.02244654,0.02244654,0.02244654,0,0.20369226,0.20369226,0.20369226,0,0.0,0.0,0.0,0,0.001,0.001,0.001,0,0.00029,0.00029,0.00029,0
1295,Mineral Oil,correct drug name,IN,high,multi,1295,0,Mineral Oil,Mineral Oil,mineral oil,IN,6830,9.2e-06,9.2e-06,9.2e-06,0,0.31930244,0.31930244,0.31930244,0,0.0,0.0,0.0,0,0.0002,0.0002,0.0002,0,0.00038,0.00038,0.00038,0
1296,zinc gluconate,correct drug name,IN,high,multi,1296,0,zinc gluconate,zinc gluconate,zinc gluconate,IN,6837,5.14e-06,5.14e-06,5.14e-06,0,0.21879154,0.21879154,0.21879154,0,0.0,0.0,0.0,0,0.00037,0.00037,0.00037,0,0.00036,0.00036,0.00036,0
1297,methotrexate sodium,correct drug name,IN,high,multi,1297,0,methotrexate sodium,methotrexate sodium,methotrexate sodium,IN,6865,9.95e-06,9.95e-06,9.95e-06,0,0.13417272,0.13417272,0.13417272,0,0.0,0.0,0.0,0,0.00037,0.00037,0.00037,0,0.00044,0.00044,0.00044,0
1298,Vimpat,correct drug name,BN,high,multi,1298,0,Vimpat,Vimpat,vimpat,BN,6891,0.99999118,0.99999118,0.99999118,1,0.21704073,0.21704073,0.21704073,0,0.0,0.0,0.0,0,0.00345,0.00345,0.00345,0,0.00041,0.00041,0.00041,0
1299,Rivastigmine,correct drug name,IN,high,multi,1299,0,Rivastigmine,Rivastigmine,rivastigmine,IN,6893,4.08e-06,4.08e-06,4.08e-06,0,0.12838313,0.12838313,0.12838313,0,0.0,0.0,0.0,0,0.00056,0.00056,0.00056,0,0.0004,0.0004,0.0004,0
1301,Mylanta Double-Strength,correct drug name,BN,high,multi,1301,0,Mylanta Double-Strength,Mylanta Double-Strength,mylanta double-strength,BN,6971,0.99988878,0.99988878,0.99988878,1,0.21157908,0.21157908,0.21157908,0,1.0,0.0,0.0,1,0.0002,0.0002,0.0002,0,0.00024,0.00024,0.00024,0
1302,IBU,correct drug name,BN,high,multi,1302,0,IBU,IBU,ibu,BN,6994,1.257e-05,1.257e-05,1.257e-05,0,0.24000619,0.24000619,0.24000619,0,0.0,0.0,0.0,0,0.9635,0.9635,0.9635,1,0.004,0.004,0.004,0
1303,Ferrex 150,correct drug name,BN,high,multi,1303,0,Ferrex 150,Ferrex 150,ferrex 150,BN,7013,3.17e-06,3.17e-06,3.17e-06,0,0.32508186,0.32508186,0.32508186,0,0.0,0.0,0.0,0,0.00465,0.00465,0.00465,0,0.00254,0.00254,0.00254,0
1304,Combigan,correct drug name,BN,high,multi,1304,0,Combigan,Combigan,combigan,BN,7014,0.68934095,0.68934095,0.68934095,1,0.19508113,0.19508113,0.19508113,0,0.0,0.0,0.0,0,0.0003,0.0003,0.0003,0,0.01532,0.01532,0.01532,0
1305,Ketorolac Tromethamine,correct drug name,IN,high,multi,1305,0,Ketorolac Tromethamine,Ketorolac Tromethamine,ketorolac tromethamine,IN,7019,0.04426672,0.04426672,0.04426672,0,0.05186365,0.05186365,0.05186365,0,0.0,0.0,0.0,0,0.00025,0.00025,0.00025,0,0.00037,0.00037,0.00037,0
1306,Tylenol Arthritis Pain,correct drug name,BN,high,multi,1306,0,Tylenol Arthritis Pain,Tylenol Arthritis Pain,tylenol arthritis pain,BN,7054,0.99999964,0.99999964,0.99999964,1,0.30152509,0.30152509,0.30152509,0,0.0,0.0,0.0,0,0.00025,0.00025,0.00025,0,0.00021,0.00021,0.00021,0
1307,Aspirin EC Low Strength,correct drug name,IN,high,multi,1307,0,Aspirin EC Low Strength,Aspirin EC Low Strength,aspirin ec low strength,IN,7062,0.99999869,0.99999869,0.99999869,1,0.49465561,0.49465561,0.49465561,1,0.0,0.0,0.0,0,0.00876,0.00876,0.00876,0,0.00083,0.00083,0.00083,0
1308,Mylanta Maximum Strength,correct drug name,BN,high,multi,1308,0,Mylanta Maximum Strength,Mylanta Maximum Strength,mylanta maximum strength,BN,7094,0.99999547,0.99999547,0.99999547,1,0.25891849,0.25891849,0.25891849,0,0.0,0.0,0.0,0,0.00026,0.00026,0.00026,0,0.00027,0.00027,0.00027,0
1309,Oseltamivir Phosphate,correct drug name,IN,high,multi,1309,0,Oseltamivir Phosphate,Oseltamivir Phosphate,oseltamivir phosphate,IN,7104,0.31828672,0.31828672,0.31828672,1,0.20873329,0.20873329,0.20873329,0,0.0,0.0,0.0,0,0.00028,0.00028,0.00028,0,0.00071,0.00071,0.00071,0
1310,Afluria 2016-2017 (flu vaccine ts2016-17(5 yr up)),correct drug name,"BN,IN",high,multi,1310,0,Afluria 2016-2017 (flu vaccine ts2016-17(5 yr up)),Afluria 2016-2017 (flu vaccine ts2016-17(5 yr up)),afluria 2016-2017 (flu vaccine ts2016-17(5 yr up)),"BN, IN",7114,0.9999975,0.9999975,0.9999975,1,0.30369461,0.30369461,0.30369461,0,1.0,4.0,1.0,1,0.99974,0.99974,0.99974,1,0.99983,0.99983,0.99983,1
1311,Vesicare,correct drug name,BN,high,multi,1311,0,Vesicare,Vesicare,vesicare,BN,7128,1.37e-05,1.37e-05,1.37e-05,0,0.17549989,0.17549989,0.17549989,0,0.0,0.0,0.0,0,0.00149,0.00149,0.00149,0,0.00047,0.00047,0.00047,0
1312,Digox,correct drug name,BN,high,multi,1312,0,Digox,Digox,digox,BN,7132,3.52e-06,3.52e-06,3.52e-06,0,0.37475055,0.37475055,0.37475055,0,0.0,0.0,0.0,0,0.0028,0.0028,0.0028,0,0.00036,0.00036,0.00036,0
1313,Compazine,correct drug name,BN,high,multi,1313,0,Compazine,Compazine,compazine,BN,7134,0.53715503,0.53715503,0.53715503,1,0.36148751,0.36148751,0.36148751,0,0.0,0.0,0.0,0,0.10704,0.10704,0.10704,0,0.00093,0.00093,0.00093,0
1315,Pneumovax-23,correct drug name,BN,high,multi,1315,0,Pneumovax-23,Pneumovax-23,pneumovax-23,BN,7157,1.47e-06,1.47e-06,1.47e-06,0,0.34714949,0.34714949,0.34714949,0,1.0,0.0,0.0,1,0.00292,0.00292,0.00292,0,0.00069,0.00069,0.00069,0
1316,Levoxyl,correct drug name,BN,high,multi,1316,0,Levoxyl,Levoxyl,levoxyl,BN,7163,0.87934333,0.87934333,0.87934333,1,0.22481981,0.22481981,0.22481981,0,0.0,0.0,0.0,0,0.00118,0.00118,0.00118,0,0.00079,0.00079,0.00079,0
1317,Levalbuterol HCl,correct drug name,IN,high,multi,1317,0,Levalbuterol HCl,Levalbuterol HCl,levalbuterol hcl,IN,7167,0.99999678,0.99999678,0.99999678,1,0.20829691,0.20829691,0.20829691,0,0.0,0.0,0.0,0,0.00023,0.00023,0.00023,0,0.0008,0.0008,0.0008,0
1318,Macrodantin,correct drug name,BN,high,multi,1318,0,Macrodantin,Macrodantin,macrodantin,BN,7181,0.0001939,0.0001939,0.0001939,0,0.12758695,0.12758695,0.12758695,0,0.0,0.0,0.0,0,0.00036,0.00036,0.00036,0,0.00099,0.00099,0.00099,0
1320,Irbesartan,correct drug name,IN,high,multi,1320,0,Irbesartan,Irbesartan,irbesartan,IN,7213,0.00028507,0.00028507,0.00028507,0,0.11153898,0.11153898,0.11153898,0,0.0,0.0,0.0,0,0.00083,0.00083,0.00083,0,0.00045,0.00045,0.00045,0
1321,Phenytoin Sodium Extended,correct drug name,IN,high,multi,1321,0,Phenytoin Sodium Extended,Phenytoin Sodium Extended,phenytoin sodium extended,IN,7218,0.99999845,0.99999845,0.99999845,1,0.17149831,0.17149831,0.17149831,0,0.0,0.0,0.0,0,0.00019,0.00019,0.00019,0,0.00029,0.00029,0.00029,0
1323,Molnupiravir,correct drug name,IN,high,multi,1323,0,Molnupiravir,Molnupiravir,molnupiravir,IN,7283,0.00021767,0.00021767,0.00021767,0,0.70772719,0.70772719,0.70772719,1,0.0,0.0,0.0,0,0.00275,0.00275,0.00275,0,0.0004,0.0004,0.0004,0
1324,TobraDex,correct drug name,BN,high,multi,1324,0,TobraDex,TobraDex,tobradex,BN,7311,0.00158746,0.00158746,0.00158746,0,0.18511093,0.18511093,0.18511093,0,0.0,0.0,0.0,0,0.00032,0.00032,0.00032,0,0.00026,0.00026,0.00026,0
1325,GlucaGen HypoKit,correct drug name,BN,high,multi,1325,0,GlucaGen HypoKit,GlucaGen HypoKit,glucagen hypokit,BN,7314,0.99999952,0.99999952,0.99999952,1,0.12931764,0.12931764,0.12931764,0,0.0,0.0,0.0,0,0.00122,0.00122,0.00122,0,0.0204,0.0204,0.0204,0
1326,Exelon,correct drug name,BN,high,multi,1326,0,Exelon,Exelon,exelon,BN,7326,8.421e-05,8.421e-05,8.421e-05,0,0.0760481,0.0760481,0.0760481,0,0.0,0.0,0.0,0,0.00108,0.00108,0.00108,0,0.00091,0.00091,0.00091,0
1327,Pro-Stat AWC,correct drug name,BN,high,multi,1327,0,Pro-Stat AWC,Pro-Stat AWC,pro-stat awc,BN,7363,0.96263629,0.96263629,0.96263629,1,0.44542438,0.44542438,0.44542438,1,1.0,7.0,1.0,1,0.99985,0.99985,0.99985,1,0.99296,0.99296,0.99296,1
1328,Marinol,correct drug name,BN,high,multi,1328,0,Marinol,Marinol,marinol,BN,7398,0.00022486,0.00022486,0.00022486,0,0.09474802,0.09474802,0.09474802,0,0.0,0.0,0.0,0,0.00049,0.00049,0.00049,0,0.00134,0.00134,0.00134,0
1329,Baqsimi One Pack,correct drug name,BN,high,multi,1329,0,Baqsimi One Pack,Baqsimi One Pack,baqsimi one pack,BN,7406,0.99999988,0.99999988,0.99999988,1,0.59402812,0.59402812,0.59402812,1,0.0,0.0,0.0,0,0.07796,0.07796,0.07796,0,0.99632,0.99632,0.99632,1
1330,Polyvinyl Alcohol,correct drug name,IN,high,multi,1330,0,Polyvinyl Alcohol,Polyvinyl Alcohol,polyvinyl alcohol,IN,7417,0.99999917,0.99999917,0.99999917,1,0.37900281,0.37900281,0.37900281,0,0.0,0.0,0.0,0,0.00042,0.00042,0.00042,0,0.00044,0.00044,0.00044,0
1331,Artificial Tears (polyvin alc),correct drug name,IN,high,multi,1331,0,Artificial Tears (polyvin alc),Artificial Tears (polyvin alc),artificial tears (polyvin alc),IN,7446,0.99999964,0.99999964,0.99999964,1,0.4620333,0.4620333,0.4620333,1,1.0,3.0,0.75,1,0.99969,0.99969,0.99969,1,0.48374,0.48374,0.48374,0
1332,Novolog U-100 Insulin aspart,correct drug name,"BN,IN",high,multi,1332,0,Novolog U-100 Insulin aspart,Novolog U-100 Insulin aspart,novolog u-100 insulin aspart,"BN, IN",7482,0.99999976,0.99999976,0.99999976,1,0.27899206,0.27899206,0.27899206,0,1.0,1.0,0.25,1,0.00882,0.00882,0.00882,0,0.00027,0.00027,0.00027,0
1333,Arginaid,correct drug name,BN,high,multi,1333,0,Arginaid,Arginaid,arginaid,BN,7510,0.99999321,0.99999321,0.99999321,1,0.29167995,0.29167995,0.29167995,0,0.0,0.0,0.0,0,0.00098,0.00098,0.00098,0,0.00106,0.00106,0.00106,0
1334,gentamicin,correct drug name,IN,high,multi,1334,0,gentamicin,gentamicin,gentamicin,IN,7518,1.42e-06,1.42e-06,1.42e-06,0,0.19871889,0.19871889,0.19871889,0,0.0,0.0,0.0,0,0.00039,0.00039,0.00039,0,0.00029,0.00029,0.00029,0
1336,rifAXIMin,correct drug name,IN,high,multi,1336,0,rifAXIMin,rifAXIMin,rifaximin,IN,7545,0.05379746,0.05379746,0.05379746,0,0.32722229,0.32722229,0.32722229,0,0.0,0.0,0.0,0,0.00037,0.00037,0.00037,0,0.00048,0.00048,0.00048,0
1337,insulin aspart U-100,correct drug name,IN,high,multi,1337,0,insulin aspart U-100,insulin aspart U-100,insulin aspart u-100,IN,7558,0.00044827,0.00044827,0.00044827,0,0.24090642,0.24090642,0.24090642,0,1.0,1.0,0.25,1,0.00044,0.00044,0.00044,0,0.00037,0.00037,0.00037,0
1339,Mirapex,correct drug name,BN,high,multi,1339,0,Mirapex,Mirapex,mirapex,BN,7592,7.552e-05,7.552e-05,7.552e-05,0,0.16698821,0.16698821,0.16698821,0,0.0,0.0,0.0,0,0.00179,0.00179,0.00179,0,0.00114,0.00114,0.00114,0
1340,Allegra Allergy,correct drug name,BN,high,multi,1340,0,Allegra Allergy,Allegra Allergy,allegra allergy,BN,7610,0.99999964,0.99999964,0.99999964,1,0.24152283,0.24152283,0.24152283,0,0.0,0.0,0.0,0,0.00041,0.00041,0.00041,0,0.00036,0.00036,0.00036,0
1341,propranolol,correct drug name,IN,high,multi,1341,0,propranolol,propranolol,propranolol,IN,7614,5.462e-05,5.462e-05,5.462e-05,0,0.16922709,0.16922709,0.16922709,0,0.0,0.0,0.0,0,0.00051,0.00051,0.00051,0,0.0006,0.0006,0.0006,0
1342,doxazosin,correct drug name,IN,high,multi,1342,0,doxazosin,doxazosin,doxazosin,IN,7625,4.883e-05,4.883e-05,4.883e-05,0,0.11294349,0.11294349,0.11294349,0,0.0,0.0,0.0,0,0.00054,0.00054,0.00054,0,0.00084,0.00084,0.00084,0
1343,Magnesium Oxide -Mg Supplement,correct drug name,IN,high,multi,1343,0,Magnesium Oxide -Mg Supplement,Magnesium Oxide -Mg Supplement,magnesium oxide -mg supplement,IN,7633,0.99999988,0.99999988,0.99999988,1,0.25329858,0.25329858,0.25329858,0,1.0,2.0,0.5,1,0.00157,0.00157,0.00157,0,0.00021,0.00021,0.00021,0
1345,Senna-Plus,correct drug name,BN,high,multi,1345,0,Senna-Plus,Senna-Plus,senna-plus,BN,7651,8.78e-06,8.78e-06,8.78e-06,0,0.70772719,0.70772719,0.70772719,1,1.0,0.0,0.0,1,0.00062,0.00062,0.00062,0,0.00033,0.00033,0.00033,0
1346,Dorzolamide HCl,correct drug name,IN,high,multi,1346,0,Dorzolamide HCl,Dorzolamide HCl,dorzolamide hcl,IN,7688,0.9999311,0.9999311,0.9999311,1,0.06641077,0.06641077,0.06641077,0,0.0,0.0,0.0,0,0.00045,0.00045,0.00045,0,0.00029,0.00029,0.00029,0
1347,Labetalol HCl,correct drug name,IN,high,multi,1347,0,Labetalol HCl,Labetalol HCl,labetalol hcl,IN,7718,0.99999988,0.99999988,0.99999988,1,0.08244873,0.08244873,0.08244873,0,0.0,0.0,0.0,0,0.00025,0.00025,0.00025,0,0.0009,0.0009,0.0009,0
1348,Calcium Carbonate Antacid,correct drug name,IN,high,multi,1348,0,Calcium Carbonate Antacid,Calcium Carbonate Antacid,calcium carbonate antacid,IN,7739,0.99999988,0.99999988,0.99999988,1,0.14010848,0.14010848,0.14010848,0,0.0,0.0,0.0,0,0.00021,0.00021,0.00021,0,0.00027,0.00027,0.00027,0
1349,Semglee,correct drug name,BN,high,multi,1349,0,Semglee,Semglee,semglee,BN,7757,0.67884713,0.67884713,0.67884713,1,0.70772719,0.70772719,0.70772719,1,0.0,0.0,0.0,0,0.00218,0.00218,0.00218,0,0.99139,0.99139,0.99139,1
1350,Geri-Tussin,correct drug name,BN,high,multi,1350,0,Geri-Tussin,Geri-Tussin,geri-tussin,BN,7764,0.99999976,0.99999976,0.99999976,1,0.70772719,0.70772719,0.70772719,1,0.0,0.0,0.0,0,0.00043,0.00043,0.00043,0,0.00032,0.00032,0.00032,0
1351,Tobramycin,correct drug name,IN,high,multi,1351,0,Tobramycin,Tobramycin,tobramycin,IN,7775,0.00078636,0.00078636,0.00078636,0,0.25374189,0.25374189,0.25374189,0,0.0,0.0,0.0,0,0.00035,0.00035,0.00035,0,0.00071,0.00071,0.00071,0
1352,Valtrex,correct drug name,BN,high,multi,1352,0,Valtrex,Valtrex,valtrex,BN,7802,1.907e-05,1.907e-05,1.907e-05,0,0.08620172,0.08620172,0.08620172,0,0.0,0.0,0.0,0,0.00108,0.00108,0.00108,0,0.00039,0.00039,0.00039,0
1354,Xifaxan,correct drug name,BN,high,multi,1354,0,Xifaxan,Xifaxan,xifaxan,BN,7842,5.94e-06,5.94e-06,5.94e-06,0,0.19586799,0.19586799,0.19586799,0,1.0,2.0,0.5,1,0.03658,0.03658,0.03658,0,0.00154,0.00154,0.00154,0
1355,Bacid,correct drug name,BN,high,multi,1355,0,Bacid,Bacid,bacid,BN,7857,0.10490433,0.10490433,0.10490433,0,0.22375607,0.22375607,0.22375607,0,0.0,0.0,0.0,0,0.00086,0.00086,0.00086,0,0.00078,0.00078,0.00078,0
1356,bacitracin zinc,correct drug name,IN,high,multi,1356,0,bacitracin zinc,bacitracin zinc,bacitracin zinc,IN,7898,0.00065578,0.00065578,0.00065578,0,0.22902718,0.22902718,0.22902718,0,0.0,0.0,0.0,0,0.0002,0.0002,0.0002,0,0.0019,0.0019,0.0019,0
1357,Dextrose,correct drug name,IN,high,multi,1357,0,Dextrose,Dextrose,dextrose,IN,7945,1.792e-05,1.792e-05,1.792e-05,0,0.47713256,0.47713256,0.47713256,1,0.0,0.0,0.0,0,0.00066,0.00066,0.00066,0,0.00103,0.00103,0.00103,0
1358,Fludrocortisone Acetate,correct drug name,IN,high,multi,1358,0,Fludrocortisone Acetate,Fludrocortisone Acetate,fludrocortisone acetate,IN,7948,0.99996173,0.99996173,0.99996173,1,0.12012729,0.12012729,0.12012729,0,0.0,0.0,0.0,0,0.00295,0.00295,0.00295,0,0.00143,0.00143,0.00143,0
1360,Pneumococcal 13-Val Conj Vacc,correct drug name,IN,high,multi,1360,0,Pneumococcal 13-Val Conj Vacc,Pneumococcal 13-Val Conj Vacc,pneumococcal 13-val conj vacc,IN,7961,0.99967504,0.99967504,0.99967504,1,0.49770272,0.49770272,0.49770272,1,1.0,2.0,0.5,1,0.01246,0.01246,0.01246,0,0.01763,0.01763,0.01763,0
1361,NovoLIN R,correct drug name,BN,high,multi,1361,0,NovoLIN R,NovoLIN R,novolin r,BN,7979,0.7182079,0.7182079,0.7182079,1,0.51387155,0.51387155,0.51387155,1,0.0,0.0,0.0,0,0.00293,0.00293,0.00293,0,0.00032,0.00032,0.00032,0
1362,Dulera,correct drug name,BN,high,multi,1362,0,Dulera,Dulera,dulera,BN,8002,3.27e-06,3.27e-06,3.27e-06,0,0.20450757,0.20450757,0.20450757,0,0.0,0.0,0.0,0,0.02788,0.02788,0.02788,0,0.62492,0.62492,0.62492,1
1363,Wellbutrin SR,correct drug name,BN,high,multi,1363,0,Wellbutrin SR,Wellbutrin SR,wellbutrin sr,BN,8065,1.678e-05,1.678e-05,1.678e-05,0,0.14007327,0.14007327,0.14007327,0,0.0,0.0,0.0,0,0.00081,0.00081,0.00081,0,0.00041,0.00041,0.00041,0
1364,Maalox Max,correct drug name,BN,high,multi,1364,0,Maalox Max,Maalox Max,maalox max,BN,8071,0.99999917,0.99999917,0.99999917,1,0.40289411,0.40289411,0.40289411,1,0.0,0.0,0.0,0,0.00046,0.00046,0.00046,0,0.00079,0.00079,0.00079,0
1365,Polytrim,correct drug name,BN,high,multi,1365,0,Polytrim,Polytrim,polytrim,BN,8134,8.22e-06,8.22e-06,8.22e-06,0,0.50057763,0.50057763,0.50057763,1,0.0,0.0,0.0,0,0.00289,0.00289,0.00289,0,0.00078,0.00078,0.00078,0
1366,Rena-Vite,correct drug name,BN,high,multi,1366,0,Rena-Vite,Rena-Vite,rena-vite,BN,8141,0.99997902,0.99997902,0.99997902,1,0.70772719,0.70772719,0.70772719,1,0.0,0.0,0.0,0,0.00047,0.00047,0.00047,0,0.00038,0.00038,0.00038,0
1367,Tylenol 8 Hour Arthritis Pain,correct drug name,BN,high,multi,1367,0,Tylenol 8 Hour Arthritis Pain,Tylenol 8 Hour Arthritis Pain,tylenol 8 hour arthritis pain,BN,8154,0.9999994,0.9999994,0.9999994,1,0.36588496,0.36588496,0.36588496,0,0.0,0.0,0.0,0,0.10949,0.10949,0.10949,0,0.00027,0.00027,0.00027,0
1368,Triad Hydrophilic Wound Dress,correct drug name,"BN,IN",high,multi,1368,0,Triad Hydrophilic Wound Dress,Triad Hydrophilic Wound Dress,triad hydrophilic wound dress,"BN, IN",8161,0.99999928,0.99999928,0.99999928,1,0.25387844,0.25387844,0.25387844,0,0.0,0.0,0.0,0,0.00978,0.00978,0.00978,0,0.00069,0.00069,0.00069,0
1369,Losartan Potassium-HCTZ,correct drug name,IN,high,multi,1369,0,Losartan Potassium-HCTZ,Losartan Potassium-HCTZ,losartan potassium-hctz,IN,8184,4.35e-06,4.35e-06,4.35e-06,0,0.15721874,0.15721874,0.15721874,0,1.0,0.0,0.0,1,0.00036,0.00036,0.00036,0,0.00027,0.00027,0.00027,0
1370,Pro-Stat Sugar Free,correct drug name,BN,high,multi,1370,0,Pro-Stat Sugar Free,Pro-Stat Sugar Free,pro-stat sugar free,BN,8241,0.99999964,0.99999964,0.99999964,1,0.36555859,0.36555859,0.36555859,0,1.0,4.0,1.0,1,0.98814,0.98814,0.98814,1,0.00039,0.00039,0.00039,0
1371,Cardizem LA,correct drug name,BN,high,multi,1371,0,Cardizem LA,Cardizem LA,cardizem la,BN,8278,0.97826791,0.97826791,0.97826791,1,0.37398168,0.37398168,0.37398168,0,0.0,0.0,0.0,0,0.0002,0.0002,0.0002,0,0.0004,0.0004,0.0004,0
1372,Muscle Rub,correct drug name,BN,high,multi,1372,0,Muscle Rub,Muscle Rub,muscle rub,BN,8291,0.98735785,0.98735785,0.98735785,1,0.61218858,0.61218858,0.61218858,1,0.0,0.0,0.0,0,0.00071,0.00071,0.00071,0,0.00033,0.00033,0.00033,0
1373,Wixela Inhub,correct drug name,BN,high,multi,1373,0,Wixela Inhub,Wixela Inhub,wixela inhub,BN,8366,0.9775008,0.9775008,0.9775008,1,0.33241409,0.33241409,0.33241409,0,0.0,0.0,0.0,0,0.0017,0.0017,0.0017,0,0.02419,0.02419,0.02419,0
1374,Ditropan XL,correct drug name,BN,high,multi,1374,0,Ditropan XL,Ditropan XL,ditropan xl,BN,8366,8.74e-06,8.74e-06,8.74e-06,0,0.18710208,0.18710208,0.18710208,0,0.0,0.0,0.0,0,0.00423,0.00423,0.00423,0,0.00038,0.00038,0.00038,0
1375,Pramipexole Dihydrochloride,correct drug name,IN,high,multi,1375,0,Pramipexole Dihydrochloride,Pramipexole Dihydrochloride,pramipexole dihydrochloride,IN,8383,0.44727686,0.44727686,0.44727686,1,0.05357171,0.05357171,0.05357171,0,0.0,0.0,0.0,0,0.00295,0.00295,0.00295,0,0.01203,0.01203,0.01203,0
1376,Mirabegron ER,correct drug name,IN,high,multi,1376,0,Mirabegron ER,Mirabegron ER,mirabegron er,IN,8387,9.475e-05,9.475e-05,9.475e-05,0,0.27576339,0.27576339,0.27576339,0,0.0,0.0,0.0,0,0.00333,0.00333,0.00333,0,0.00075,0.00075,0.00075,0
1377,megestrol,correct drug name,IN,high,multi,1377,0,megestrol,megestrol,megestrol,IN,8414,0.00018677,0.00018677,0.00018677,0,0.32745355,0.32745355,0.32745355,0,0.0,0.0,0.0,0,0.00095,0.00095,0.00095,0,0.00037,0.00037,0.00037,0
1380,Terazosin HCl,correct drug name,IN,high,multi,1380,0,Terazosin HCl,Terazosin HCl,terazosin hcl,IN,8520,0.9998548,0.9998548,0.9998548,1,0.03576452,0.03576452,0.03576452,0,0.0,0.0,0.0,0,0.0004,0.0004,0.0004,0,0.00111,0.00111,0.00111,0
1381,Valproic Acid,correct drug name,IN,high,multi,1381,0,Valproic Acid,Valproic Acid,valproic acid,IN,8537,0.9982146,0.9982146,0.9982146,1,0.08303914,0.08303914,0.08303914,0,0.0,0.0,0.0,0,0.00015,0.00015,0.00015,0,0.00028,0.00028,0.00028,0
1382,Probiotic Formula (inulin),correct drug name,IN,high,multi,1382,0,Probiotic Formula (inulin),Probiotic Formula (inulin),probiotic formula (inulin),IN,8553,0.01706044,0.01706044,0.01706044,0,0.36598292,0.36598292,0.36598292,0,1.0,2.0,0.5,1,0.00126,0.00126,0.00126,0,0.00029,0.00029,0.00029,0
1383,LaMICtal,correct drug name,BN,high,multi,1383,0,LaMICtal,LaMICtal,lamictal,BN,8588,6.539e-05,6.539e-05,6.539e-05,0,0.33569691,0.33569691,0.33569691,0,0.0,0.0,0.0,0,0.00089,0.00089,0.00089,0,0.00034,0.00034,0.00034,0
1385,Vitamin D (Ergocalciferol),correct drug name,IN,high,multi,1385,0,Vitamin D (Ergocalciferol),Vitamin D (Ergocalciferol),vitamin d (ergocalciferol),IN,8618,0.0029417,0.0029417,0.0029417,0,0.48021474,0.48021474,0.48021474,1,0.0,0.0,0.0,0,0.00043,0.00043,0.00043,0,0.00491,0.00491,0.00491,0
1386,Hydroxychloroquine Sulfate,correct drug name,IN,high,multi,1386,0,Hydroxychloroquine Sulfate,Hydroxychloroquine Sulfate,hydroxychloroquine sulfate,IN,8628,0.99999952,0.99999952,0.99999952,1,0.11803758,0.11803758,0.11803758,0,0.0,0.0,0.0,0,0.00075,0.00075,0.00075,0,0.00045,0.00045,0.00045,0
1387,Glucophage,correct drug name,BN,high,multi,1387,0,Glucophage,Glucophage,glucophage,BN,8640,0.99999964,0.99999964,0.99999964,1,0.18047956,0.18047956,0.18047956,0,0.0,0.0,0.0,0,0.00053,0.00053,0.00053,0,0.00056,0.00056,0.00056,0
1388,Zanaflex,correct drug name,BN,high,multi,1388,0,Zanaflex,Zanaflex,zanaflex,BN,8670,8.06e-06,8.06e-06,8.06e-06,0,0.11785281,0.11785281,0.11785281,0,0.0,0.0,0.0,0,0.00161,0.00161,0.00161,0,0.00035,0.00035,0.00035,0
1389,glucosamine-chondroitin,correct drug name,IN,high,multi,1389,0,glucosamine-chondroitin,glucosamine-chondroitin,glucosamine-chondroitin,IN,8747,0.54135096,0.54135096,0.54135096,1,0.28016269,0.28016269,0.28016269,0,0.0,0.0,0.0,0,0.00185,0.00185,0.00185,0,0.0005,0.0005,0.0005,0
1390,Scopolamine,correct drug name,IN,high,multi,1390,0,Scopolamine,Scopolamine,scopolamine,IN,8795,3.179e-05,3.179e-05,3.179e-05,0,0.24204998,0.24204998,0.24204998,0,0.0,0.0,0.0,0,0.00147,0.00147,0.00147,0,0.02574,0.02574,0.02574,0
1391,Multiple Vitamins,correct drug name,IN,high,multi,1391,0,Multiple Vitamins,Multiple Vitamins,multiple vitamins,IN,8813,0.99997139,0.99997139,0.99997139,1,0.67834193,0.67834193,0.67834193,1,0.0,0.0,0.0,0,0.00023,0.00023,0.00023,0,0.00025,0.00025,0.00025,0
1392,Fexofenadine HCl,correct drug name,IN,high,multi,1392,0,Fexofenadine HCl,Fexofenadine HCl,fexofenadine hcl,IN,8833,0.9999994,0.9999994,0.9999994,1,0.08737848,0.08737848,0.08737848,0,0.0,0.0,0.0,0,0.00058,0.00058,0.00058,0,0.00157,0.00157,0.00157,0
1393,Levemir FlexPen,correct drug name,BN,high,multi,1393,0,Levemir FlexPen,Levemir FlexPen,levemir flexpen,BN,8857,0.99999988,0.99999988,0.99999988,1,0.10431059,0.10431059,0.10431059,0,0.0,0.0,0.0,0,0.00025,0.00025,0.00025,0,0.00037,0.00037,0.00037,0
1394,Lac-Hydrin,correct drug name,BN,high,multi,1394,0,Lac-Hydrin,Lac-Hydrin,lac-hydrin,BN,8858,0.99999809,0.99999809,0.99999809,1,0.26527423,0.26527423,0.26527423,0,0.0,0.0,0.0,0,0.00383,0.00383,0.00383,0,0.00038,0.00038,0.00038,0
1395,zolpidem,correct drug name,IN,high,multi,1395,0,zolpidem,zolpidem,zolpidem,IN,8932,1.201e-05,1.201e-05,1.201e-05,0,0.27131861,0.27131861,0.27131861,0,0.0,0.0,0.0,0,0.00017,0.00017,0.00017,0,0.00034,0.00034,0.00034,0
1396,Cholestyramine,correct drug name,IN,high,multi,1396,0,Cholestyramine,Cholestyramine,cholestyramine,IN,8967,7.077e-05,7.077e-05,7.077e-05,0,0.31845665,0.31845665,0.31845665,0,0.0,0.0,0.0,0,0.00039,0.00039,0.00039,0,0.00067,0.00067,0.00067,0
1397,scopolamine base,correct drug name,IN,high,multi,1397,0,scopolamine base,scopolamine base,scopolamine base,IN,8999,3.86e-06,3.86e-06,3.86e-06,0,0.40352392,0.40352392,0.40352392,1,0.0,0.0,0.0,0,0.00036,0.00036,0.00036,0,0.00059,0.00059,0.00059,0
1398,Depakote ER,correct drug name,BN,high,multi,1398,0,Depakote ER,Depakote ER,depakote er,BN,9035,0.0074624,0.0074624,0.0074624,0,0.26709834,0.26709834,0.26709834,0,0.0,0.0,0.0,0,0.00027,0.00027,0.00027,0,0.00038,0.00038,0.00038,0
1399,Xalatan,correct drug name,BN,high,multi,1399,0,Xalatan,Xalatan,xalatan,BN,9082,5.21e-05,5.21e-05,5.21e-05,0,0.26822963,0.26822963,0.26822963,0,0.0,0.0,0.0,0,0.00196,0.00196,0.00196,0,0.00026,0.00026,0.00026,0
1401,Nicoderm CQ,correct drug name,BN,high,multi,1401,0,Nicoderm CQ,Nicoderm CQ,nicoderm cq,BN,9181,1.757e-05,1.757e-05,1.757e-05,0,0.22981191,0.22981191,0.22981191,0,1.0,2.0,0.5,1,0.9554,0.9554,0.9554,1,0.99757,0.99757,0.99757,1
1402,Proscar,correct drug name,BN,high,multi,1402,0,Proscar,Proscar,proscar,BN,9185,1.85e-06,1.85e-06,1.85e-06,0,0.15331057,0.15331057,0.15331057,0,1.0,2.0,0.5,1,0.00261,0.00261,0.00261,0,0.00414,0.00414,0.00414,0
1403,Oyster Shell Calcium-Vit D3,correct drug name,IN,high,multi,1403,0,Oyster Shell Calcium-Vit D3,Oyster Shell Calcium-Vit D3,oyster shell calcium-vit d3,IN,9192,0.99990928,0.99990928,0.99990928,1,0.2361019,0.2361019,0.2361019,0,1.0,0.0,0.0,1,0.00817,0.00817,0.00817,0,0.00024,0.00024,0.00024,0
1404,Spikevax,correct drug name,BN,high,multi,1404,0,Spikevax,Spikevax,spikevax,BN,9205,0.95835751,0.95835751,0.95835751,1,0.70772719,0.70772719,0.70772719,1,0.0,0.0,0.0,0,0.00033,0.00033,0.00033,0,0.00191,0.00191,0.00191,0
1405,Medrol (Pak),correct drug name,BN,high,multi,1405,0,Medrol (Pak),Medrol (Pak),medrol (pak),BN,9211,0.94414473,0.94414473,0.94414473,1,0.34113091,0.34113091,0.34113091,0,1.0,3.0,0.75,1,0.01698,0.01698,0.01698,0,0.08186,0.08186,0.08186,0
1406,Ampicillin,correct drug name,IN,high,multi,1406,0,Ampicillin,Ampicillin,ampicillin,IN,9211,5.476e-05,5.476e-05,5.476e-05,0,0.43935239,0.43935239,0.43935239,1,0.0,0.0,0.0,0,0.0003,0.0003,0.0003,0,0.00033,0.00033,0.00033,0
1407,Estradiol,correct drug name,IN,high,multi,1407,0,Estradiol,Estradiol,estradiol,IN,9220,0.00043507,0.00043507,0.00043507,0,0.68830454,0.68830454,0.68830454,1,0.0,0.0,0.0,0,0.0238,0.0238,0.0238,0,0.0084,0.0084,0.0084,0
1408,Antifungal,correct drug name,BN,high,multi,1408,0,Antifungal,Antifungal,antifungal,BN,9225,0.9999243,0.9999243,0.9999243,1,0.3890973,0.3890973,0.3890973,1,0.0,0.0,0.0,0,0.00036,0.00036,0.00036,0,0.00064,0.00064,0.00064,0
1409,Azelastine HCl,correct drug name,IN,high,multi,1409,0,Azelastine HCl,Azelastine HCl,azelastine hcl,IN,9229,0.97556531,0.97556531,0.97556531,1,0.07284715,0.07284715,0.07284715,0,0.0,0.0,0.0,0,0.00168,0.00168,0.00168,0,0.00244,0.00244,0.00244,0
1410,Multi-Vitamin,correct drug name,IN,high,multi,1410,0,Multi-Vitamin,Multi-Vitamin,multi-vitamin,IN,9274,1.917e-05,1.917e-05,1.917e-05,0,0.51793259,0.51793259,0.51793259,1,0.0,0.0,0.0,0,0.00041,0.00041,0.00041,0,0.00026,0.00026,0.00026,0
1411,Restasis,correct drug name,BN,high,multi,1411,0,Restasis,Restasis,restasis,BN,9312,7.54e-06,7.54e-06,7.54e-06,0,0.35000846,0.35000846,0.35000846,0,0.0,0.0,0.0,0,0.00046,0.00046,0.00046,0,0.00032,0.00032,0.00032,0
1412,Therems-M,correct drug name,BN,high,multi,1412,0,Therems-M,Therems-M,therems-m,BN,9324,0.00019461,0.00019461,0.00019461,0,0.70772719,0.70772719,0.70772719,1,1.0,3.0,0.75,1,0.01865,0.01865,0.01865,0,0.07774,0.07774,0.07774,0
1413,Clobetasol Propionate,correct drug name,IN,high,multi,1413,0,Clobetasol Propionate,Clobetasol Propionate,clobetasol propionate,IN,9356,0.00033881,0.00033881,0.00033881,0,0.12516639,0.12516639,0.12516639,0,0.0,0.0,0.0,0,0.00211,0.00211,0.00211,0,0.00062,0.00062,0.00062,0
1415,droNABinol,correct drug name,IN,high,multi,1415,0,droNABinol,droNABinol,dronabinol,IN,9486,0.99999118,0.99999118,0.99999118,1,0.13267586,0.13267586,0.13267586,0,0.0,0.0,0.0,0,0.00069,0.00069,0.00069,0,0.00035,0.00035,0.00035,0
1416,clotrimazole-betamethasone,correct drug name,IN,high,multi,1416,0,clotrimazole-betamethasone,clotrimazole-betamethasone,clotrimazole-betamethasone,IN,9517,0.00015818,0.00015818,0.00015818,0,0.12990791,0.12990791,0.12990791,0,1.0,0.0,0.0,1,0.00069,0.00069,0.00069,0,0.00042,0.00042,0.00042,0
1419,Sevelamer HCl,correct drug name,IN,high,multi,1419,0,Sevelamer HCl,Sevelamer HCl,sevelamer hcl,IN,9633,0.99999988,0.99999988,0.99999988,1,0.13740952,0.13740952,0.13740952,0,0.0,0.0,0.0,0,0.00019,0.00019,0.00019,0,0.00029,0.00029,0.00029,0
1420,Benztropine Mesylate,correct drug name,IN,high,multi,1420,0,Benztropine Mesylate,Benztropine Mesylate,benztropine mesylate,IN,9666,0.99799454,0.99799454,0.99799454,1,0.05058394,0.05058394,0.05058394,0,0.0,0.0,0.0,0,0.0011,0.0011,0.0011,0,0.00027,0.00027,0.00027,0
1421,Paxlovid (300/100),correct drug name,BN,high,multi,1421,0,Paxlovid (300/100),Paxlovid (300/100),paxlovid (300/100),BN,9675,0.00746709,0.00746709,0.00746709,0,0.70772719,0.70772719,0.70772719,1,1.0,3.0,0.75,1,0.99971,0.99971,0.99971,1,0.99989,0.99989,0.99989,1
1422,hydrOXYzine Pamoate,correct drug name,IN,high,multi,1422,0,hydrOXYzine Pamoate,hydrOXYzine Pamoate,hydroxyzine pamoate,IN,9681,0.99640983,0.99640983,0.99640983,1,0.03622236,0.03622236,0.03622236,0,0.0,0.0,0.0,0,0.00654,0.00654,0.00654,0,0.00037,0.00037,0.00037,0
1423,SITagliptin Phosphate,correct drug name,IN,high,multi,1423,0,SITagliptin Phosphate,SITagliptin Phosphate,sitagliptin phosphate,IN,9698,0.01935805,0.01935805,0.01935805,0,0.20869087,0.20869087,0.20869087,0,0.0,0.0,0.0,0,0.00029,0.00029,0.00029,0,0.00182,0.00182,0.00182,0
1424,Glucagon (rDNA),correct drug name,IN,high,multi,1424,0,Glucagon (rDNA),Glucagon (rDNA),glucagon (rdna),IN,9700,0.99999988,0.99999988,0.99999988,1,0.14752926,0.14752926,0.14752926,0,0.0,0.0,0.0,0,0.00048,0.00048,0.00048,0,0.00047,0.00047,0.00047,0
1425,Calcium 500 + D,correct drug name,IN,high,multi,1425,0,Calcium 500 + D,Calcium 500 + D,calcium 500 + d,IN,9793,0.00021596,0.00021596,0.00021596,0,0.51843768,0.51843768,0.51843768,1,0.0,0.0,0.0,0,0.00212,0.00212,0.00212,0,0.03342,0.03342,0.03342,0
1426,NIFEdipine,correct drug name,IN,high,multi,1426,0,NIFEdipine,NIFEdipine,nifedipine,IN,9811,0.00017164,0.00017164,0.00017164,0,0.11078586,0.11078586,0.11078586,0,0.0,0.0,0.0,0,0.0006,0.0006,0.0006,0,0.00416,0.00416,0.00416,0
1427,Valium,correct drug name,BN,high,multi,1427,0,Valium,Valium,valium,BN,9827,1.192e-05,1.192e-05,1.192e-05,0,0.32263485,0.32263485,0.32263485,0,0.0,0.0,0.0,0,0.00016,0.00016,0.00016,0,0.00036,0.00036,0.00036,0
1428,Thera,correct drug name,BN,high,multi,1428,0,Thera,Thera,thera,BN,9896,4.838e-05,4.838e-05,4.838e-05,0,0.57070279,0.57070279,0.57070279,1,0.0,0.0,0.0,0,0.12704,0.12704,0.12704,0,0.00188,0.00188,0.00188,0
1429,BD Pre-Filled Normal Saline,correct drug name,"BN,IN",high,multi,1429,0,BD Pre-Filled Normal Saline,BD Pre-Filled Normal Saline,bd pre-filled normal saline,"BN, IN",9904,0.99999785,0.99999785,0.99999785,1,0.27245185,0.27245185,0.27245185,0,0.0,0.0,0.0,0,0.87977,0.87977,0.87977,1,0.07512,0.07512,0.07512,0
1430,naloxone,correct drug name,IN,high,multi,1430,0,naloxone,naloxone,naloxone,IN,9916,2.11e-06,2.11e-06,2.11e-06,0,0.2691837,0.2691837,0.2691837,0,0.0,0.0,0.0,0,0.0022,0.0022,0.0022,0,0.01219,0.01219,0.01219,0
1431,Miconazole,correct drug name,IN,high,multi,1431,0,Miconazole,Miconazole,miconazole,IN,9920,6.76e-06,6.76e-06,6.76e-06,0,0.31254226,0.31254226,0.31254226,0,0.0,0.0,0.0,0,0.00136,0.00136,0.00136,0,0.00058,0.00058,0.00058,0
1432,Acidophilus/Pectin,correct drug name,BN,high,multi,1432,0,Acidophilus/Pectin,Acidophilus/Pectin,acidophilus/pectin,BN,9950,0.46609241,0.46609241,0.46609241,1,0.70772719,0.70772719,0.70772719,1,1.0,0.0,0.0,1,0.00092,0.00092,0.00092,0,0.00206,0.00206,0.00206,0
1433,amitriptyline,correct drug name,IN,high,multi,1433,0,amitriptyline,amitriptyline,amitriptyline,IN,9969,2.117e-05,2.117e-05,2.117e-05,0,0.17177381,0.17177381,0.17177381,0,0.0,0.0,0.0,0,0.00038,0.00038,0.00038,0,0.0008,0.0008,0.0008,0
1435,Zetia,correct drug name,BN,high,multi,1435,0,Zetia,Zetia,zetia,BN,9979,6.237e-05,6.237e-05,6.237e-05,0,0.12747198,0.12747198,0.12747198,0,1.0,2.0,0.5,1,0.006,0.006,0.006,0,0.00171,0.00171,0.00171,0
1436,Enulose,correct drug name,BN,high,multi,1436,0,Enulose,Enulose,enulose,BN,10042,0.00015973,0.00015973,0.00015973,0,0.32137752,0.32137752,0.32137752,0,0.0,0.0,0.0,0,0.00109,0.00109,0.00109,0,0.00295,0.00295,0.00295,0
1437,Amantadine HCl,correct drug name,IN,high,multi,1437,0,Amantadine HCl,Amantadine HCl,amantadine hcl,IN,10076,0.99985147,0.99985147,0.99985147,1,0.07976276,0.07976276,0.07976276,0,0.0,0.0,0.0,0,0.00051,0.00051,0.00051,0,0.00025,0.00025,0.00025,0
1438,Venlafaxine HCl,correct drug name,IN,high,multi,1438,0,Venlafaxine HCl,Venlafaxine HCl,venlafaxine hcl,IN,10100,0.99999857,0.99999857,0.99999857,1,0.05838717,0.05838717,0.05838717,0,0.0,0.0,0.0,0,0.00039,0.00039,0.00039,0,0.00042,0.00042,0.00042,0
1439,Enalapril Maleate,correct drug name,IN,high,multi,1439,0,Enalapril Maleate,Enalapril Maleate,enalapril maleate,IN,10127,0.88574517,0.88574517,0.88574517,1,0.11728296,0.11728296,0.11728296,0,0.0,0.0,0.0,0,0.00021,0.00021,0.00021,0,0.00124,0.00124,0.00124,0
1440,Desitin,correct drug name,BN,high,multi,1440,0,Desitin,Desitin,desitin,BN,10169,0.96768618,0.96768618,0.96768618,1,0.72610456,0.72610456,0.72610456,1,0.0,0.0,0.0,0,0.0007,0.0007,0.0007,0,0.00039,0.00039,0.00039,0
1441,Zithromax Z-Pak,correct drug name,BN,high,multi,1441,0,Zithromax Z-Pak,Zithromax Z-Pak,zithromax z-pak,BN,10208,0.99999881,0.99999881,0.99999881,1,0.14386262,0.14386262,0.14386262,0,0.0,0.0,0.0,0,0.00072,0.00072,0.00072,0,0.00026,0.00026,0.00026,0
1442,Bisacodyl Laxative,correct drug name,IN,high,multi,1442,0,Bisacodyl Laxative,Bisacodyl Laxative,bisacodyl laxative,IN,10209,0.32034701,0.32034701,0.32034701,1,0.09465709,0.09465709,0.09465709,0,0.0,0.0,0.0,0,0.00027,0.00027,0.00027,0,0.0032,0.0032,0.0032,0
1443,dilTIAZem CD,correct drug name,IN,high,multi,1443,0,dilTIAZem CD,dilTIAZem CD,diltiazem cd,IN,10215,0.00018993,0.00018993,0.00018993,0,0.5170083,0.5170083,0.5170083,1,0.0,0.0,0.0,0,0.00101,0.00101,0.00101,0,0.00035,0.00035,0.00035,0
1445,Morphine Sulfate ER,correct drug name,BN,high,multi,1445,0,Morphine Sulfate ER,Morphine Sulfate ER,morphine sulfate er,BN,10290,0.99999762,0.99999762,0.99999762,1,0.39062712,0.39062712,0.39062712,1,0.0,0.0,0.0,0,0.00027,0.00027,0.00027,0,0.00033,0.00033,0.00033,0
1447,MS Contin,correct drug name,BN,high,multi,1447,0,MS Contin,MS Contin,ms contin,BN,10421,0.02978103,0.02978103,0.02978103,0,0.57037586,0.57037586,0.57037586,1,0.0,0.0,0.0,0,0.00255,0.00255,0.00255,0,0.00302,0.00302,0.00302,0
1448,Heparin Sod (Pork) Lock Flush,correct short drug name,IN,high,multi,1448,0,Heparin Sod (Pork) Lock Flush,Heparin Sod (Pork) Lock Flush,heparin sod (pork) lock flush,IN,10432,0.96372885,0.96372885,0.96372885,1,0.27287272,0.27287272,0.27287272,0,0.0,0.0,0.0,0,0.00021,0.00021,0.00021,0,0.00034,0.00034,0.00034,0
1449,Coenzyme Q10,correct drug name,IN,high,multi,1449,0,Coenzyme Q10,Coenzyme Q10,coenzyme q10,IN,10503,0.08039028,0.08039028,0.08039028,0,0.13982973,0.13982973,0.13982973,0,0.0,0.0,0.0,0,0.00121,0.00121,0.00121,0,0.00057,0.00057,0.00057,0
1450,Namenda XR,correct drug name,BN,high,multi,1450,0,Namenda XR,Namenda XR,namenda xr,BN,10505,0.00010304,0.00010304,0.00010304,0,0.37109441,0.37109441,0.37109441,0,0.0,0.0,0.0,0,0.00065,0.00065,0.00065,0,0.00025,0.00025,0.00025,0
1451,Calcium Carbonate-Vitamin D,correct drug name,IN,high,multi,1451,0,Calcium Carbonate-Vitamin D,Calcium Carbonate-Vitamin D,calcium carbonate-vitamin d,IN,10576,0.99999559,0.99999559,0.99999559,1,0.38520077,0.38520077,0.38520077,1,1.0,0.0,0.0,1,0.00044,0.00044,0.00044,0,0.00022,0.00022,0.00022,0
1452,Systane,correct drug name,BN,high,multi,1452,0,Systane,Systane,systane,BN,10593,7.05e-06,7.05e-06,7.05e-06,0,0.2232009,0.2232009,0.2232009,0,0.0,0.0,0.0,0,0.00095,0.00095,0.00095,0,0.00034,0.00034,0.00034,0
1453,Humulin R,correct drug name,BN,high,multi,1453,0,Humulin R,Humulin R,humulin r,BN,10604,0.00087686,0.00087686,0.00087686,0,0.49694827,0.49694827,0.49694827,1,0.0,0.0,0.0,0,0.00422,0.00422,0.00422,0,0.00033,0.00033,0.00033,0
1454,Requip,correct drug name,BN,high,multi,1454,0,Requip,Requip,requip,BN,10731,8.21e-06,8.21e-06,8.21e-06,0,0.23728652,0.23728652,0.23728652,0,0.0,0.0,0.0,0,0.00051,0.00051,0.00051,0,0.00072,0.00072,0.00072,0
1455,Basaglar KwikPen U-100 Insulin,correct drug name,"BN,IN",high,multi,1455,0,Basaglar KwikPen U-100 Insulin,Basaglar KwikPen U-100 Insulin,basaglar kwikpen u-100 insulin,"BN, IN",10785,0.99518138,0.99518138,0.99518138,1,0.51841539,0.51841539,0.51841539,1,1.0,1.0,0.25,1,0.00067,0.00067,0.00067,0,0.4041,0.4041,0.4041,0
1456,Zantac,correct drug name,BN,high,multi,1456,0,Zantac,Zantac,zantac,BN,10827,3.9e-06,3.9e-06,3.9e-06,0,0.35084915,0.35084915,0.35084915,0,0.0,0.0,0.0,0,0.0003,0.0003,0.0003,0,0.00051,0.00051,0.00051,0
1458,Pfizer-BioNTech COVID-19 Vacc,correct drug name,"BN,IN",high,multi,1458,0,Pfizer-BioNTech COVID-19 Vacc,Pfizer-BioNTech COVID-19 Vacc,pfizer-biontech covid-19 vacc,"BN, IN",11035,0.9999249,0.9999249,0.9999249,1,0.64054346,0.64054346,0.64054346,1,0.0,0.0,0.0,0,0.00186,0.00186,0.00186,0,0.00047,0.00047,0.00047,0
1460,Cefpodoxime Proxetil,correct drug name,IN,high,multi,1460,0,Cefpodoxime Proxetil,Cefpodoxime Proxetil,cefpodoxime proxetil,IN,11053,0.99999988,0.99999988,0.99999988,1,0.07537399,0.07537399,0.07537399,0,0.0,0.0,0.0,0,0.00165,0.00165,0.00165,0,0.00035,0.00035,0.00035,0
1461,Zocor,correct drug name,BN,high,multi,1461,0,Zocor,Zocor,zocor,BN,11059,0.00014275,0.00014275,0.00014275,0,0.34570435,0.34570435,0.34570435,0,0.0,0.0,0.0,0,0.02354,0.02354,0.02354,0,0.00094,0.00094,0.00094,0
1462,Loperamide A-D,correct drug name,"BN,IN",high,multi,1462,0,Loperamide A-D,Loperamide A-D,loperamide a-d,"BN, IN",11108,9.65e-06,9.65e-06,9.65e-06,0,0.17741963,0.17741963,0.17741963,0,0.0,0.0,0.0,0,0.00175,0.00175,0.00175,0,0.00031,0.00031,0.00031,0
1463,calcium acetate,correct drug name,IN,high,multi,1463,0,calcium acetate,calcium acetate,calcium acetate,IN,11109,0.00058836,0.00058836,0.00058836,0,0.25149482,0.25149482,0.25149482,0,0.0,0.0,0.0,0,0.00061,0.00061,0.00061,0,0.00023,0.00023,0.00023,0
1464,buPROPion HCl ER (SR),correct drug name,IN,high,multi,1464,0,buPROPion HCl ER (SR),buPROPion HCl ER (SR),bupropion hcl er (sr),IN,11127,0.99999976,0.99999976,0.99999976,1,0.11171841,0.11171841,0.11171841,0,1.0,3.0,0.75,1,0.06054,0.06054,0.06054,0,0.01038,0.01038,0.01038,0
1465,Lomotil,correct drug name,BN,high,multi,1465,0,Lomotil,Lomotil,lomotil,BN,11136,8.79e-06,8.79e-06,8.79e-06,0,0.14041109,0.14041109,0.14041109,0,0.0,0.0,0.0,0,0.1243,0.1243,0.1243,0,0.00058,0.00058,0.00058,0
1466,fluticasone,correct drug name,IN,high,multi,1466,0,fluticasone,fluticasone,fluticasone,IN,11171,0.000132,0.000132,0.000132,0,0.40059176,0.40059176,0.40059176,1,0.0,0.0,0.0,0,0.00038,0.00038,0.00038,0,0.00036,0.00036,0.00036,0
1467,Multivital-M,correct drug name,BN,high,multi,1467,0,Multivital-M,Multivital-M,multivital-m,BN,11183,1.34e-06,1.34e-06,1.34e-06,0,0.70772719,0.70772719,0.70772719,1,1.0,0.0,0.0,1,0.10122,0.10122,0.10122,0,0.99227,0.99227,0.99227,1
1470,clonidine,correct drug name,IN,high,multi,1470,0,clonidine,clonidine,clonidine,IN,11302,4.22e-06,4.22e-06,4.22e-06,0,0.25038213,0.25038213,0.25038213,0,0.0,0.0,0.0,0,0.001,0.001,0.001,0,0.00186,0.00186,0.00186,0
1471,Fluzone High-Dose,correct drug name,BN,high,multi,1471,0,Fluzone High-Dose,Fluzone High-Dose,fluzone high-dose,BN,11311,0.0005515,0.0005515,0.0005515,0,0.58882749,0.58882749,0.58882749,1,0.0,0.0,0.0,0,0.00027,0.00027,0.00027,0,0.0003,0.0003,0.0003,0
1472,Dextrose-NaCl,correct drug name,IN,high,multi,1472,0,Dextrose-NaCl,Dextrose-NaCl,dextrose-nacl,IN,11324,6.415e-05,6.415e-05,6.415e-05,0,0.70772719,0.70772719,0.70772719,1,1.0,0.0,0.0,1,0.00141,0.00141,0.00141,0,0.00049,0.00049,0.00049,0
1473,Mobic,correct drug name,BN,high,multi,1473,0,Mobic,Mobic,mobic,BN,11390,6.939e-05,6.939e-05,6.939e-05,0,0.20917982,0.20917982,0.20917982,0,0.0,0.0,0.0,0,0.00021,0.00021,0.00021,0,0.00029,0.00029,0.00029,0
1474,Insulin Detemir,correct drug name,IN,high,multi,1474,0,Insulin Detemir,Insulin Detemir,insulin detemir,IN,11422,0.99999964,0.99999964,0.99999964,1,0.29230201,0.29230201,0.29230201,0,0.0,0.0,0.0,0,0.00049,0.00049,0.00049,0,0.0003,0.0003,0.0003,0
1475,Pulmicort,correct drug name,BN,high,multi,1475,0,Pulmicort,Pulmicort,pulmicort,BN,11425,3.38e-06,3.38e-06,3.38e-06,0,0.32631826,0.32631826,0.32631826,0,0.0,0.0,0.0,0,0.00282,0.00282,0.00282,0,0.00049,0.00049,0.00049,0
1476,methylprednisolone,correct drug name,IN,high,multi,1476,0,methylprednisolone,methylprednisolone,methylprednisolone,IN,11523,5.741e-05,5.741e-05,5.741e-05,0,0.22181362,0.22181362,0.22181362,0,0.0,0.0,0.0,0,0.00267,0.00267,0.00267,0,0.00054,0.00054,0.00054,0
1477,Renvela,correct drug name,BN,high,multi,1477,0,Renvela,Renvela,renvela,BN,11552,1.685e-05,1.685e-05,1.685e-05,0,0.23031698,0.23031698,0.23031698,0,1.0,4.0,1.0,1,0.98629,0.98629,0.98629,1,0.67205,0.67205,0.67205,1
1478,Dilaudid,correct drug name,BN,high,multi,1478,0,Dilaudid,Dilaudid,dilaudid,BN,11606,0.00035449,0.00035449,0.00035449,0,0.16962501,0.16962501,0.16962501,0,0.0,0.0,0.0,0,0.00018,0.00018,0.00018,0,0.02797,0.02797,0.02797,0
1479,Cardizem CD,correct drug name,BN,high,multi,1479,0,Cardizem CD,Cardizem CD,cardizem cd,BN,11724,0.46079281,0.46079281,0.46079281,1,0.39944512,0.39944512,0.39944512,1,0.0,0.0,0.0,0,0.00026,0.00026,0.00026,0,0.00034,0.00034,0.00034,0
1480,Tylenol with Codeine #3,correct drug name,BN,high,multi,1480,0,Tylenol with Codeine #3,Tylenol with Codeine #3,tylenol with codeine #3,BN,11760,0.99998665,0.99998665,0.99998665,1,0.16376381,0.16376381,0.16376381,0,0.0,0.0,0.0,0,0.16061,0.16061,0.16061,0,0.31707,0.31707,0.31707,0
1481,GlucaGen HypoKit (glucagon (human recombinant)),correct drug name,"BN,IN",high,multi,1481,0,GlucaGen HypoKit (glucagon (human recombinant)),GlucaGen HypoKit (glucagon (human recombinant)),glucagen hypokit (glucagon (human recombinant)),"BN, IN",11823,0.99999988,0.99999988,0.99999988,1,0.12931764,0.12931764,0.12931764,0,1.0,2.0,0.5,1,0.99719,0.99719,0.99719,1,0.99986,0.99986,0.99986,1
1482,Geri-Lanta,correct drug name,BN,high,multi,1482,0,Geri-Lanta,Geri-Lanta,geri-lanta,BN,11878,3.153e-05,3.153e-05,3.153e-05,0,0.70772719,0.70772719,0.70772719,1,0.0,0.0,0.0,0,0.06043,0.06043,0.06043,0,0.00412,0.00412,0.00412,0
1483,Pneumococcal 20-Val Conj Vacc,correct drug name,IN,high,multi,1483,0,Pneumococcal 20-Val Conj Vacc,Pneumococcal 20-Val Conj Vacc,pneumococcal 20-val conj vacc,IN,11918,0.88800389,0.88800389,0.88800389,1,0.49770272,0.49770272,0.49770272,1,1.0,3.0,0.75,1,0.00513,0.00513,0.00513,0,0.00135,0.00135,0.00135,0
1484,Calcium 600 + D(3),correct drug name,IN,high,multi,1484,0,Calcium 600 + D(3),Calcium 600 + D(3),calcium 600 + d(3),IN,11956,0.99997628,0.99997628,0.99997628,1,0.51217532,0.51217532,0.51217532,1,1.0,2.0,0.5,1,0.46381,0.46381,0.46381,0,0.48848,0.48848,0.48848,0
1485,Medihoney Wound/Burn Dressing,correct drug name,BN,high,multi,1485,0,Medihoney Wound/Burn Dressing,Medihoney Wound/Burn Dressing,medihoney wound/burn dressing,BN,12031,0.46409982,0.46409982,0.46409982,1,0.37961563,0.37961563,0.37961563,0,1.0,3.0,0.75,1,0.99995,0.99995,0.99995,1,0.99991,0.99991,0.99991,1
1486,Aquaphor,correct drug name,BN,high,multi,1486,0,Aquaphor,Aquaphor,aquaphor,BN,12138,1.206e-05,1.206e-05,1.206e-05,0,0.52384239,0.52384239,0.52384239,1,0.0,0.0,0.0,0,0.00044,0.00044,0.00044,0,0.001,0.001,0.001,0
1487,Refresh Tears,correct drug name,IN,high,multi,1487,0,Refresh Tears,Refresh Tears,refresh tears,IN,12162,0.99999678,0.99999678,0.99999678,1,0.47818086,0.47818086,0.47818086,1,0.0,0.0,0.0,0,0.00025,0.00025,0.00025,0,0.00033,0.00033,0.00033,0
1488,Dakin's Solution,correct drug name,BN,high,multi,1488,0,Dakin's Solution,Dakin's Solution,dakin's solution,BN,12200,0.03439847,0.03439847,0.03439847,0,0.50781661,0.50781661,0.50781661,1,1.0,2.0,0.5,1,0.36269,0.36269,0.36269,0,0.00023,0.00023,0.00023,0
1490,Roxicodone,correct drug name,BN,high,multi,1490,0,Roxicodone,Roxicodone,roxicodone,BN,12314,3.21e-06,3.21e-06,3.21e-06,0,0.33356974,0.33356974,0.33356974,0,0.0,0.0,0.0,0,0.00084,0.00084,0.00084,0,0.00029,0.00029,0.00029,0
1491,Effexor XR,correct drug name,BN,high,multi,1491,0,Effexor XR,Effexor XR,effexor xr,BN,12342,0.00074308,0.00074308,0.00074308,0,0.36265659,0.36265659,0.36265659,0,0.0,0.0,0.0,0,0.00047,0.00047,0.00047,0,0.00039,0.00039,0.00039,0
1492,Acetaminophen ER,correct drug name,IN,high,multi,1492,0,Acetaminophen ER,Acetaminophen ER,acetaminophen er,IN,12430,0.98496479,0.98496479,0.98496479,1,0.47486576,0.47486576,0.47486576,1,0.0,0.0,0.0,0,0.0002,0.0002,0.0002,0,0.00023,0.00023,0.00023,0
1493,OxyContin,correct drug name,BN,high,multi,1493,0,OxyContin,OxyContin,oxycontin,BN,12469,0.98283511,0.98283511,0.98283511,1,0.20851043,0.20851043,0.20851043,0,0.0,0.0,0.0,0,0.00043,0.00043,0.00043,0,0.00045,0.00045,0.00045,0
1494,Haldol,correct drug name,BN,high,multi,1494,0,Haldol,Haldol,haldol,BN,12516,0.00275824,0.00275824,0.00275824,0,0.33657303,0.33657303,0.33657303,0,0.0,0.0,0.0,0,0.00066,0.00066,0.00066,0,0.00309,0.00309,0.00309,0
1495,Metamucil,correct drug name,BN,high,multi,1495,0,Metamucil,Metamucil,metamucil,BN,12583,8.36e-06,8.36e-06,8.36e-06,0,0.2612538,0.2612538,0.2612538,0,0.0,0.0,0.0,0,0.00143,0.00143,0.00143,0,0.00474,0.00474,0.00474,0
1496,Anoro Ellipta,correct drug name,BN,high,multi,1496,0,Anoro Ellipta,Anoro Ellipta,anoro ellipta,BN,12598,0.99999964,0.99999964,0.99999964,1,0.15397313,0.15397313,0.15397313,0,0.0,0.0,0.0,0,0.00207,0.00207,0.00207,0,0.0027,0.0027,0.0027,0
1497,Disposable Enema,correct drug name,BN,high,multi,1497,0,Disposable Enema,Disposable Enema,disposable enema,BN,12606,0.00120915,0.00120915,0.00120915,0,0.10925481,0.10925481,0.10925481,0,0.0,0.0,0.0,0,0.00019,0.00019,0.00019,0,0.00039,0.00039,0.00039,0
1498,Levsin/SL,correct drug name,BN,high,multi,1498,0,Levsin/SL,Levsin/SL,levsin/sl,BN,12607,0.99999738,0.99999738,0.99999738,1,0.35725087,0.35725087,0.35725087,0,1.0,0.0,0.0,1,0.66675,0.66675,0.66675,1,0.98588,0.98588,0.98588,1
1499,Zolpidem Tartrate,correct drug name,IN,high,multi,1499,0,Zolpidem Tartrate,Zolpidem Tartrate,zolpidem tartrate,IN,12710,0.99998939,0.99998939,0.99998939,1,0.07169285,0.07169285,0.07169285,0,0.0,0.0,0.0,0,0.00019,0.00019,0.00019,0,0.00032,0.00032,0.00032,0
1501,Robitussin DM,correct drug name,BN,high,multi,1501,0,Robitussin DM,Robitussin DM,robitussin dm,BN,12726,1.83e-06,1.83e-06,1.83e-06,0,0.3776564,0.3776564,0.3776564,0,0.0,0.0,0.0,0,0.00019,0.00019,0.00019,0,0.00033,0.00033,0.00033,0
1502,Vitamin B-12 (cyanocobalamin (vitamin b-12)),correct drug name,IN,high,multi,1502,0,Vitamin B-12 (cyanocobalamin (vitamin b-12)),Vitamin B-12 (cyanocobalamin (vitamin b-12)),vitamin b-12 (cyanocobalamin (vitamin b-12)),IN,12747,0.06186604,0.06186604,0.06186604,0,0.22141202,0.22141202,0.22141202,0,1.0,3.0,0.75,1,0.49494,0.49494,0.49494,0,0.00114,0.00114,0.00114,0
1503,Wellbutrin XL,correct drug name,BN,high,multi,1503,0,Wellbutrin XL,Wellbutrin XL,wellbutrin xl,BN,12754,8.72e-06,8.72e-06,8.72e-06,0,0.40352762,0.40352762,0.40352762,1,0.0,0.0,0.0,0,0.00097,0.00097,0.00097,0,0.00074,0.00074,0.00074,0
1504,Aspercreme (lidocaine),correct drug name,"BN,IN",high,multi,1504,0,Aspercreme (lidocaine),Aspercreme (lidocaine),aspercreme (lidocaine),"BN, IN",12799,0.99987507,0.99987507,0.99987507,1,0.38627404,0.38627404,0.38627404,1,1.0,2.0,0.5,1,0.00069,0.00069,0.00069,0,0.00035,0.00035,0.00035,0
1505,Enema,correct non-drug name,IN,high,multi,1505,0,Enema,Enema,enema,IN,12904,4.01e-06,4.01e-06,4.01e-06,0,0.6956501,0.6956501,0.6956501,1,0.0,0.0,0.0,0,0.00397,0.00397,0.00397,0,0.00055,0.00055,0.00055,0
1508,Ertapenem Sodium,correct drug name,IN,high,multi,1508,0,Ertapenem Sodium,Ertapenem Sodium,ertapenem sodium,IN,13017,0.0001139,0.0001139,0.0001139,0,0.11694173,0.11694173,0.11694173,0,0.0,0.0,0.0,0,0.00283,0.00283,0.00283,0,0.00034,0.00034,0.00034,0
1509,PreserVision AREDS 2,correct drug name,BN,high,multi,1509,0,PreserVision AREDS 2,PreserVision AREDS 2,preservision areds 2,BN,13082,0.35243207,0.35243207,0.35243207,1,0.22779848,0.22779848,0.22779848,0,0.0,0.0,0.0,0,0.00035,0.00035,0.00035,0,0.00055,0.00055,0.00055,0
1510,Acetaminophen-Codeine,correct drug name,BN,high,multi,1510,0,Acetaminophen-Codeine,Acetaminophen-Codeine,acetaminophen-codeine,BN,13182,0.96244276,0.96244276,0.96244276,1,0.29570457,0.29570457,0.29570457,0,0.0,0.0,0.0,0,0.00098,0.00098,0.00098,0,0.0002,0.0002,0.0002,0
1511,Dicyclomine HCl,correct drug name,IN,high,multi,1511,0,Dicyclomine HCl,Dicyclomine HCl,dicyclomine hcl,IN,13221,0.9985972,0.9985972,0.9985972,1,0.13652398,0.13652398,0.13652398,0,0.0,0.0,0.0,0,0.00025,0.00025,0.00025,0,0.0024,0.0024,0.0024,0
1512,tizanidine,correct drug name,IN,high,multi,1512,0,tizanidine,tizanidine,tizanidine,IN,13238,7.28e-06,7.28e-06,7.28e-06,0,0.14084674,0.14084674,0.14084674,0,0.0,0.0,0.0,0,0.00479,0.00479,0.00479,0,0.00043,0.00043,0.00043,0
1513,Voltaren Arthritis Pain,correct drug name,BN,high,multi,1513,0,Voltaren Arthritis Pain,Voltaren Arthritis Pain,voltaren arthritis pain,BN,13375,0.99999928,0.99999928,0.99999928,1,0.13709326,0.13709326,0.13709326,0,0.0,0.0,0.0,0,0.00038,0.00038,0.00038,0,0.00039,0.00039,0.00039,0
1514,Nystatin-Triamcinolone,correct drug name,BN,high,multi,1514,0,Nystatin-Triamcinolone,Nystatin-Triamcinolone,nystatin-triamcinolone,BN,13398,0.26633856,0.26633856,0.26633856,1,0.30243188,0.30243188,0.30243188,0,0.0,0.0,0.0,0,0.00072,0.00072,0.00072,0,0.00034,0.00034,0.00034,0
1515,Paxil,correct drug name,BN,high,multi,1515,0,Paxil,Paxil,paxil,BN,13408,3.04e-06,3.04e-06,3.04e-06,0,0.14045055,0.14045055,0.14045055,0,0.0,0.0,0.0,0,0.00174,0.00174,0.00174,0,0.00196,0.00196,0.00196,0
1516,HYDROmorphone HCl,correct drug name,IN,high,multi,1516,0,HYDROmorphone HCl,HYDROmorphone HCl,hydromorphone hcl,IN,13450,0.99786693,0.99786693,0.99786693,1,0.08036646,0.08036646,0.08036646,0,0.0,0.0,0.0,0,0.00017,0.00017,0.00017,0,0.0003,0.0003,0.0003,0
1517,Cefepime HCl,correct drug name,IN,high,multi,1517,0,Cefepime HCl,Cefepime HCl,cefepime hcl,IN,13479,0.99999988,0.99999988,0.99999988,1,0.1814905,0.1814905,0.1814905,0,0.0,0.0,0.0,0,0.00064,0.00064,0.00064,0,0.00138,0.00138,0.00138,0
1518,alendronate,correct drug name,IN,high,multi,1518,0,alendronate,alendronate,alendronate,IN,13552,1.82e-06,1.82e-06,1.82e-06,0,0.22757852,0.22757852,0.22757852,0,0.0,0.0,0.0,0,0.00041,0.00041,0.00041,0,0.00029,0.00029,0.00029,0
1519,Sevelamer Carbonate,correct drug name,IN,high,multi,1519,0,Sevelamer Carbonate,Sevelamer Carbonate,sevelamer carbonate,IN,13553,0.99999976,0.99999976,0.99999976,1,0.19586161,0.19586161,0.19586161,0,0.0,0.0,0.0,0,0.00022,0.00022,0.00022,0,0.00035,0.00035,0.00035,0
1520,Vitamin B Complex,correct drug name,IN,high,multi,1520,0,Vitamin B Complex,Vitamin B Complex,vitamin b complex,IN,13586,0.97919536,0.97919536,0.97919536,1,0.56031442,0.56031442,0.56031442,1,0.0,0.0,0.0,0,0.00029,0.00029,0.00029,0,0.00027,0.00027,0.00027,0
1521,Propranolol HCl,correct drug name,IN,high,multi,1521,0,Propranolol HCl,Propranolol HCl,propranolol hcl,IN,13603,1.0,1.0,1.0,1,0.05408123,0.05408123,0.05408123,0,0.0,0.0,0.0,0,0.00026,0.00026,0.00026,0,0.00159,0.00159,0.00159,0
1522,divalproex,correct drug name,IN,high,multi,1522,0,divalproex,divalproex,divalproex,IN,13645,1.351e-05,1.351e-05,1.351e-05,0,0.16285604,0.16285604,0.16285604,0,0.0,0.0,0.0,0,0.00033,0.00033,0.00033,0,0.00046,0.00046,0.00046,0
1523,Fluticasone-Salmeterol,correct drug name,BN,high,multi,1523,0,Fluticasone-Salmeterol,Fluticasone-Salmeterol,fluticasone-salmeterol,BN,13679,0.74814665,0.74814665,0.74814665,1,0.31848922,0.31848922,0.31848922,0,0.0,0.0,0.0,0,0.00054,0.00054,0.00054,0,0.00039,0.00039,0.00039,0
1524,Silver sulfADIAZINE,correct drug name,IN,high,multi,1524,0,Silver sulfADIAZINE,Silver sulfADIAZINE,silver sulfadiazine,IN,13722,0.99999917,0.99999917,0.99999917,1,0.07118957,0.07118957,0.07118957,0,0.0,0.0,0.0,0,0.0102,0.0102,0.0102,0,0.00529,0.00529,0.00529,0
1525,Abilify,correct drug name,BN,high,multi,1525,0,Abilify,Abilify,abilify,BN,13727,6.09e-06,6.09e-06,6.09e-06,0,0.40841147,0.40841147,0.40841147,1,0.0,0.0,0.0,0,0.00129,0.00129,0.00129,0,0.00129,0.00129,0.00129,0
1526,Ceftin,correct drug name,BN,high,multi,1526,0,Ceftin,Ceftin,ceftin,BN,13735,0.99999976,0.99999976,0.99999976,1,0.14643668,0.14643668,0.14643668,0,0.0,0.0,0.0,0,0.69769,0.69769,0.69769,1,0.3828,0.3828,0.3828,0
1527,Juven,correct drug name,IN,high,multi,1527,0,Juven,Juven,juven,IN,13785,5.835e-05,5.835e-05,5.835e-05,0,0.35851768,0.35851768,0.35851768,0,0.0,0.0,0.0,0,0.99802,0.99802,0.99802,1,0.00173,0.00173,0.00173,0
1528,Narcan,correct drug name,BN,high,multi,1528,0,Narcan,Narcan,narcan,BN,13786,2.35e-06,2.35e-06,2.35e-06,0,0.32477525,0.32477525,0.32477525,0,0.0,0.0,0.0,0,0.00088,0.00088,0.00088,0,0.00334,0.00334,0.00334,0
1529,Klor-Con M20,correct drug name,BN,high,multi,1529,0,Klor-Con M20,Klor-Con M20,klor-con m20,BN,13824,4.141e-05,4.141e-05,4.141e-05,0,0.28286985,0.28286985,0.28286985,0,0.0,0.0,0.0,0,0.00098,0.00098,0.00098,0,0.00041,0.00041,0.00041,0
1530,topiramate,correct drug name,IN,high,multi,1530,0,topiramate,topiramate,topiramate,IN,13872,1.1e-05,1.1e-05,1.1e-05,0,0.09644888,0.09644888,0.09644888,0,0.0,0.0,0.0,0,0.00125,0.00125,0.00125,0,0.00052,0.00052,0.00052,0
1531,ropinirole,correct drug name,IN,high,multi,1531,0,ropinirole,ropinirole,ropinirole,IN,13987,1.525e-05,1.525e-05,1.525e-05,0,0.16292354,0.16292354,0.16292354,0,0.0,0.0,0.0,0,0.00044,0.00044,0.00044,0,0.00031,0.00031,0.00031,0
1532,Maalox Advanced,correct drug name,BN,high,multi,1532,0,Maalox Advanced,Maalox Advanced,maalox advanced,BN,13987,0.99999952,0.99999952,0.99999952,1,0.45950553,0.45950553,0.45950553,1,0.0,0.0,0.0,0,0.00022,0.00022,0.00022,0,0.00054,0.00054,0.00054,0
1533,Tab-A-Vite,correct drug name,BN,high,multi,1533,0,Tab-A-Vite,Tab-A-Vite,tab-a-vite,BN,14076,0.0003067,0.0003067,0.0003067,0,0.30559146,0.30559146,0.30559146,0,0.0,0.0,0.0,0,0.00039,0.00039,0.00039,0,0.00106,0.00106,0.00106,0
1534,Klor-Con 10,correct drug name,BN,high,multi,1534,0,Klor-Con 10,Klor-Con 10,klor-con 10,BN,14169,6.107e-05,6.107e-05,6.107e-05,0,0.27664202,0.27664202,0.27664202,0,0.0,0.0,0.0,0,0.00068,0.00068,0.00068,0,0.00051,0.00051,0.00051,0
1535,Mucinex DM,correct drug name,BN,high,multi,1535,0,Mucinex DM,Mucinex DM,mucinex dm,BN,14221,5.26e-05,5.26e-05,5.26e-05,0,0.29672036,0.29672036,0.29672036,0,0.0,0.0,0.0,0,0.00044,0.00044,0.00044,0,0.00033,0.00033,0.00033,0
1536,buPROPion HCl ER (XL),correct drug name,IN,high,multi,1536,0,buPROPion HCl ER (XL),buPROPion HCl ER (XL),bupropion hcl er (xl),IN,14264,0.99999988,0.99999988,0.99999988,1,0.11171841,0.11171841,0.11171841,0,1.0,3.0,0.75,1,0.6496,0.6496,0.6496,1,0.94197,0.94197,0.94197,1
1537,Flucelvax Quadrivalent,correct drug name,"BN,IN",high,multi,1537,0,Flucelvax Quadrivalent,Flucelvax Quadrivalent,flucelvax quadrivalent,"BN, IN",14271,0.99999118,0.99999118,0.99999118,1,0.72907674,0.72907674,0.72907674,1,0.0,0.0,0.0,0,0.00025,0.00025,0.00025,0,0.00058,0.00058,0.00058,0
1538,Vitamin D2 (ergocalciferol (vitamin d2)),correct drug name,IN,high,multi,1538,0,Vitamin D2 (ergocalciferol (vitamin d2)),Vitamin D2 (ergocalciferol (vitamin d2)),vitamin d2 (ergocalciferol (vitamin d2)),IN,14314,0.00060461,0.00060461,0.00060461,0,0.49276796,0.49276796,0.49276796,1,1.0,3.0,0.75,1,0.99916,0.99916,0.99916,1,0.99973,0.99973,0.99973,1
1539,Saccharomyces boulardii,correct drug name,IN,high,multi,1539,0,Saccharomyces boulardii,Saccharomyces boulardii,saccharomyces boulardii,IN,14422,5.36e-06,5.36e-06,5.36e-06,0,0.11178313,0.11178313,0.11178313,0,0.0,0.0,0.0,0,0.00022,0.00022,0.00022,0,0.00046,0.00046,0.00046,0
1540,Tiotropium Bromide Monohydrate,correct drug name,IN,high,multi,1540,0,Tiotropium Bromide Monohydrate,Tiotropium Bromide Monohydrate,tiotropium bromide monohydrate,IN,14445,0.0048818,0.0048818,0.0048818,0,0.15432107,0.15432107,0.15432107,0,0.0,0.0,0.0,0,0.00032,0.00032,0.00032,0,0.00035,0.00035,0.00035,0
1541,Prevnar 20,correct drug name,BN,high,multi,1541,0,Prevnar 20,Prevnar 20,prevnar 20,BN,14470,0.99999964,0.99999964,0.99999964,1,0.43532372,0.43532372,0.43532372,1,0.0,0.0,0.0,0,0.03187,0.03187,0.03187,0,0.0007,0.0007,0.0007,0
1542,Spiriva HandiHaler,correct drug name,BN,high,multi,1542,0,Spiriva HandiHaler,Spiriva HandiHaler,spiriva handihaler,BN,14554,0.59035009,0.59035009,0.59035009,1,0.11641123,0.11641123,0.11641123,0,0.0,0.0,0.0,0,0.00018,0.00018,0.00018,0,0.00033,0.00033,0.00033,0
1543,Primidone,correct drug name,IN,high,multi,1543,0,Primidone,Primidone,primidone,IN,14601,3.11e-06,3.11e-06,3.11e-06,0,0.04515365,0.04515365,0.04515365,0,0.0,0.0,0.0,0,0.00084,0.00084,0.00084,0,0.00028,0.00028,0.00028,0
1544,Lidocaine HCl,correct drug name,IN,high,multi,1544,0,Lidocaine HCl,Lidocaine HCl,lidocaine hcl,IN,14616,0.99999821,0.99999821,0.99999821,1,0.11133969,0.11133969,0.11133969,0,0.0,0.0,0.0,0,0.00388,0.00388,0.00388,0,0.03732,0.03732,0.03732,0
1545,Influenza Vac Split Quad,correct drug name,IN,high,multi,1545,0,Influenza Vac Split Quad,Influenza Vac Split Quad,influenza vac split quad,IN,14658,0.99999988,0.99999988,0.99999988,1,0.54078966,0.54078966,0.54078966,1,0.0,0.0,0.0,0,0.20962,0.20962,0.20962,0,0.00041,0.00041,0.00041,0
1546,Gentamicin Sulfate,correct drug name,IN,high,multi,1546,0,Gentamicin Sulfate,Gentamicin Sulfate,gentamicin sulfate,IN,14679,0.29956424,0.29956424,0.29956424,1,0.12164266,0.12164266,0.12164266,0,0.0,0.0,0.0,0,0.00028,0.00028,0.00028,0,0.00025,0.00025,0.00025,0
1547,Brimonidine Tartrate,correct drug name,IN,high,multi,1547,0,Brimonidine Tartrate,Brimonidine Tartrate,brimonidine tartrate,IN,14717,3.338e-05,3.338e-05,3.338e-05,0,0.0974565,0.0974565,0.0974565,0,0.0,0.0,0.0,0,0.00071,0.00071,0.00071,0,0.0003,0.0003,0.0003,0
1548,Lopressor ,correct drug name,BN,high,multi,1548,0,Lopressor,Lopressor ,lopressor,BN,14749,1.81e-06,1.81e-06,1.81e-06,0,0.18317108,0.18317108,0.18317108,0,0.0,0.0,0.0,0,0.00033,0.00033,0.00033,0,0.0004,0.0004,0.0004,0
1549,vitamin E,correct drug name,IN,high,multi,1549,0,vitamin E,vitamin E,vitamin e,IN,14840,7.087e-05,7.087e-05,7.087e-05,0,0.58816898,0.58816898,0.58816898,1,0.0,0.0,0.0,0,0.00055,0.00055,0.00055,0,0.00077,0.00077,0.00077,0
1550,Celecoxib,correct drug name,IN,high,multi,1550,0,Celecoxib,Celecoxib,celecoxib,IN,14863,8.02e-06,8.02e-06,8.02e-06,0,0.1244717,0.1244717,0.1244717,0,0.0,0.0,0.0,0,0.00044,0.00044,0.00044,0,0.00073,0.00073,0.00073,0
1551,Naloxone HCl,correct drug name,IN,high,multi,1551,0,Naloxone HCl,Naloxone HCl,naloxone hcl,IN,14881,0.99993694,0.99993694,0.99993694,1,0.05784641,0.05784641,0.05784641,0,0.0,0.0,0.0,0,0.00224,0.00224,0.00224,0,0.0033,0.0033,0.0033,0
1554,Chlorhexidine Gluconate,correct drug name,IN,high,multi,1554,0,Chlorhexidine Gluconate,Chlorhexidine Gluconate,chlorhexidine gluconate,IN,14978,0.99999976,0.99999976,0.99999976,1,0.17419636,0.17419636,0.17419636,0,0.0,0.0,0.0,0,0.00024,0.00024,0.00024,0,0.00029,0.00029,0.00029,0
1555,Spiriva Respimat,correct drug name,BN,high,multi,1555,0,Spiriva Respimat,Spiriva Respimat,spiriva respimat,BN,15003,0.97721338,0.97721338,0.97721338,1,0.10134108,0.10134108,0.10134108,0,0.0,0.0,0.0,0,0.00025,0.00025,0.00025,0,0.00032,0.00032,0.00032,0
1557,Senokot S,correct drug name,BN,high,multi,1557,0,Senokot S,Senokot S,senokot s,BN,15008,0.00615946,0.00615946,0.00615946,0,0.39870429,0.39870429,0.39870429,1,0.0,0.0,0.0,0,0.04931,0.04931,0.04931,0,0.00038,0.00038,0.00038,0
1558,Zyrtec,correct drug name,BN,high,multi,1558,0,Zyrtec,Zyrtec,zyrtec,BN,15026,0.00716148,0.00716148,0.00716148,0,0.16927281,0.16927281,0.16927281,0,0.0,0.0,0.0,0,0.00022,0.00022,0.00022,0,0.00043,0.00043,0.00043,0
1559,Nystop,correct drug name,BN,high,multi,1559,0,Nystop,Nystop,nystop,BN,15053,1.9e-06,1.9e-06,1.9e-06,0,0.34503642,0.34503642,0.34503642,0,0.0,0.0,0.0,0,0.55988,0.55988,0.55988,1,0.99919,0.99919,0.99919,1
1560,Phenergan,correct drug name,BN,high,multi,1560,0,Phenergan,Phenergan,phenergan,BN,15106,1.35e-06,1.35e-06,1.35e-06,0,0.31988066,0.31988066,0.31988066,0,0.0,0.0,0.0,0,0.00031,0.00031,0.00031,0,0.00135,0.00135,0.00135,0
1561,Levemir FlexTouch,correct drug name,BN,high,multi,1561,0,Levemir FlexTouch,Levemir FlexTouch,levemir flextouch,BN,15212,0.99999988,0.99999988,0.99999988,1,0.13126391,0.13126391,0.13126391,0,0.0,0.0,0.0,0,0.00026,0.00026,0.00026,0,0.00053,0.00053,0.00053,0
1562,Robitussin Cough-Chest Cong DM,correct drug name,"BN,IN",high,multi,1562,0,Robitussin Cough-Chest Cong DM,Robitussin Cough-Chest Cong DM,robitussin cough-chest cong dm,"BN, IN",15343,0.92353714,0.92353714,0.92353714,1,0.64050663,0.64050663,0.64050663,1,1.0,3.0,0.75,1,0.00518,0.00518,0.00518,0,0.99984,0.99984,0.99984,1
1563,Fluzone High-Dose Quadrivalent,correct drug name,"BN,IN",high,multi,1563,0,Fluzone High-Dose Quadrivalent,Fluzone High-Dose Quadrivalent,fluzone high-dose quadrivalent,"BN, IN",15382,0.99994266,0.99994266,0.99994266,1,0.44737735,0.44737735,0.44737735,1,0.0,0.0,0.0,0,0.00022,0.00022,0.00022,0,0.00023,0.00023,0.00023,0
1564,Insulin Lispro (1 Unit Dial),correct drug name,IN,high,multi,1564,0,Insulin Lispro (1 Unit Dial),Insulin Lispro (1 Unit Dial),insulin lispro (1 unit dial),IN,15396,0.9997018,0.9997018,0.9997018,1,0.35409254,0.35409254,0.35409254,0,1.0,2.0,0.5,1,0.23615,0.23615,0.23615,0,0.00155,0.00155,0.00155,0
1565,Daily Multi-Vitamin,correct drug name,IN,high,multi,1565,0,Daily Multi-Vitamin,Daily Multi-Vitamin,daily multi-vitamin,IN,15397,0.96947092,0.96947092,0.96947092,1,0.31475741,0.31475741,0.31475741,0,0.0,0.0,0.0,0,0.00034,0.00034,0.00034,0,0.00031,0.00031,0.00031,0
1566,Medrol,correct drug name,BN,high,multi,1566,0,Medrol,Medrol,medrol,BN,15427,3.886e-05,3.886e-05,3.886e-05,0,0.34113091,0.34113091,0.34113091,0,0.0,0.0,0.0,0,0.00186,0.00186,0.00186,0,0.00171,0.00171,0.00171,0
1567,PROzac,correct drug name,BN,high,multi,1567,0,PROzac,PROzac,prozac,BN,15501,1.06e-06,1.06e-06,1.06e-06,0,0.27235466,0.27235466,0.27235466,0,0.0,0.0,0.0,0,0.00058,0.00058,0.00058,0,0.00331,0.00331,0.00331,0
1568,Vistaril,correct drug name,BN,high,multi,1568,0,Vistaril,Vistaril,vistaril,BN,15508,0.00025448,0.00025448,0.00025448,0,0.19258368,0.19258368,0.19258368,0,0.0,0.0,0.0,0,0.00057,0.00057,0.00057,0,0.00034,0.00034,0.00034,0
1569,Spiriva with HandiHaler,correct drug name,"BN,IN",high,multi,1569,0,Spiriva with HandiHaler,Spiriva with HandiHaler,spiriva with handihaler,"BN, IN",15531,0.53775936,0.53775936,0.53775936,1,0.19283918,0.19283918,0.19283918,0,0.0,0.0,0.0,0,0.00022,0.00022,0.00022,0,0.00031,0.00031,0.00031,0
1570,lisinopril-hydrochlorothiazide,correct drug name,IN,high,multi,1570,0,lisinopril-hydrochlorothiazide,lisinopril-hydrochlorothiazide,lisinopril-hydrochlorothiazide,IN,15559,0.00788901,0.00788901,0.00788901,0,0.15074107,0.15074107,0.15074107,0,1.0,2.0,0.5,1,0.0003,0.0003,0.0003,0,0.00046,0.00046,0.00046,0
1571,meropenem,correct drug name,IN,high,multi,1571,0,meropenem,meropenem,meropenem,IN,15596,3.51e-06,3.51e-06,3.51e-06,0,0.22992697,0.22992697,0.22992697,0,0.0,0.0,0.0,0,0.00043,0.00043,0.00043,0,0.00136,0.00136,0.00136,0
1572,dilTIAZem HCl ER,correct drug name,IN,high,multi,1572,0,dilTIAZem HCl ER,dilTIAZem HCl ER,diltiazem hcl er,IN,15647,0.99994993,0.99994993,0.99994993,1,0.28446323,0.28446323,0.28446323,0,0.0,0.0,0.0,0,0.00033,0.00033,0.00033,0,0.0004,0.0004,0.0004,0
1575,metFORMIN HCl ER,correct drug name,IN,high,multi,1575,0,metFORMIN HCl ER,metFORMIN HCl ER,metformin hcl er,IN,15798,0.9999994,0.9999994,0.9999994,1,0.30266848,0.30266848,0.30266848,0,0.0,0.0,0.0,0,0.00037,0.00037,0.00037,0,0.00052,0.00052,0.00052,0
1576,lamoTRIgine,correct drug name,IN,high,multi,1576,0,lamoTRIgine,lamoTRIgine,lamotrigine,IN,15825,0.99989545,0.99989545,0.99989545,1,0.10499971,0.10499971,0.10499971,0,0.0,0.0,0.0,0,0.00042,0.00042,0.00042,0,0.0003,0.0003,0.0003,0
1577,Pro-Stat,correct drug name,IN,high,multi,1577,0,Pro-Stat,Pro-Stat,pro-stat,IN,15835,0.99999905,0.99999905,0.99999905,1,0.22320086,0.22320086,0.22320086,0,1.0,4.0,1.0,1,0.00898,0.00898,0.00898,0,0.00033,0.00033,0.00033,0
1578,PriLOSEC OTC,correct drug name,BN,high,multi,1578,0,PriLOSEC OTC,PriLOSEC OTC,prilosec otc,BN,15837,1e-06,1e-06,1e-06,0,0.13175599,0.13175599,0.13175599,0,0.0,0.0,0.0,0,0.00172,0.00172,0.00172,0,0.00539,0.00539,0.00539,0
1580,Venlafaxine HCl ER,correct drug name,IN,high,multi,1580,0,Venlafaxine HCl ER,Venlafaxine HCl ER,venlafaxine hcl er,IN,15895,0.99999928,0.99999928,0.99999928,1,0.16244821,0.16244821,0.16244821,0,0.0,0.0,0.0,0,0.00056,0.00056,0.00056,0,0.00038,0.00038,0.00038,0
1582,Fluzone Quadrivalent,correct drug name,"BN,IN",high,multi,1582,0,Fluzone Quadrivalent,Fluzone Quadrivalent,fluzone quadrivalent,"BN, IN",15929,0.99999809,0.99999809,0.99999809,1,0.92348665,0.92348665,0.92348665,1,0.0,0.0,0.0,0,0.00065,0.00065,0.00065,0,0.00032,0.00032,0.00032,0
1583,Budesonide-Formoterol Fumarate,correct drug name,IN,high,multi,1583,0,Budesonide-Formoterol Fumarate,Budesonide-Formoterol Fumarate,budesonide-formoterol fumarate,IN,16008,0.00264738,0.00264738,0.00264738,0,0.10119984,0.10119984,0.10119984,0,1.0,0.0,0.0,1,0.00039,0.00039,0.00039,0,0.00343,0.00343,0.00343,0
1584,Venelex,correct drug name,BN,high,multi,1584,0,Venelex,Venelex,venelex,BN,16134,1.105e-05,1.105e-05,1.105e-05,0,0.70772719,0.70772719,0.70772719,1,0.0,0.0,0.0,0,0.00057,0.00057,0.00057,0,0.00071,0.00071,0.00071,0
1585,Daily Multivitamin-Minerals,correct drug name,IN,high,multi,1585,0,Daily Multivitamin-Minerals,Daily Multivitamin-Minerals,daily multivitamin-minerals,IN,16219,0.10679068,0.10679068,0.10679068,0,0.2604619,0.2604619,0.2604619,0,0.0,0.0,0.0,0,0.0002,0.0002,0.0002,0,0.00039,0.00039,0.00039,0
1587,Aspercreme Lidocaine,correct drug name,"BN,IN",high,multi,1587,0,Aspercreme Lidocaine,Aspercreme Lidocaine,aspercreme lidocaine,"BN, IN",16331,0.9974221,0.9974221,0.9974221,1,0.25159255,0.25159255,0.25159255,0,0.0,0.0,0.0,0,0.00036,0.00036,0.00036,0,0.00039,0.00039,0.00039,0
1588,prednisolone acetate,correct drug name,IN,high,multi,1588,0,prednisolone acetate,prednisolone acetate,prednisolone acetate,IN,16415,0.0001443,0.0001443,0.0001443,0,0.10175057,0.10175057,0.10175057,0,0.0,0.0,0.0,0,0.00209,0.00209,0.00209,0,0.00041,0.00041,0.00041,0
1589,calcium carbonate-vitamin D3,correct drug name,IN,high,multi,1589,0,calcium carbonate-vitamin D3,calcium carbonate-vitamin D3,calcium carbonate-vitamin d3,IN,16440,0.28426778,0.28426778,0.28426778,1,0.28160122,0.28160122,0.28160122,0,1.0,0.0,0.0,1,0.00133,0.00133,0.00133,0,0.00025,0.00025,0.00025,0
1590,Amitriptyline HCl,correct drug name,IN,high,multi,1590,0,Amitriptyline HCl,Amitriptyline HCl,amitriptyline hcl,IN,16493,0.99995041,0.99995041,0.99995041,1,0.0471485,0.0471485,0.0471485,0,0.0,0.0,0.0,0,0.00029,0.00029,0.00029,0,0.00092,0.00092,0.00092,0
1591,Naproxen,correct drug name,IN,high,multi,1591,0,Naproxen,Naproxen,naproxen,IN,16513,0.9974336,0.9974336,0.9974336,1,0.28726056,0.28726056,0.28726056,0,0.0,0.0,0.0,0,0.00069,0.00069,0.00069,0,0.00028,0.00028,0.00028,0
1592,Nexium,correct drug name,BN,high,multi,1592,0,Nexium,Nexium,nexium,BN,16557,0.00315176,0.00315176,0.00315176,0,0.24153361,0.24153361,0.24153361,0,0.0,0.0,0.0,0,0.00026,0.00026,0.00026,0,0.00147,0.00147,0.00147,0
1593,Linzess,correct drug name,BN,high,multi,1593,0,Linzess,Linzess,linzess,BN,16557,3.09e-06,3.09e-06,3.09e-06,0,0.25850201,0.25850201,0.25850201,0,0.0,0.0,0.0,0,0.00162,0.00162,0.00162,0,0.00162,0.00162,0.00162,0
1594,Fluad Quadrivalent,correct drug name,"BN,IN",high,multi,1594,0,Fluad Quadrivalent,Fluad Quadrivalent,fluad quadrivalent,"BN, IN",16656,0.99999976,0.99999976,0.99999976,1,0.75584954,0.75584954,0.75584954,1,0.0,0.0,0.0,0,0.00025,0.00025,0.00025,0,0.99953,0.99953,0.99953,1
1595,ferrous gluconate,correct drug name,IN,high,multi,1595,0,ferrous gluconate,ferrous gluconate,ferrous gluconate,IN,16722,2.88e-06,2.88e-06,2.88e-06,0,0.19524382,0.19524382,0.19524382,0,0.0,0.0,0.0,0,0.00034,0.00034,0.00034,0,0.00195,0.00195,0.00195,0
1596,Lantus U-100 Insulin,correct drug name,"BN,IN",high,multi,1596,0,Lantus U-100 Insulin,Lantus U-100 Insulin,lantus u-100 insulin,"BN, IN",16759,0.99999976,0.99999976,0.99999976,1,0.20796411,0.20796411,0.20796411,0,1.0,1.0,0.25,1,0.09035,0.09035,0.09035,0,0.00532,0.00532,0.00532,0
1597,Magnesium Citrate,correct drug name,IN,high,multi,1597,0,Magnesium Citrate,Magnesium Citrate,magnesium citrate,IN,16908,0.99999821,0.99999821,0.99999821,1,0.53528798,0.53528798,0.53528798,1,0.0,0.0,0.0,0,0.0006,0.0006,0.0006,0,0.00027,0.00027,0.00027,0
1598,Isosorbide Dinitrate,correct drug name,IN,high,multi,1598,0,Isosorbide Dinitrate,Isosorbide Dinitrate,isosorbide dinitrate,IN,17163,0.8882494,0.8882494,0.8882494,1,0.14554226,0.14554226,0.14554226,0,0.0,0.0,0.0,0,0.00022,0.00022,0.00022,0,0.00069,0.00069,0.00069,0
1599,ARIPiprazole,correct drug name,IN,high,multi,1599,0,ARIPiprazole,ARIPiprazole,aripiprazole,IN,17202,3.067e-05,3.067e-05,3.067e-05,0,0.40340739,0.40340739,0.40340739,1,0.0,0.0,0.0,0,0.00124,0.00124,0.00124,0,0.00097,0.00097,0.00097,0
1600,acyclovir,correct drug name,IN,high,multi,1600,0,acyclovir,acyclovir,acyclovir,IN,17317,2.56e-06,2.56e-06,2.56e-06,0,0.12327704,0.12327704,0.12327704,0,0.0,0.0,0.0,0,0.00031,0.00031,0.00031,0,0.00041,0.00041,0.00041,0
1601,Insulin Aspart,correct drug name,IN,high,multi,1601,0,Insulin Aspart,Insulin Aspart,insulin aspart,IN,17323,0.80990928,0.80990928,0.80990928,1,0.35345569,0.35345569,0.35345569,0,0.0,0.0,0.0,0,0.00015,0.00015,0.00015,0,0.00031,0.00031,0.00031,0
1602,Humalog U-100 Insulin,correct drug name,"BN,IN",high,multi,1602,0,Humalog U-100 Insulin,Humalog U-100 Insulin,humalog u-100 insulin,"BN, IN",17472,0.99999046,0.99999046,0.99999046,1,0.34516296,0.34516296,0.34516296,0,1.0,1.0,0.25,1,0.00165,0.00165,0.00165,0,0.00111,0.00111,0.00111,0
1603,Megestrol Acetate,correct drug name,IN,high,multi,1603,0,Megestrol Acetate,Megestrol Acetate,megestrol acetate,IN,17596,0.72260845,0.72260845,0.72260845,1,0.05762029,0.05762029,0.05762029,0,0.0,0.0,0.0,0,0.0007,0.0007,0.0007,0,0.00029,0.00029,0.00029,0
1604,Trulicity,correct drug name,BN,high,multi,1604,0,Trulicity,Trulicity,trulicity,BN,17624,9.462e-05,9.462e-05,9.462e-05,0,0.29405636,0.29405636,0.29405636,0,0.0,0.0,0.0,0,0.0027,0.0027,0.0027,0,0.00045,0.00045,0.00045,0
1606,insulin glargine-yfgn,correct drug name,IN,high,multi,1606,0,insulin glargine-yfgn,insulin glargine-yfgn,insulin glargine-yfgn,IN,17687,0.00623205,0.00623205,0.00623205,0,0.58247823,0.58247823,0.58247823,1,0.0,0.0,0.0,0,0.0055,0.0055,0.0055,0,0.01392,0.01392,0.01392,0
1607,Timolol Maleate,correct drug name,IN,high,multi,1607,0,Timolol Maleate,Timolol Maleate,timolol maleate,IN,17764,3.58e-05,3.58e-05,3.58e-05,0,0.04388951,0.04388951,0.04388951,0,0.0,0.0,0.0,0,0.00049,0.00049,0.00049,0,0.00033,0.00033,0.00033,0
1608,guaiFENesin-DM,correct drug name,IN,high,multi,1608,0,guaiFENesin-DM,guaiFENesin-DM,guaifenesin-dm,IN,17881,0.00046514,0.00046514,0.00046514,0,0.28384268,0.28384268,0.28384268,0,1.0,0.0,0.0,1,0.00028,0.00028,0.00028,0,0.00063,0.00063,0.00063,0
1609,fluoxetine,correct drug name,IN,high,multi,1609,0,fluoxetine,fluoxetine,fluoxetine,IN,17886,4.56e-06,4.56e-06,4.56e-06,0,0.18311311,0.18311311,0.18311311,0,0.0,0.0,0.0,0,0.00041,0.00041,0.00041,0,0.02381,0.02381,0.02381,0
1610,Haloperidol Lactate,correct drug name,IN,high,multi,1610,0,Haloperidol Lactate,Haloperidol Lactate,haloperidol lactate,IN,17887,0.72541702,0.72541702,0.72541702,1,0.08562302,0.08562302,0.08562302,0,0.0,0.0,0.0,0,0.00047,0.00047,0.00047,0,0.00031,0.00031,0.00031,0
1611,CeleBREX,correct drug name,BN,high,multi,1611,0,CeleBREX,CeleBREX,celebrex,BN,17984,3.9e-06,3.9e-06,3.9e-06,0,0.18888901,0.18888901,0.18888901,0,0.0,0.0,0.0,0,0.00041,0.00041,0.00041,0,0.00038,0.00038,0.00038,0
1612,NIFEdipine ER,correct drug name,BN,high,multi,1612,0,NIFEdipine ER,NIFEdipine ER,nifedipine er,BN,18073,0.00543784,0.00543784,0.00543784,0,0.41635743,0.41635743,0.41635743,1,0.0,0.0,0.0,0,0.00036,0.00036,0.00036,0,0.0007,0.0007,0.0007,0
1613,Iron,correct drug name,IN,high,multi,1613,0,Iron,Iron,iron,IN,18534,3.042e-05,3.042e-05,3.042e-05,0,0.67209911,0.67209911,0.67209911,1,0.0,0.0,0.0,0,0.0013,0.0013,0.0013,0,0.0008,0.0008,0.0008,0
1614,Lotrisone,correct drug name,BN,high,multi,1614,0,Lotrisone,Lotrisone,lotrisone,BN,18633,6.679e-05,6.679e-05,6.679e-05,0,0.25201854,0.25201854,0.25201854,0,0.0,0.0,0.0,0,0.99967,0.99967,0.99967,1,0.00211,0.00211,0.00211,0
1616,Centrum Silver,correct drug name,BN,high,multi,1616,0,Centrum Silver,Centrum Silver,centrum silver,BN,18882,0.99999928,0.99999928,0.99999928,1,0.46712118,0.46712118,0.46712118,1,0.0,0.0,0.0,0,0.00021,0.00021,0.00021,0,0.00039,0.00039,0.00039,0
1617,Prevnar 13,correct drug name,BN,high,multi,1617,0,Prevnar 13,Prevnar 13,prevnar 13,BN,18911,0.99999976,0.99999976,0.99999976,1,0.52854592,0.52854592,0.52854592,1,0.0,0.0,0.0,0,0.77238,0.77238,0.77238,1,0.00109,0.00109,0.00109,0
1618,multivitamin with minerals,correct drug name,IN,high,multi,1618,0,multivitamin with minerals,multivitamin with minerals,multivitamin with minerals,IN,18913,1.579e-05,1.579e-05,1.579e-05,0,0.36037755,0.36037755,0.36037755,0,0.0,0.0,0.0,0,0.00023,0.00023,0.00023,0,0.00043,0.00043,0.00043,0
1619,Carafate,correct drug name,BN,high,multi,1619,0,Carafate,Carafate,carafate,BN,19031,0.09341338,0.09341338,0.09341338,0,0.31459504,0.31459504,0.31459504,0,0.0,0.0,0.0,0,0.00044,0.00044,0.00044,0,0.00068,0.00068,0.00068,0
1621,metoclopramide HCl,correct drug name,IN,high,multi,1621,0,metoclopramide HCl,metoclopramide HCl,metoclopramide hcl,IN,19165,0.97550225,0.97550225,0.97550225,1,0.05202223,0.05202223,0.05202223,0,0.0,0.0,0.0,0,0.00046,0.00046,0.00046,0,0.02438,0.02438,0.02438,0
1622,Aldactone,correct drug name,BN,high,multi,1622,0,Aldactone,Aldactone,aldactone,BN,19170,4.378e-05,4.378e-05,4.378e-05,0,0.17621133,0.17621133,0.17621133,0,0.0,0.0,0.0,0,0.0005,0.0005,0.0005,0,0.00149,0.00149,0.00149,0
1625,Incruse Ellipta,correct drug name,BN,high,multi,1625,0,Incruse Ellipta,Incruse Ellipta,incruse ellipta,BN,19535,0.99999988,0.99999988,0.99999988,1,0.18285298,0.18285298,0.18285298,0,0.0,0.0,0.0,0,0.0011,0.0011,0.0011,0,0.00216,0.00216,0.00216,0
1626,Ambien,correct drug name,BN,high,multi,1626,0,Ambien,Ambien,ambien,BN,19592,0.9989177,0.9989177,0.9989177,1,0.18546577,0.18546577,0.18546577,0,0.0,0.0,0.0,0,0.00019,0.00019,0.00019,0,0.00122,0.00122,0.00122,0
1627,Humalog KwikPen Insulin,correct drug name,"BN,IN",high,multi,1627,0,Humalog KwikPen Insulin,Humalog KwikPen Insulin,humalog kwikpen insulin,"BN, IN",19595,0.99999952,0.99999952,0.99999952,1,0.27974364,0.27974364,0.27974364,0,0.0,0.0,0.0,0,0.00023,0.00023,0.00023,0,0.00246,0.00246,0.00246,0
1628,Preparation H,correct drug name,BN,high,multi,1628,0,Preparation H,Preparation H,preparation h,BN,19648,1.255e-05,1.255e-05,1.255e-05,0,0.6240285,0.6240285,0.6240285,1,0.0,0.0,0.0,0,0.01841,0.01841,0.01841,0,0.00037,0.00037,0.00037,0
1629,bupropion HCl,correct drug name,IN,high,multi,1629,0,bupropion HCl,bupropion HCl,bupropion hcl,IN,19767,0.98744196,0.98744196,0.98744196,1,0.04388939,0.04388939,0.04388939,0,0.0,0.0,0.0,0,0.00019,0.00019,0.00019,0,0.00209,0.00209,0.00209,0
1630,Zofran (as hydrochloride),correct drug name,"BN,IN",high,multi,1630,0,Zofran (as hydrochloride),Zofran (as hydrochloride),zofran (as hydrochloride),"BN, IN",19844,0.48857141,0.48857141,0.48857141,1,0.20267601,0.20267601,0.20267601,0,0.0,0.0,0.0,0,0.00129,0.00129,0.00129,0,0.00037,0.00037,0.00037,0
1631,Levsin,correct drug name,BN,high,multi,1631,0,Levsin,Levsin,levsin,BN,19877,0.99999964,0.99999964,0.99999964,1,0.25194427,0.25194427,0.25194427,0,0.0,0.0,0.0,0,0.00084,0.00084,0.00084,0,0.00103,0.00103,0.00103,0
1632,Bisacodyl EC,correct drug name,"BN,IN",high,multi,1632,0,Bisacodyl EC,Bisacodyl EC,bisacodyl ec,"BN, IN",19878,1.657e-05,1.657e-05,1.657e-05,0,0.31022161,0.31022161,0.31022161,0,0.0,0.0,0.0,0,0.13475,0.13475,0.13475,0,0.00078,0.00078,0.00078,0
1633,fenofibrate,correct drug name,IN,high,multi,1633,0,fenofibrate,fenofibrate,fenofibrate,IN,19879,3.164e-05,3.164e-05,3.164e-05,0,0.33484548,0.33484548,0.33484548,0,0.0,0.0,0.0,0,0.00076,0.00076,0.00076,0,0.0005,0.0005,0.0005,0
1634,montelukast,correct drug name,IN,high,multi,1634,0,montelukast,montelukast,montelukast,IN,19960,4.026e-05,4.026e-05,4.026e-05,0,0.203025,0.203025,0.203025,0,0.0,0.0,0.0,0,0.00028,0.00028,0.00028,0,0.00119,0.00119,0.00119,0
1635,Prilosec,correct drug name,BN,high,multi,1635,0,Prilosec,Prilosec,prilosec,BN,20031,4.43e-06,4.43e-06,4.43e-06,0,0.18315922,0.18315922,0.18315922,0,0.0,0.0,0.0,0,0.00031,0.00031,0.00031,0,0.00053,0.00053,0.00053,0
1636,Multivitamin Adult,correct drug name,IN,high,multi,1636,0,Multivitamin Adult,Multivitamin Adult,multivitamin adult,IN,20075,0.87701482,0.87701482,0.87701482,1,0.56836081,0.56836081,0.56836081,1,0.0,0.0,0.0,0,0.00042,0.00042,0.00042,0,0.00032,0.00032,0.00032,0
1637,PreserVision AREDS,correct drug name,BN,high,multi,1637,0,PreserVision AREDS,PreserVision AREDS,preservision areds,BN,20255,0.00105008,0.00105008,0.00105008,0,0.16690953,0.16690953,0.16690953,0,0.0,0.0,0.0,0,0.00028,0.00028,0.00028,0,0.00037,0.00037,0.00037,0
1638,Bactroban,correct drug name,BN,high,multi,1638,0,Bactroban,Bactroban,bactroban,BN,20334,9.24e-05,9.24e-05,9.24e-05,0,0.32799736,0.32799736,0.32799736,0,1.0,3.0,0.75,1,0.00035,0.00035,0.00035,0,0.0006,0.0006,0.0006,0
1639,Bumex,correct drug name,BN,high,multi,1639,0,Bumex,Bumex,bumex,BN,20413,0.00194189,0.00194189,0.00194189,0,0.26348189,0.26348189,0.26348189,0,1.0,1.0,0.25,1,0.00679,0.00679,0.00679,0,0.00474,0.00474,0.00474,0
1640,memantine,correct drug name,IN,high,multi,1640,0,memantine,memantine,memantine,IN,20482,0.00067053,0.00067053,0.00067053,0,0.15670173,0.15670173,0.15670173,0,0.0,0.0,0.0,0,0.00112,0.00112,0.00112,0,0.00029,0.00029,0.00029,0
1641,Aspirin 81,correct drug name,IN,high,multi,1641,0,Aspirin 81,Aspirin 81,aspirin 81,IN,20485,0.02109268,0.02109268,0.02109268,0,0.32672495,0.32672495,0.32672495,0,0.0,0.0,0.0,0,0.24122,0.24122,0.24122,0,0.01008,0.01008,0.01008,0
1642,Vitamin B-12,correct drug name,BN,high,multi,1642,0,Vitamin B-12,Vitamin B-12,vitamin b-12,BN,20598,0.99131471,0.99131471,0.99131471,1,0.22141202,0.22141202,0.22141202,0,0.0,0.0,0.0,0,0.00036,0.00036,0.00036,0,0.00033,0.00033,0.00033,0
1643,Triple Antibiotic,correct drug name,BN,high,multi,1643,0,Triple Antibiotic,Triple Antibiotic,triple antibiotic,BN,20940,0.99999976,0.99999976,0.99999976,1,0.35869056,0.35869056,0.35869056,0,0.0,0.0,0.0,0,0.00043,0.00043,0.00043,0,0.00027,0.00027,0.00027,0
1644,rOPINIRole HCl,correct drug name,IN,high,multi,1644,0,rOPINIRole HCl,rOPINIRole HCl,ropinirole hcl,IN,21007,0.99999988,0.99999988,0.99999988,1,0.08658024,0.08658024,0.08658024,0,0.0,0.0,0.0,0,0.00029,0.00029,0.00029,0,0.0004,0.0004,0.0004,0
1645,ZyrTEC Allergy,correct drug name,"BN,IN",high,multi,1645,0,ZyrTEC Allergy,ZyrTEC Allergy,zyrtec allergy,"BN, IN",21022,0.99999988,0.99999988,0.99999988,1,0.17634167,0.17634167,0.17634167,0,0.0,0.0,0.0,0,0.00019,0.00019,0.00019,0,0.00065,0.00065,0.00065,0
1647,Prochlorperazine Maleate,correct drug name,IN,high,multi,1647,0,Prochlorperazine Maleate,Prochlorperazine Maleate,prochlorperazine maleate,IN,21176,0.66752422,0.66752422,0.66752422,1,0.06056326,0.06056326,0.06056326,0,0.0,0.0,0.0,0,0.00032,0.00032,0.00032,0,0.00055,0.00055,0.00055,0
1648,Jardiance,correct drug name,BN,high,multi,1648,0,Jardiance,Jardiance,jardiance,BN,21193,8.28e-06,8.28e-06,8.28e-06,0,0.32510263,0.32510263,0.32510263,0,1.0,2.0,0.5,1,0.99994,0.99994,0.99994,1,0.9999,0.9999,0.9999,1
1649,Nitrofurantoin Macrocrystal,correct drug name,IN,high,multi,1649,0,Nitrofurantoin Macrocrystal,Nitrofurantoin Macrocrystal,nitrofurantoin macrocrystal,IN,21244,0.99999774,0.99999774,0.99999774,1,0.19110671,0.19110671,0.19110671,0,1.0,2.0,0.5,1,0.00084,0.00084,0.00084,0,0.00132,0.00132,0.00132,0
1650,Divalproex Sodium,correct drug name,IN,high,multi,1650,0,Divalproex Sodium,Divalproex Sodium,divalproex sodium,IN,21296,3.837e-05,3.837e-05,3.837e-05,0,0.18260421,0.18260421,0.18260421,0,0.0,0.0,0.0,0,0.00021,0.00021,0.00021,0,0.00026,0.00026,0.00026,0
1651,midodrine,correct drug name,IN,high,multi,1651,0,midodrine,midodrine,midodrine,IN,21335,1.445e-05,1.445e-05,1.445e-05,0,0.16495979,0.16495979,0.16495979,0,0.0,0.0,0.0,0,0.00021,0.00021,0.00021,0,0.00041,0.00041,0.00041,0
1652,Aspir-81,correct drug name,BN,high,multi,1652,0,Aspir-81,Aspir-81,aspir-81,BN,21607,0.00010191,0.00010191,0.00010191,0,0.28701681,0.28701681,0.28701681,0,1.0,0.0,0.0,1,0.00849,0.00849,0.00849,0,0.89402,0.89402,0.89402,1
1653,diazePAM,correct drug name,IN,high,multi,1653,0,diazePAM,diazePAM,diazepam,IN,21651,4.2e-06,4.2e-06,4.2e-06,0,0.12891103,0.12891103,0.12891103,0,0.0,0.0,0.0,0,0.00034,0.00034,0.00034,0,0.00295,0.00295,0.00295,0
1654,Crestor,correct drug name,BN,high,multi,1654,0,Crestor,Crestor,crestor,BN,21685,7.16e-06,7.16e-06,7.16e-06,0,0.27135772,0.27135772,0.27135772,0,0.0,0.0,0.0,0,0.00083,0.00083,0.00083,0,0.00038,0.00038,0.00038,0
1655,Ezetimibe,correct drug name,IN,high,multi,1655,0,Ezetimibe,Ezetimibe,ezetimibe,IN,21986,0.99843341,0.99843341,0.99843341,1,0.15845884,0.15845884,0.15845884,0,0.0,0.0,0.0,0,0.0006,0.0006,0.0006,0,0.00087,0.00087,0.00087,0
1656,magnesium,correct drug name,IN,high,multi,1656,0,magnesium,magnesium,magnesium,IN,22055,8.704e-05,8.704e-05,8.704e-05,0,0.70638126,0.70638126,0.70638126,1,0.0,0.0,0.0,0,0.00426,0.00426,0.00426,0,0.00041,0.00041,0.00041,0
1657,Rivaroxaban,correct drug name,IN,high,multi,1657,0,Rivaroxaban,Rivaroxaban,rivaroxaban,IN,22221,6.56e-06,6.56e-06,6.56e-06,0,0.15438816,0.15438816,0.15438816,0,0.0,0.0,0.0,0,0.00071,0.00071,0.00071,0,0.00066,0.00066,0.00066,0
1658,Singulair,correct drug name,BN,high,multi,1658,0,Singulair,Singulair,singulair,BN,22242,4.87e-06,4.87e-06,4.87e-06,0,0.16906731,0.16906731,0.16906731,0,0.0,0.0,0.0,0,0.00037,0.00037,0.00037,0,0.00046,0.00046,0.00046,0
1659,Calcium-Vitamin D,correct drug name,BN,high,multi,1659,0,Calcium-Vitamin D,Calcium-Vitamin D,calcium-vitamin d,BN,22402,0.99846482,0.99846482,0.99846482,1,0.49050266,0.49050266,0.49050266,1,0.0,0.0,0.0,0,0.00074,0.00074,0.00074,0,0.00031,0.00031,0.00031,0
1660,Combivent Respimat,correct drug name,BN,high,multi,1660,0,Combivent Respimat,Combivent Respimat,combivent respimat,BN,22420,0.52163309,0.52163309,0.52163309,1,0.12663329,0.12663329,0.12663329,0,0.0,0.0,0.0,0,0.00071,0.00071,0.00071,0,0.00038,0.00038,0.00038,0
1661,erythromycin,correct drug name,IN,high,multi,1661,0,erythromycin,erythromycin,erythromycin,IN,22663,9.09e-06,9.09e-06,9.09e-06,0,0.45446905,0.45446905,0.45446905,1,0.0,0.0,0.0,0,0.00027,0.00027,0.00027,0,0.00055,0.00055,0.00055,0
1662,Ultram,correct drug name,BN,high,multi,1662,0,Ultram,Ultram,ultram,BN,22676,0.55953562,0.55953562,0.55953562,1,0.2180649,0.2180649,0.2180649,0,0.0,0.0,0.0,0,0.00027,0.00027,0.00027,0,0.00043,0.00043,0.00043,0
1663,sulfamethoxazole-trimethoprim,correct drug name,BN,high,multi,1663,0,sulfamethoxazole-trimethoprim,sulfamethoxazole-trimethoprim,sulfamethoxazole-trimethoprim,BN,22751,9.717e-05,9.717e-05,9.717e-05,0,0.29460925,0.29460925,0.29460925,0,0.0,0.0,0.0,0,0.00136,0.00136,0.00136,0,0.00095,0.00095,0.00095,0
1664,Colchicine,correct drug name,IN,high,multi,1664,0,Colchicine,Colchicine,colchicine,IN,22840,0.99597555,0.99597555,0.99597555,1,0.1292538,0.1292538,0.1292538,0,0.0,0.0,0.0,0,0.00035,0.00035,0.00035,0,0.00059,0.00059,0.00059,0
1665,sodium chloride 0.9 %,correct drug name,IN,high,multi,1665,0,sodium chloride 0.9 %,sodium chloride 0.9 %,sodium chloride 0.9 %,IN,22933,0.00115492,0.00115492,0.00115492,0,0.3098411,0.3098411,0.3098411,0,0.0,0.0,0.0,0,0.44897,0.44897,0.44897,0,0.01035,0.01035,0.01035,0
1666,Trelegy Ellipta,correct drug name,BN,high,multi,1666,0,Trelegy Ellipta,Trelegy Ellipta,trelegy ellipta,BN,22938,0.99999988,0.99999988,0.99999988,1,0.16151319,0.16151319,0.16151319,0,0.0,0.0,0.0,0,0.99273,0.99273,0.99273,1,0.04093,0.04093,0.04093,0
1667,Culturelle,correct drug name,BN,high,multi,1667,0,Culturelle,Culturelle,culturelle,BN,23020,0.99875808,0.99875808,0.99875808,1,0.24590331,0.24590331,0.24590331,0,0.0,0.0,0.0,0,0.0003,0.0003,0.0003,0,0.00045,0.00045,0.00045,0
1668,Calcitriol,correct drug name,IN,high,multi,1668,0,Calcitriol,Calcitriol,calcitriol,IN,23126,0.00230077,0.00230077,0.00230077,0,0.41439843,0.41439843,0.41439843,1,0.0,0.0,0.0,0,0.00032,0.00032,0.00032,0,0.00039,0.00039,0.00039,0
1669,Magnesium Hydroxide,correct drug name,IN,high,multi,1669,0,Magnesium Hydroxide,Magnesium Hydroxide,magnesium hydroxide,IN,23142,0.99999893,0.99999893,0.99999893,1,0.32632846,0.32632846,0.32632846,0,0.0,0.0,0.0,0,0.00031,0.00031,0.00031,0,0.00028,0.00028,0.00028,0
1670,Silvadene,correct drug name,BN,high,multi,1670,0,Silvadene,Silvadene,silvadene,BN,23255,1.044e-05,1.044e-05,1.044e-05,0,0.27186042,0.27186042,0.27186042,0,0.0,0.0,0.0,0,0.00423,0.00423,0.00423,0,0.00042,0.00042,0.00042,0
1671,Eucerin,correct drug name,BN,high,multi,1671,0,Eucerin,Eucerin,eucerin,BN,23356,1.275e-05,1.275e-05,1.275e-05,0,0.2462697,0.2462697,0.2462697,0,0.0,0.0,0.0,0,0.00089,0.00089,0.00089,0,0.00041,0.00041,0.00041,0
1672,Pyridium,correct drug name,BN,high,multi,1672,0,Pyridium,Pyridium,pyridium,BN,23386,0.00053298,0.00053298,0.00053298,0,0.51843834,0.51843834,0.51843834,1,0.0,0.0,0.0,0,0.00024,0.00024,0.00024,0,0.00058,0.00058,0.00058,0
1673,Haloperidol,correct drug name,IN,high,multi,1673,0,Haloperidol,Haloperidol,haloperidol,IN,23398,9.799e-05,9.799e-05,9.799e-05,0,0.29958043,0.29958043,0.29958043,0,0.0,0.0,0.0,0,0.00093,0.00093,0.00093,0,0.00082,0.00082,0.00082,0
1674,PARoxetine HCl,correct drug name,IN,high,multi,1674,0,PARoxetine HCl,PARoxetine HCl,paroxetine hcl,IN,23419,0.98874038,0.98874038,0.98874038,1,0.07710887,0.07710887,0.07710887,0,0.0,0.0,0.0,0,0.00039,0.00039,0.00039,0,0.04096,0.04096,0.04096,0
1675,Vitamin D,correct drug name,IN,high,multi,1675,0,Vitamin D,Vitamin D,vitamin d,IN,23452,0.00182564,0.00182564,0.00182564,0,0.48021474,0.48021474,0.48021474,1,0.0,0.0,0.0,0,0.00388,0.00388,0.00388,0,0.00032,0.00032,0.00032,0
1676,Vitamin B12,correct drug name,IN,high,multi,1676,0,Vitamin B12,Vitamin B12,vitamin b12,IN,23688,0.99999964,0.99999964,0.99999964,1,0.13086103,0.13086103,0.13086103,0,0.0,0.0,0.0,0,0.00319,0.00319,0.00319,0,0.00055,0.00055,0.00055,0
1677,Aspirin Low Dose,correct drug name,BN,high,multi,1677,0,Aspirin Low Dose,Aspirin Low Dose,aspirin low dose,BN,23704,0.99630547,0.99630547,0.99630547,1,0.22048706,0.22048706,0.22048706,0,0.0,0.0,0.0,0,0.00013,0.00013,0.00013,0,0.00039,0.00039,0.00039,0
1678,Tradjenta,correct drug name,BN,high,multi,1678,0,Tradjenta,Tradjenta,tradjenta,BN,23759,1.0,1.0,1.0,1,0.22447476,0.22447476,0.22447476,0,1.0,0.0,0.0,1,0.98825,0.98825,0.98825,1,0.99937,0.99937,0.99937,1
1681,sodium polystyrene sulfonate,correct drug name,IN,high,multi,1681,0,sodium polystyrene sulfonate,sodium polystyrene sulfonate,sodium polystyrene sulfonate,IN,24378,0.00029597,0.00029597,0.00029597,0,0.33259174,0.33259174,0.33259174,0,0.0,0.0,0.0,0,0.00034,0.00034,0.00034,0,0.00029,0.00029,0.00029,0
1682,quetiapine,correct drug name,IN,high,multi,1682,0,quetiapine,quetiapine,quetiapine,IN,24448,3.94e-06,3.94e-06,3.94e-06,0,0.34258959,0.34258959,0.34258959,0,0.0,0.0,0.0,0,0.00039,0.00039,0.00039,0,0.00161,0.00161,0.00161,0
1684,Miconazole Nitrate,correct drug name,IN,high,multi,1684,0,Miconazole Nitrate,Miconazole Nitrate,miconazole nitrate,IN,24659,5.254e-05,5.254e-05,5.254e-05,0,0.17053755,0.17053755,0.17053755,0,0.0,0.0,0.0,0,0.00074,0.00074,0.00074,0,0.00264,0.00264,0.00264,0
1685,oxyBUTYnin Chloride ER,correct drug name,BN,high,multi,1685,0,oxyBUTYnin Chloride ER,oxyBUTYnin Chloride ER,oxybutynin chloride er,BN,24877,0.99999976,0.99999976,0.99999976,1,0.17127179,0.17127179,0.17127179,0,0.0,0.0,0.0,0,0.00019,0.00019,0.00019,0,0.00083,0.00083,0.00083,0
1688,atropine,correct drug name,IN,high,multi,1688,0,atropine,atropine,atropine,IN,25102,3.97e-06,3.97e-06,3.97e-06,0,0.62190849,0.62190849,0.62190849,1,0.0,0.0,0.0,0,0.0003,0.0003,0.0003,0,0.00206,0.00206,0.00206,0
1689,Flagyl,correct drug name,BN,high,multi,1689,0,Flagyl,Flagyl,flagyl,BN,25183,9.66e-06,9.66e-06,9.66e-06,0,0.16059987,0.16059987,0.16059987,0,0.0,0.0,0.0,0,0.00153,0.00153,0.00153,0,0.0008,0.0008,0.0008,0
1690,Lantus Solostar U-100 Insulin,correct drug name,"BN,IN",high,multi,1690,0,Lantus Solostar U-100 Insulin,Lantus Solostar U-100 Insulin,lantus solostar u-100 insulin,"BN, IN",25631,0.99869847,0.99869847,0.99869847,1,0.38867053,0.38867053,0.38867053,1,1.0,1.0,0.25,1,0.00041,0.00041,0.00041,0,0.72364,0.72364,0.72364,1
1691,Heparin Sodium (Porcine),correct drug name,IN,high,multi,1691,0,Heparin Sodium (Porcine),Heparin Sodium (Porcine),heparin sodium (porcine),IN,25769,0.59488249,0.59488249,0.59488249,1,0.33015725,0.33015725,0.33015725,0,0.0,0.0,0.0,0,0.00019,0.00019,0.00019,0,0.00095,0.00095,0.00095,0
1692,esomeprazole magnesium,correct drug name,IN,high,multi,1692,0,esomeprazole magnesium,esomeprazole magnesium,esomeprazole magnesium,IN,25866,0.00124462,0.00124462,0.00124462,0,0.15087843,0.15087843,0.15087843,0,0.0,0.0,0.0,0,0.00199,0.00199,0.00199,0,0.03519,0.03519,0.03519,0
1693,Depakote Sprinkles,correct drug name,BN,high,multi,1693,0,Depakote Sprinkles,Depakote Sprinkles,depakote sprinkles,BN,25898,0.98207527,0.98207527,0.98207527,1,0.10722882,0.10722882,0.10722882,0,0.0,0.0,0.0,0,0.00021,0.00021,0.00021,0,0.00029,0.00029,0.00029,0
1694,Senna S,correct drug name,BN,high,multi,1694,0,Senna S,Senna S,senna s,BN,26146,0.76638287,0.76638287,0.76638287,1,0.26728788,0.26728788,0.26728788,0,0.0,0.0,0.0,0,0.46206,0.46206,0.46206,0,0.00038,0.00038,0.00038,0
1697,Biofreeze (menthol),correct drug name,"BN,IN",high,multi,1697,0,Biofreeze (menthol),Biofreeze (menthol),biofreeze (menthol),"BN, IN",26577,0.99863017,0.99863017,0.99863017,1,0.20573001,0.20573001,0.20573001,0,1.0,1.0,0.25,1,0.00067,0.00067,0.00067,0,0.00205,0.00205,0.00205,0
1698,Rocephin,correct drug name,BN,high,multi,1698,0,Rocephin,Rocephin,rocephin,BN,26597,1.061e-05,1.061e-05,1.061e-05,0,0.17253734,0.17253734,0.17253734,0,0.0,0.0,0.0,0,0.01017,0.01017,0.01017,0,0.67772,0.67772,0.67772,1
1699,Tessalon Perles,correct drug name,BN,high,multi,1699,0,Tessalon Perles,Tessalon Perles,tessalon perles,BN,27007,0.37629098,0.37629098,0.37629098,1,0.23768142,0.23768142,0.23768142,0,0.0,0.0,0.0,0,0.00022,0.00022,0.00022,0,0.00032,0.00032,0.00032,0
1700,Basaglar KwikPen,correct drug name,BN,high,multi,1700,0,Basaglar KwikPen,Basaglar KwikPen,basaglar kwikpen,BN,27130,0.00013097,0.00013097,0.00013097,0,0.20950796,0.20950796,0.20950796,0,0.0,0.0,0.0,0,0.00084,0.00084,0.00084,0,0.00448,0.00448,0.00448,0
1701,Mylanta,correct drug name,BN,high,multi,1701,0,Mylanta,Mylanta,mylanta,BN,27261,0.99359518,0.99359518,0.99359518,1,0.16983458,0.16983458,0.16983458,0,0.0,0.0,0.0,0,0.00042,0.00042,0.00042,0,0.00045,0.00045,0.00045,0
1702,Potassium Chloride Crys ER,correct drug name,IN,high,multi,1702,0,Potassium Chloride Crys ER,Potassium Chloride Crys ER,potassium chloride crys er,IN,27326,0.99995947,0.99995947,0.99995947,1,0.5472014,0.5472014,0.5472014,1,1.0,2.0,0.5,1,0.97731,0.97731,0.97731,1,0.03548,0.03548,0.03548,0
1705,Afluria Quadrivalent,correct drug name,"BN,IN",high,multi,1705,0,Afluria Quadrivalent,Afluria Quadrivalent,afluria quadrivalent,"BN, IN",27894,0.99999964,0.99999964,0.99999964,1,0.52442384,0.52442384,0.52442384,1,0.0,0.0,0.0,0,0.0019,0.0019,0.0019,0,0.00038,0.00038,0.00038,0
1706,Sodium Bicarbonate,correct drug name,IN,high,multi,1706,0,Sodium Bicarbonate,Sodium Bicarbonate,sodium bicarbonate,IN,28392,2.58e-05,2.58e-05,2.58e-05,0,0.16468178,0.16468178,0.16468178,0,0.0,0.0,0.0,0,0.00032,0.00032,0.00032,0,0.00049,0.00049,0.00049,0
1709,duloxetine,correct drug name,IN,high,multi,1709,0,duloxetine,duloxetine,duloxetine,IN,28654,2.053e-05,2.053e-05,2.053e-05,0,0.12162542,0.12162542,0.12162542,0,0.0,0.0,0.0,0,0.00028,0.00028,0.00028,0,0.00449,0.00449,0.00449,0
1713,Proventil HFA,correct drug name,BN,high,multi,1713,0,Proventil HFA,Proventil HFA,proventil hfa,BN,29008,1.182e-05,1.182e-05,1.182e-05,0,0.27246994,0.27246994,0.27246994,0,0.0,0.0,0.0,0,0.00082,0.00082,0.00082,0,0.00057,0.00057,0.00057,0
1714,Enema Disposable,correct drug name,IN,high,multi,1714,0,Enema Disposable,Enema Disposable,enema disposable,IN,29218,0.00120915,0.00120915,0.00120915,0,0.10925481,0.10925481,0.10925481,0,0.0,0.0,0.0,0,0.00023,0.00023,0.00023,0,0.00033,0.00033,0.00033,0
1715,tiZANidine HCl,correct drug name,IN,high,multi,1715,0,tiZANidine HCl,tiZANidine HCl,tizanidine hcl,IN,29265,0.88006526,0.88006526,0.88006526,1,0.04449384,0.04449384,0.04449384,0,0.0,0.0,0.0,0,0.00079,0.00079,0.00079,0,0.00042,0.00042,0.00042,0
1716,FLUoxetine HCl,correct drug name,IN,high,multi,1716,0,FLUoxetine HCl,FLUoxetine HCl,fluoxetine hcl,IN,29289,0.99895298,0.99895298,0.99895298,1,0.07324591,0.07324591,0.07324591,0,0.0,0.0,0.0,0,0.00037,0.00037,0.00037,0,0.01618,0.01618,0.01618,0
1717,cyclobenzaprine,correct drug name,IN,high,multi,1717,0,cyclobenzaprine,cyclobenzaprine,cyclobenzaprine,IN,29333,2.731e-05,2.731e-05,2.731e-05,0,0.11550377,0.11550377,0.11550377,0,0.0,0.0,0.0,0,0.00071,0.00071,0.00071,0,0.00062,0.00062,0.00062,0
1718,Promethazine HCl,correct drug name,IN,high,multi,1718,0,Promethazine HCl,Promethazine HCl,promethazine hcl,IN,29433,0.99999917,0.99999917,0.99999917,1,0.07237974,0.07237974,0.07237974,0,0.0,0.0,0.0,0,0.00041,0.00041,0.00041,0,0.00348,0.00348,0.00348,0
1720,Acetaminophen Extra Strength,correct drug name,BN,high,multi,1720,0,Acetaminophen Extra Strength,Acetaminophen Extra Strength,acetaminophen extra strength,BN,29661,0.99999988,0.99999988,0.99999988,1,0.45362934,0.45362934,0.45362934,1,0.0,0.0,0.0,0,0.00016,0.00016,0.00016,0,0.00024,0.00024,0.00024,0
1721,promethazine,correct drug name,IN,high,multi,1721,0,promethazine,promethazine,promethazine,IN,30124,6.18e-06,6.18e-06,6.18e-06,0,0.23386845,0.23386845,0.23386845,0,0.0,0.0,0.0,0,0.00051,0.00051,0.00051,0,0.00114,0.00114,0.00114,0
1722,CeleXA,correct drug name,BN,high,multi,1722,0,CeleXA,CeleXA,celexa,BN,30218,1.91e-06,1.91e-06,1.91e-06,0,0.16800897,0.16800897,0.16800897,0,0.0,0.0,0.0,0,0.00029,0.00029,0.00029,0,0.00066,0.00066,0.00066,0
1723,isosorbide mononitrate,correct drug name,IN,high,multi,1723,0,isosorbide mononitrate,isosorbide mononitrate,isosorbide mononitrate,IN,30223,1.746e-05,1.746e-05,1.746e-05,0,0.15662745,0.15662745,0.15662745,0,0.0,0.0,0.0,0,0.00028,0.00028,0.00028,0,0.00065,0.00065,0.00065,0
1724,ranitidine HCl,correct drug name,IN,high,multi,1724,0,ranitidine HCl,ranitidine HCl,ranitidine hcl,IN,30508,0.99580461,0.99580461,0.99580461,1,0.05964254,0.05964254,0.05964254,0,0.0,0.0,0.0,0,0.00021,0.00021,0.00021,0,0.00428,0.00428,0.00428,0
1725,Pregabalin,correct drug name,IN,high,multi,1725,0,Pregabalin,Pregabalin,pregabalin,IN,30534,0.99982601,0.99982601,0.99982601,1,0.16124706,0.16124706,0.16124706,0,0.0,0.0,0.0,0,0.00027,0.00027,0.00027,0,0.0355,0.0355,0.0355,0
1726,morphine,correct drug name,IN,high,multi,1726,0,morphine,morphine,morphine,IN,30643,1.14e-06,1.14e-06,1.14e-06,0,0.42117149,0.42117149,0.42117149,1,0.0,0.0,0.0,0,0.00033,0.00033,0.00033,0,0.00125,0.00125,0.00125,0
1727,Thera-M,correct drug name,BN,high,multi,1727,0,Thera-M,Thera-M,thera-m,BN,30809,0.04284399,0.04284399,0.04284399,0,0.24401706,0.24401706,0.24401706,0,0.0,0.0,0.0,0,0.00462,0.00462,0.00462,0,0.00779,0.00779,0.00779,0
1728,Atropine Sulfate,correct drug name,IN,high,multi,1728,0,Atropine Sulfate,Atropine Sulfate,atropine sulfate,IN,30815,0.18709977,0.18709977,0.18709977,1,0.15651992,0.15651992,0.15651992,0,0.0,0.0,0.0,0,0.00027,0.00027,0.00027,0,0.00055,0.00055,0.00055,0
1729,ipratropium bromide,correct drug name,IN,high,multi,1729,0,ipratropium bromide,ipratropium bromide,ipratropium bromide,IN,30884,0.00022819,0.00022819,0.00022819,0,0.13357794,0.13357794,0.13357794,0,0.0,0.0,0.0,0,0.00059,0.00059,0.00059,0,0.00401,0.00401,0.00401,0
1730,Normal Saline Flush,correct drug name,BN,high,multi,1730,0,Normal Saline Flush,Normal Saline Flush,normal saline flush,BN,30928,0.15924224,0.15924224,0.15924224,1,0.17959954,0.17959954,0.17959954,0,0.0,0.0,0.0,0,0.00017,0.00017,0.00017,0,0.00042,0.00042,0.00042,0
1732,Novolog Flexpen U-100 Insulin,correct drug name,"BN,IN",high,multi,1732,0,Novolog Flexpen U-100 Insulin,Novolog Flexpen U-100 Insulin,novolog flexpen u-100 insulin,"BN, IN",31498,0.99999976,0.99999976,0.99999976,1,0.28399438,0.28399438,0.28399438,0,1.0,1.0,0.25,1,0.001,0.001,0.001,0,0.00043,0.00043,0.00043,0
1733,glimepiride,correct drug name,IN,high,multi,1733,0,glimepiride,glimepiride,glimepiride,IN,31634,4.346e-05,4.346e-05,4.346e-05,0,0.14409566,0.14409566,0.14409566,0,0.0,0.0,0.0,0,0.0006,0.0006,0.0006,0,0.00321,0.00321,0.00321,0
1734,sucralfate,correct drug name,IN,high,multi,1734,0,sucralfate,sucralfate,sucralfate,IN,31728,4.45e-06,4.45e-06,4.45e-06,0,0.32132417,0.32132417,0.32132417,0,0.0,0.0,0.0,0,0.00032,0.00032,0.00032,0,0.0003,0.0003,0.0003,0
1735,Biofreeze,correct drug name,BN,high,multi,1735,0,Biofreeze,Biofreeze,biofreeze,BN,31820,0.00173519,0.00173519,0.00173519,0,0.20573001,0.20573001,0.20573001,0,0.0,0.0,0.0,0,0.00034,0.00034,0.00034,0,0.00045,0.00045,0.00045,0
1736,Neurontin,correct drug name,BN,high,multi,1736,0,Neurontin,Neurontin,neurontin,BN,31971,4.834e-05,4.834e-05,4.834e-05,0,0.19932984,0.19932984,0.19932984,0,0.0,0.0,0.0,0,0.00042,0.00042,0.00042,0,0.00043,0.00043,0.00043,0
1737,Memantine HCl,correct drug name,IN,high,multi,1737,0,Memantine HCl,Memantine HCl,memantine hcl,IN,32065,0.99998283,0.99998283,0.99998283,1,0.12603794,0.12603794,0.12603794,0,0.0,0.0,0.0,0,0.0006,0.0006,0.0006,0,0.00031,0.00031,0.00031,0
1738,metronidazole,correct drug name,IN,high,multi,1738,0,metronidazole,metronidazole,metronidazole,IN,32236,8.376e-05,8.376e-05,8.376e-05,0,0.21251573,0.21251573,0.21251573,0,0.0,0.0,0.0,0,0.00135,0.00135,0.00135,0,0.00106,0.00106,0.00106,0
1739,Glucose,correct drug name,IN,high,multi,1739,0,Glucose,Glucose,glucose,IN,32281,0.99999869,0.99999869,0.99999869,1,0.65681076,0.65681076,0.65681076,1,0.0,0.0,0.0,0,0.00186,0.00186,0.00186,0,0.00052,0.00052,0.00052,0
1740,Morphine Sulfate,correct drug name,IN,high,multi,1740,0,Morphine Sulfate,Morphine Sulfate,morphine sulfate,IN,32485,0.99998951,0.99998951,0.99998951,1,0.276669,0.276669,0.276669,0,0.0,0.0,0.0,0,0.00018,0.00018,0.00018,0,0.00043,0.00043,0.00043,0
1741,warfarin,correct drug name,IN,high,multi,1741,0,warfarin,warfarin,warfarin,IN,32674,0.01014537,0.01014537,0.01014537,0,0.3606436,0.3606436,0.3606436,0,0.0,0.0,0.0,0,0.00026,0.00026,0.00026,0,0.00034,0.00034,0.00034,0
1742,Ketoconazole,correct drug name,IN,high,multi,1742,0,Ketoconazole,Ketoconazole,ketoconazole,IN,33164,2.086e-05,2.086e-05,2.086e-05,0,0.16223177,0.16223177,0.16223177,0,0.0,0.0,0.0,0,0.0007,0.0007,0.0007,0,0.00039,0.00039,0.00039,0
1743,Zofran ODT,correct drug name,BN,high,multi,1743,0,Zofran ODT,Zofran ODT,zofran odt,BN,33494,0.02329131,0.02329131,0.02329131,0,0.19228359,0.19228359,0.19228359,0,0.0,0.0,0.0,0,0.00087,0.00087,0.00087,0,0.00029,0.00029,0.00029,0
1744,Ammonium Lactate,correct drug name,IN,high,multi,1744,0,Ammonium Lactate,Ammonium Lactate,ammonium lactate,IN,33630,0.99999177,0.99999177,0.99999177,1,0.21159232,0.21159232,0.21159232,0,0.0,0.0,0.0,0,0.00088,0.00088,0.00088,0,0.00071,0.00071,0.00071,0
1745,doxycycline monohydrate,correct drug name,IN,high,multi,1745,0,doxycycline monohydrate,doxycycline monohydrate,doxycycline monohydrate,IN,33846,1.952e-05,1.952e-05,1.952e-05,0,0.13520701,0.13520701,0.13520701,0,0.0,0.0,0.0,0,0.0003,0.0003,0.0003,0,0.00034,0.00034,0.00034,0
1746,Multiple Vitamin,correct drug name,IN,high,multi,1746,0,Multiple Vitamin,Multiple Vitamin,multiple vitamin,IN,33863,0.99779236,0.99779236,0.99779236,1,0.61536545,0.61536545,0.61536545,1,0.0,0.0,0.0,0,0.00034,0.00034,0.00034,0,0.00035,0.00035,0.00035,0
1747,Benadryl Allergy,correct drug name,BN,high,multi,1747,0,Benadryl Allergy,Benadryl Allergy,benadryl allergy,BN,34092,0.99999964,0.99999964,0.99999964,1,0.26829091,0.26829091,0.26829091,0,0.0,0.0,0.0,0,0.00057,0.00057,0.00057,0,0.00044,0.00044,0.00044,0
1749,Vancomycin HCl,correct drug name,IN,high,multi,1749,0,Vancomycin HCl,Vancomycin HCl,vancomycin hcl,IN,34485,0.99999964,0.99999964,0.99999964,1,0.12147307,0.12147307,0.12147307,0,0.0,0.0,0.0,0,0.00026,0.00026,0.00026,0,0.00031,0.00031,0.00031,0
1750,Novolog Flexpen,correct drug name,BN,high,multi,1750,0,Novolog Flexpen,Novolog Flexpen,novolog flexpen,BN,34550,0.99999583,0.99999583,0.99999583,1,0.12276381,0.12276381,0.12276381,0,0.0,0.0,0.0,0,0.00031,0.00031,0.00031,0,0.00039,0.00039,0.00039,0
1752,metOLazone,correct drug name,IN,high,multi,1752,0,metOLazone,metOLazone,metolazone,IN,34905,8.79e-06,8.79e-06,8.79e-06,0,0.18495513,0.18495513,0.18495513,0,0.0,0.0,0.0,0,0.00137,0.00137,0.00137,0,0.00269,0.00269,0.00269,0
1753,enoxaparin,correct drug name,IN,high,multi,1753,0,enoxaparin,enoxaparin,enoxaparin,IN,34913,2.764e-05,2.764e-05,2.764e-05,0,0.14852487,0.14852487,0.14852487,0,0.0,0.0,0.0,0,0.0015,0.0015,0.0015,0,0.0005,0.0005,0.0005,0
1754,Senna with Docusate Sodium,correct drug name,IN,high,multi,1754,0,Senna with Docusate Sodium,Senna with Docusate Sodium,senna with docusate sodium,IN,34970,0.11784951,0.11784951,0.11784951,0,0.21011096,0.21011096,0.21011096,0,0.0,0.0,0.0,0,0.00019,0.00019,0.00019,0,0.00025,0.00025,0.00025,0
1755,Isosorbide Mononitrate ER,correct drug name,IN,high,multi,1755,0,Isosorbide Mononitrate ER,Isosorbide Mononitrate ER,isosorbide mononitrate er,IN,35034,0.00087756,0.00087756,0.00087756,0,0.20147009,0.20147009,0.20147009,0,0.0,0.0,0.0,0,0.00024,0.00024,0.00024,0,0.00043,0.00043,0.00043,0
1756,Nitrostat,correct drug name,BN,high,multi,1756,0,Nitrostat,Nitrostat,nitrostat,BN,35218,6.731e-05,6.731e-05,6.731e-05,0,0.22651391,0.22651391,0.22651391,0,0.0,0.0,0.0,0,0.00056,0.00056,0.00056,0,0.00092,0.00092,0.00092,0
1757,Meclizine HCl,correct drug name,IN,high,multi,1757,0,Meclizine HCl,Meclizine HCl,meclizine hcl,IN,35268,0.97553116,0.97553116,0.97553116,1,0.06866465,0.06866465,0.06866465,0,0.0,0.0,0.0,0,0.00058,0.00058,0.00058,0,0.00041,0.00041,0.00041,0
1758,digoxin,correct drug name,IN,high,multi,1758,0,digoxin,digoxin,digoxin,IN,35438,9.39e-06,9.39e-06,9.39e-06,0,0.17212504,0.17212504,0.17212504,0,0.0,0.0,0.0,0,0.00041,0.00041,0.00041,0,0.00035,0.00035,0.00035,0
1759,Namenda,correct drug name,BN,high,multi,1759,0,Namenda,Namenda,namenda,BN,35562,0.0069552,0.0069552,0.0069552,0,0.202043,0.202043,0.202043,0,0.0,0.0,0.0,0,0.00025,0.00025,0.00025,0,0.00036,0.00036,0.00036,0
1760,Lyrica,correct drug name,BN,high,multi,1760,0,Lyrica,Lyrica,lyrica,BN,36149,0.00042212,0.00042212,0.00042212,0,0.14252652,0.14252652,0.14252652,0,0.0,0.0,0.0,0,0.00013,0.00013,0.00013,0,0.00049,0.00049,0.00049,0
1761,OLANZapine,correct drug name,IN,high,multi,1761,0,OLANZapine,OLANZapine,olanzapine,IN,36606,3.244e-05,3.244e-05,3.244e-05,0,0.24066313,0.24066313,0.24066313,0,0.0,0.0,0.0,0,0.00055,0.00055,0.00055,0,0.00043,0.00043,0.00043,0
1762,fluconazole,correct drug name,IN,high,multi,1762,0,fluconazole,fluconazole,fluconazole,IN,36790,0.35767654,0.35767654,0.35767654,1,0.23434982,0.23434982,0.23434982,0,0.0,0.0,0.0,0,0.00149,0.00149,0.00149,0,0.0003,0.0003,0.0003,0
1763,Vitamin C (ascorbic acid (vitamin c)),correct drug name,IN,high,multi,1763,0,Vitamin C (ascorbic acid (vitamin c)),Vitamin C (ascorbic acid (vitamin c)),vitamin c (ascorbic acid (vitamin c)),IN,36905,0.99066997,0.99066997,0.99066997,1,0.38608479,0.38608479,0.38608479,1,1.0,1.0,0.25,1,0.99995,0.99995,0.99995,1,0.17639,0.17639,0.17639,0
1765,Toprol XL,correct drug name,BN,high,multi,1765,0,Toprol XL,Toprol XL,toprol xl,BN,36920,2.986e-05,2.986e-05,2.986e-05,0,0.35733518,0.35733518,0.35733518,0,1.0,3.0,0.75,1,0.00096,0.00096,0.00096,0,0.00029,0.00029,0.00029,0
1766,ceftriaxone,correct drug name,IN,high,multi,1766,0,ceftriaxone,ceftriaxone,ceftriaxone,IN,37078,9.7e-06,9.7e-06,9.7e-06,0,0.23616165,0.23616165,0.23616165,0,0.0,0.0,0.0,0,0.0011,0.0011,0.0011,0,0.00027,0.00027,0.00027,0
1767,Cefuroxime Axetil,correct drug name,IN,high,multi,1767,0,Cefuroxime Axetil,Cefuroxime Axetil,cefuroxime axetil,IN,37092,7.75e-05,7.75e-05,7.75e-05,0,0.07605876,0.07605876,0.07605876,0,0.0,0.0,0.0,0,0.00091,0.00091,0.00091,0,0.00037,0.00037,0.00037,0
1768,Skin Prep Wipes,correct non-drug name,BN,high,multi,1768,0,Skin Prep Wipes,Skin Prep Wipes,skin prep wipes,BN,37136,0.99999976,0.99999976,0.99999976,1,0.25728938,0.25728938,0.25728938,0,0.0,0.0,0.0,0,0.00069,0.00069,0.00069,0,0.00034,0.00034,0.00034,0
1769,clindamycin HCl,correct drug name,IN,high,multi,1769,0,clindamycin HCl,clindamycin HCl,clindamycin hcl,IN,37187,0.99559313,0.99559313,0.99559313,1,0.15960331,0.15960331,0.15960331,0,0.0,0.0,0.0,0,0.00042,0.00042,0.00042,0,0.00039,0.00039,0.00039,0
1770,Warfarin Sodium,correct drug name,IN,high,multi,1770,0,Warfarin Sodium,Warfarin Sodium,warfarin sodium,IN,37335,0.55536747,0.55536747,0.55536747,1,0.18229909,0.18229909,0.18229909,0,0.0,0.0,0.0,0,0.00024,0.00024,0.00024,0,0.00025,0.00025,0.00025,0
1771,donepezil,correct drug name,IN,high,multi,1771,0,donepezil,donepezil,donepezil,IN,37370,1.887e-05,1.887e-05,1.887e-05,0,0.15049267,0.15049267,0.15049267,0,0.0,0.0,0.0,0,0.00021,0.00021,0.00021,0,0.00044,0.00044,0.00044,0
1772,Sennosides,correct drug name,IN,high,multi,1772,0,Sennosides,Sennosides,sennosides,IN,37638,0.07927401,0.07927401,0.07927401,0,0.16436663,0.16436663,0.16436663,0,0.0,0.0,0.0,0,0.00032,0.00032,0.00032,0,0.00058,0.00058,0.00058,0
1773,loperamide,correct drug name,IN,high,multi,1773,0,loperamide,loperamide,loperamide,IN,37792,8.646e-05,8.646e-05,8.646e-05,0,0.2415096,0.2415096,0.2415096,0,0.0,0.0,0.0,0,0.00196,0.00196,0.00196,0,0.00262,0.00262,0.00262,0
1774,Montelukast Sodium,correct drug name,IN,high,multi,1774,0,Montelukast Sodium,Montelukast Sodium,montelukast sodium,IN,37996,0.0003638,0.0003638,0.0003638,0,0.21043792,0.21043792,0.21043792,0,0.0,0.0,0.0,0,0.00017,0.00017,0.00017,0,0.00063,0.00063,0.00063,0
1775,diphenhydrAMINE HCl,correct drug name,IN,high,multi,1775,0,diphenhydrAMINE HCl,diphenhydrAMINE HCl,diphenhydramine hcl,IN,37999,0.99999869,0.99999869,0.99999869,1,0.03988187,0.03988187,0.03988187,0,0.0,0.0,0.0,0,0.00111,0.00111,0.00111,0,0.00078,0.00078,0.00078,0
1777,Dulcolax (bisacodyl),correct drug name,"BN,IN",high,multi,1777,0,Dulcolax (bisacodyl),Dulcolax (bisacodyl),dulcolax (bisacodyl),"BN, IN",38443,0.00041053,0.00041053,0.00041053,0,0.50300765,0.50300765,0.50300765,1,0.0,0.0,0.0,0,0.00028,0.00028,0.00028,0,0.00284,0.00284,0.00284,0
1779,duoneb,correct drug name,BN,high,multi,1779,0,duoneb,duoneb,duoneb,BN,38459,6.66e-05,6.66e-05,6.66e-05,0,0.34465665,0.34465665,0.34465665,0,1.0,2.0,0.5,1,0.69256,0.69256,0.69256,1,0.0069,0.0069,0.0069,0
1780,Citalopram Hydrobromide,correct drug name,IN,high,multi,1780,0,Citalopram Hydrobromide,Citalopram Hydrobromide,citalopram hydrobromide,IN,38545,0.99997687,0.99997687,0.99997687,1,0.14758843,0.14758843,0.14758843,0,0.0,0.0,0.0,0,0.00017,0.00017,0.00017,0,0.00158,0.00158,0.00158,0
1781,Keppra,correct drug name,BN,high,multi,1781,0,Keppra,Keppra,keppra,BN,38577,0.16774316,0.16774316,0.16774316,1,0.14733939,0.14733939,0.14733939,0,0.0,0.0,0.0,0,0.0003,0.0003,0.0003,0,0.00051,0.00051,0.00051,0
1782,Lactobacillus,correct drug name,IN,high,multi,1782,0,Lactobacillus,Lactobacillus,lactobacillus,IN,38596,0.44991291,0.44991291,0.44991291,1,0.63186765,0.63186765,0.63186765,1,0.0,0.0,0.0,0,0.00041,0.00041,0.00041,0,0.00044,0.00044,0.00044,0
1783,hydralazine,correct drug name,IN,high,multi,1783,0,hydralazine,hydralazine,hydralazine,IN,39273,1.475e-05,1.475e-05,1.475e-05,0,0.17802307,0.17802307,0.17802307,0,0.0,0.0,0.0,0,0.00056,0.00056,0.00056,0,0.00061,0.00061,0.00061,0
1784,Advair Diskus,correct drug name,BN,high,multi,1784,0,Advair Diskus,Advair Diskus,advair diskus,BN,39643,0.96930927,0.96930927,0.96930927,1,0.05392323,0.05392323,0.05392323,0,0.0,0.0,0.0,0,0.0002,0.0002,0.0002,0,0.00037,0.00037,0.00037,0
1785,Breo Ellipta,correct drug name,BN,high,multi,1785,0,Breo Ellipta,Breo Ellipta,breo ellipta,BN,40214,0.99999988,0.99999988,0.99999988,1,0.24415724,0.24415724,0.24415724,0,1.0,2.0,0.5,1,0.9993,0.9993,0.9993,1,0.98386,0.98386,0.98386,1
1786,Zinc Oxide,correct drug name,IN,high,multi,1786,0,Zinc Oxide,Zinc Oxide,zinc oxide,IN,40321,0.99999809,0.99999809,0.99999809,1,0.21127102,0.21127102,0.21127102,0,0.0,0.0,0.0,0,0.00032,0.00032,0.00032,0,0.00047,0.00047,0.00047,0
1787,carbidopa-levodopa,correct drug name,BN,high,multi,1787,0,carbidopa-levodopa,carbidopa-levodopa,carbidopa-levodopa,BN,40617,3.396e-05,3.396e-05,3.396e-05,0,0.21723697,0.21723697,0.21723697,0,0.0,0.0,0.0,0,0.00037,0.00037,0.00037,0,0.00027,0.00027,0.00027,0
1788,atenolol,correct drug name,IN,high,multi,1788,0,atenolol,atenolol,atenolol,IN,40992,6.46e-06,6.46e-06,6.46e-06,0,0.19157514,0.19157514,0.19157514,0,0.0,0.0,0.0,0,0.00039,0.00039,0.00039,0,0.00185,0.00185,0.00185,0
1790,meloxicam,correct drug name,IN,high,multi,1790,0,meloxicam,meloxicam,meloxicam,IN,41727,1.775e-05,1.775e-05,1.775e-05,0,0.11139459,0.11139459,0.11139459,0,0.0,0.0,0.0,0,0.00057,0.00057,0.00057,0,0.00054,0.00054,0.00054,0
1791,HumaLOG KwikPen,correct drug name,BN,high,multi,1791,0,HumaLOG KwikPen,HumaLOG KwikPen,humalog kwikpen,BN,42417,0.66566795,0.66566795,0.66566795,1,0.28039569,0.28039569,0.28039569,0,0.0,0.0,0.0,0,0.00023,0.00023,0.00023,0,0.00053,0.00053,0.00053,0
1792,Tuberculin PPD,correct drug name,IN,high,multi,1792,0,Tuberculin PPD,Tuberculin PPD,tuberculin ppd,IN,42519,0.99605584,0.99605584,0.99605584,1,0.39513698,0.39513698,0.39513698,1,0.0,0.0,0.0,0,0.00057,0.00057,0.00057,0,0.00086,0.00086,0.00086,0
1794,Hyoscyamine Sulfate,correct drug name,IN,high,multi,1794,0,Hyoscyamine Sulfate,Hyoscyamine Sulfate,hyoscyamine sulfate,IN,42712,0.0354474,0.0354474,0.0354474,0,0.10844645,0.10844645,0.10844645,0,0.0,0.0,0.0,0,0.00255,0.00255,0.00255,0,0.00156,0.00156,0.00156,0
1795,Cetirizine HCl,correct drug name,IN,high,multi,1795,0,Cetirizine HCl,Cetirizine HCl,cetirizine hcl,IN,42864,0.99999976,0.99999976,0.99999976,1,0.06704754,0.06704754,0.06704754,0,0.0,0.0,0.0,0,0.00032,0.00032,0.00032,0,0.00032,0.00032,0.00032,0
1796,Pepcid,correct drug name,BN,high,multi,1796,0,Pepcid,Pepcid,pepcid,BN,43242,0.99999762,0.99999762,0.99999762,1,0.21825363,0.21825363,0.21825363,0,0.0,0.0,0.0,0,0.00017,0.00017,0.00017,0,0.00046,0.00046,0.00046,0
1798,Multiple Vitamins-Minerals,correct drug name,IN,high,multi,1798,0,Multiple Vitamins-Minerals,Multiple Vitamins-Minerals,multiple vitamins-minerals,IN,43476,0.37389201,0.37389201,0.37389201,1,0.60026723,0.60026723,0.60026723,1,1.0,0.0,0.0,1,0.00029,0.00029,0.00029,0,0.00023,0.00023,0.00023,0
1799,Senna-Docusate Sodium,correct drug name,IN,high,multi,1799,0,Senna-Docusate Sodium,Senna-Docusate Sodium,senna-docusate sodium,IN,43591,0.49000803,0.49000803,0.49000803,1,0.30716002,0.30716002,0.30716002,0,1.0,0.0,0.0,1,0.00018,0.00018,0.00018,0,0.00045,0.00045,0.00045,0
1800,Debrox,correct drug name,BN,high,multi,1800,0,Debrox,Debrox,debrox,BN,43695,0.01418985,0.01418985,0.01418985,0,0.30820373,0.30820373,0.30820373,0,0.0,0.0,0.0,0,0.01071,0.01071,0.01071,0,0.00293,0.00293,0.00293,0
1801,Flonase Allergy Relief,correct drug name,BN,high,multi,1801,0,Flonase Allergy Relief,Flonase Allergy Relief,flonase allergy relief,BN,43854,0.99999952,0.99999952,0.99999952,1,0.25735423,0.25735423,0.25735423,0,0.0,0.0,0.0,0,0.00641,0.00641,0.00641,0,0.00715,0.00715,0.00715,0
1802,NovoLOG,correct drug name,BN,high,multi,1802,0,NovoLOG,NovoLOG,novolog,BN,44559,0.91988391,0.91988391,0.91988391,1,0.28140932,0.28140932,0.28140932,0,0.0,0.0,0.0,0,0.00052,0.00052,0.00052,0,0.00041,0.00041,0.00041,0
1803,Lidoderm,correct drug name,BN,high,multi,1803,0,Lidoderm,Lidoderm,lidoderm,BN,44788,1.34e-06,1.34e-06,1.34e-06,0,0.21027201,0.21027201,0.21027201,0,0.0,0.0,0.0,0,0.0003,0.0003,0.0003,0,0.00055,0.00055,0.00055,0
1804,Florastor,correct drug name,BN,high,multi,1804,0,Florastor,Florastor,florastor,BN,45061,0.11594572,0.11594572,0.11594572,0,0.13622451,0.13622451,0.13622451,0,0.0,0.0,0.0,0,0.00055,0.00055,0.00055,0,0.00048,0.00048,0.00048,0
1805,diltiazem HCl,correct drug name,IN,high,multi,1805,0,diltiazem HCl,diltiazem HCl,diltiazem hcl,IN,45355,0.86726618,0.86726618,0.86726618,1,0.08070111,0.08070111,0.08070111,0,0.0,0.0,0.0,0,0.00018,0.00018,0.00018,0,0.0015,0.0015,0.0015,0
1806,Bumetanide,correct drug name,IN,high,multi,1806,0,Bumetanide,Bumetanide,bumetanide,IN,45440,0.99829787,0.99829787,0.99829787,1,0.23975134,0.23975134,0.23975134,0,0.0,0.0,0.0,0,0.00521,0.00521,0.00521,0,0.10556,0.10556,0.10556,0
1808,Symbicort,correct drug name,BN,high,multi,1808,0,Symbicort,Symbicort,symbicort,BN,45612,0.01379523,0.01379523,0.01379523,0,0.17979513,0.17979513,0.17979513,0,0.0,0.0,0.0,0,0.00076,0.00076,0.00076,0,0.00084,0.00084,0.00084,0
1809,Mupirocin,correct drug name,IN,high,multi,1809,0,Mupirocin,Mupirocin,mupirocin,IN,45923,7.98e-06,7.98e-06,7.98e-06,0,0.25786042,0.25786042,0.25786042,0,0.0,0.0,0.0,0,0.00041,0.00041,0.00041,0,0.00048,0.00048,0.00048,0
1811,Pravastatin Sodium,correct drug name,IN,high,multi,1811,0,Pravastatin Sodium,Pravastatin Sodium,pravastatin sodium,IN,46261,0.00152974,0.00152974,0.00152974,0,0.08152886,0.08152886,0.08152886,0,0.0,0.0,0.0,0,0.00024,0.00024,0.00024,0,0.00056,0.00056,0.00056,0
1812,clopidogrel,correct drug name,IN,high,multi,1812,0,clopidogrel,clopidogrel,clopidogrel,IN,46281,4.9e-06,4.9e-06,4.9e-06,0,0.52872252,0.52872252,0.52872252,1,0.0,0.0,0.0,0,0.00016,0.00016,0.00016,0,0.00033,0.00033,0.00033,0
1813,LORazepam Intensol,correct drug name,BN,high,multi,1813,0,LORazepam Intensol,LORazepam Intensol,lorazepam intensol,BN,46474,0.9999994,0.9999994,0.9999994,1,0.14468083,0.14468083,0.14468083,0,0.0,0.0,0.0,0,0.00044,0.00044,0.00044,0,0.00103,0.00103,0.00103,0
1815,Midodrine HCl,correct drug name,IN,high,multi,1815,0,Midodrine HCl,Midodrine HCl,midodrine hcl,IN,47346,0.99999952,0.99999952,0.99999952,1,0.07463657,0.07463657,0.07463657,0,0.0,0.0,0.0,0,0.00021,0.00021,0.00021,0,0.0003,0.0003,0.0003,0
1817,Fish Oil,correct drug name,IN,high,multi,1817,0,Fish Oil,Fish Oil,fish oil,IN,47503,0.00053909,0.00053909,0.00053909,0,0.4554247,0.4554247,0.4554247,1,0.0,0.0,0.0,0,0.0005,0.0005,0.0005,0,0.00033,0.00033,0.00033,0
1818,clonazepam,correct drug name,IN,high,multi,1818,0,clonazepam,clonazepam,clonazepam,IN,47614,0.00013575,0.00013575,0.00013575,0,0.12275159,0.12275159,0.12275159,0,0.0,0.0,0.0,0,0.00106,0.00106,0.00106,0,0.44538,0.44538,0.44538,0
1820,Rosuvastatin Calcium,correct drug name,IN,high,multi,1820,0,Rosuvastatin Calcium,Rosuvastatin Calcium,rosuvastatin calcium,IN,47917,0.75861025,0.75861025,0.75861025,1,0.1223514,0.1223514,0.1223514,0,0.0,0.0,0.0,0,0.00021,0.00021,0.00021,0,0.00145,0.00145,0.00145,0
1821,Lantus SoloStar,correct drug name,BN,high,multi,1821,0,Lantus SoloStar,Lantus SoloStar,lantus solostar,BN,48386,0.00046401,0.00046401,0.00046401,0,0.23281659,0.23281659,0.23281659,0,0.0,0.0,0.0,0,0.00019,0.00019,0.00019,0,0.00024,0.00024,0.00024,0
1822,sertraline,correct drug name,IN,high,multi,1822,0,sertraline,sertraline,sertraline,IN,48448,1.346e-05,1.346e-05,1.346e-05,0,0.24979769,0.24979769,0.24979769,0,0.0,0.0,0.0,0,0.00029,0.00029,0.00029,0,0.00432,0.00432,0.00432,0
1824,oxyBUTYnin Chloride,correct drug name,IN,high,multi,1824,0,oxyBUTYnin Chloride,oxyBUTYnin Chloride,oxybutynin chloride,IN,48691,0.99999964,0.99999964,0.99999964,1,0.09212435,0.09212435,0.09212435,0,0.0,0.0,0.0,0,0.00022,0.00022,0.00022,0,0.00643,0.00643,0.00643,0
1825,guaiFENesin ER,correct drug name,BN,high,multi,1825,0,guaiFENesin ER,guaiFENesin ER,guaifenesin er,BN,49113,0.19575396,0.19575396,0.19575396,1,0.32841867,0.32841867,0.32841867,0,0.0,0.0,0.0,0,0.00019,0.00019,0.00019,0,0.0004,0.0004,0.0004,0
1826,pravastatin,correct drug name,IN,high,multi,1826,0,pravastatin,pravastatin,pravastatin,IN,49334,5.353e-05,5.353e-05,5.353e-05,0,0.2217235,0.2217235,0.2217235,0,0.0,0.0,0.0,0,0.00031,0.00031,0.00031,0,0.00067,0.00067,0.00067,0
1827,Aricept,correct drug name,BN,high,multi,1827,0,Aricept,Aricept,aricept,BN,49576,3.37e-06,3.37e-06,3.37e-06,0,0.17031667,0.17031667,0.17031667,0,0.0,0.0,0.0,0,0.98582,0.98582,0.98582,1,0.00023,0.00023,0.00023,0
1828,dexamethasone,correct drug name,IN,high,multi,1828,0,dexamethasone,dexamethasone,dexamethasone,IN,50216,2.884e-05,2.884e-05,2.884e-05,0,0.48599899,0.48599899,0.48599899,1,0.0,0.0,0.0,0,0.00224,0.00224,0.00224,0,0.00046,0.00046,0.00046,0
1829,Pneumovax 23,correct drug name,BN,high,multi,1829,0,Pneumovax 23,Pneumovax 23,pneumovax 23,BN,50382,3.545e-05,3.545e-05,3.545e-05,0,0.50551754,0.50551754,0.50551754,1,0.0,0.0,0.0,0,0.5492,0.5492,0.5492,1,0.001,0.001,0.001,0
1830,simethicone,correct drug name,IN,high,multi,1830,0,simethicone,simethicone,simethicone,IN,50985,0.00034645,0.00034645,0.00034645,0,0.48459205,0.48459205,0.48459205,1,0.0,0.0,0.0,0,0.0007,0.0007,0.0007,0,0.00029,0.00029,0.00029,0
1831,sennosides-docusate sodium,correct drug name,IN,high,multi,1831,0,sennosides-docusate sodium,sennosides-docusate sodium,sennosides-docusate sodium,IN,51132,0.00071361,0.00071361,0.00071361,0,0.23423858,0.23423858,0.23423858,0,1.0,0.0,0.0,1,0.00022,0.00022,0.00022,0,0.00032,0.00032,0.00032,0
1833,Amiodarone HCl,correct drug name,IN,high,multi,1833,0,Amiodarone HCl,Amiodarone HCl,amiodarone hcl,IN,51770,0.99998975,0.99998975,0.99998975,1,0.08636975,0.08636975,0.08636975,0,0.0,0.0,0.0,0,0.00032,0.00032,0.00032,0,0.00032,0.00032,0.00032,0
1834,Methocarbamol,correct drug name,IN,high,multi,1834,0,Methocarbamol,Methocarbamol,methocarbamol,IN,51853,1.42e-06,1.42e-06,1.42e-06,0,0.27640581,0.27640581,0.27640581,0,0.0,0.0,0.0,0,0.00062,0.00062,0.00062,0,0.00082,0.00082,0.00082,0
1835,QUEtiapine Fumarate,correct drug name,IN,high,multi,1835,0,QUEtiapine Fumarate,QUEtiapine Fumarate,quetiapine fumarate,IN,52128,0.9997825,0.9997825,0.9997825,1,0.09384798,0.09384798,0.09384798,0,0.0,0.0,0.0,0,0.00017,0.00017,0.00017,0,0.00057,0.00057,0.00057,0
1836,Cyclobenzaprine HCl,correct drug name,IN,high,multi,1836,0,Cyclobenzaprine HCl,Cyclobenzaprine HCl,cyclobenzaprine hcl,IN,52304,0.99999952,0.99999952,0.99999952,1,0.04136259,0.04136259,0.04136259,0,0.0,0.0,0.0,0,0.00058,0.00058,0.00058,0,0.00369,0.00369,0.00369,0
1837,Tums,correct drug name,BN,high,multi,1837,0,Tums,Tums,tums,BN,52585,1.091e-05,1.091e-05,1.091e-05,0,0.68851489,0.68851489,0.68851489,1,0.0,0.0,0.0,0,0.00024,0.00024,0.00024,0,0.00047,0.00047,0.00047,0
1838,Ciprofloxacin HCl,correct drug name,IN,high,multi,1838,0,Ciprofloxacin HCl,Ciprofloxacin HCl,ciprofloxacin hcl,IN,53040,0.99999988,0.99999988,0.99999988,1,0.10248079,0.10248079,0.10248079,0,0.0,0.0,0.0,0,0.00165,0.00165,0.00165,0,0.07743,0.07743,0.07743,0
1839,cefTRIAXone Sodium,correct drug name,IN,high,multi,1839,0,cefTRIAXone Sodium,cefTRIAXone Sodium,ceftriaxone sodium,IN,53122,0.9996407,0.9996407,0.9996407,1,0.20766999,0.20766999,0.20766999,0,0.0,0.0,0.0,0,0.00097,0.00097,0.00097,0,0.00025,0.00025,0.00025,0
1840,Benzonatate,correct drug name,IN,high,multi,1840,0,Benzonatate,Benzonatate,benzonatate,IN,53123,0.99997616,0.99997616,0.99997616,1,0.2525748,0.2525748,0.2525748,0,0.0,0.0,0.0,0,0.00103,0.00103,0.00103,0,0.00034,0.00034,0.00034,0
1842,calcium carbonate,correct drug name,IN,high,multi,1842,0,calcium carbonate,calcium carbonate,calcium carbonate,IN,53707,0.000119,0.000119,0.000119,0,0.48137853,0.48137853,0.48137853,1,0.0,0.0,0.0,0,0.00038,0.00038,0.00038,0,0.00022,0.00022,0.00022,0
1844,Lantus,correct drug name,BN,high,multi,1844,0,Lantus,Lantus,lantus,BN,53935,0.90136504,0.90136504,0.90136504,1,0.27974388,0.27974388,0.27974388,0,0.0,0.0,0.0,0,0.00033,0.00033,0.00033,0,0.00045,0.00045,0.00045,0
1845,Artificial Tears,correct drug name,BN,high,multi,1845,0,Artificial Tears,Artificial Tears,artificial tears,BN,54271,0.99999964,0.99999964,0.99999964,1,0.4620333,0.4620333,0.4620333,1,0.0,0.0,0.0,0,0.00019,0.00019,0.00019,0,0.00024,0.00024,0.00024,0
1846,ProAir HFA,correct drug name,BN,high,multi,1846,0,ProAir HFA,ProAir HFA,proair hfa,BN,54908,0.99999976,0.99999976,0.99999976,1,0.15273453,0.15273453,0.15273453,0,0.0,0.0,0.0,0,0.00069,0.00069,0.00069,0,0.00068,0.00068,0.00068,0
1847,Ventolin HFA,correct drug name,BN,high,multi,1847,0,Ventolin HFA,Ventolin HFA,ventolin hfa,BN,55111,3.96e-06,3.96e-06,3.96e-06,0,0.22819282,0.22819282,0.22819282,0,0.0,0.0,0.0,0,0.00101,0.00101,0.00101,0,0.00071,0.00071,0.00071,0
1848,Donepezil HCl,correct drug name,IN,high,multi,1848,0,Donepezil HCl,Donepezil HCl,donepezil hcl,IN,55741,0.99999917,0.99999917,0.99999917,1,0.067178,0.067178,0.067178,0,0.0,0.0,0.0,0,0.00017,0.00017,0.00017,0,0.00036,0.00036,0.00036,0
1849,busPIRone HCl,correct drug name,IN,high,multi,1849,0,busPIRone HCl,busPIRone HCl,buspirone hcl,IN,56329,0.99968708,0.99968708,0.99968708,1,0.03689034,0.03689034,0.03689034,0,0.0,0.0,0.0,0,0.00061,0.00061,0.00061,0,0.02046,0.02046,0.02046,0
1850,losartan,correct drug name,IN,high,multi,1850,0,losartan,losartan,losartan,IN,56669,1.656e-05,1.656e-05,1.656e-05,0,0.15721874,0.15721874,0.15721874,0,0.0,0.0,0.0,0,0.00036,0.00036,0.00036,0,0.00035,0.00035,0.00035,0
1851,Glucagon Emergency,correct drug name,"BN,IN",high,multi,1851,0,Glucagon Emergency,Glucagon Emergency,glucagon emergency,"BN, IN",56884,0.99999988,0.99999988,0.99999988,1,0.21333477,0.21333477,0.21333477,0,0.0,0.0,0.0,0,0.00021,0.00021,0.00021,0,0.00047,0.00047,0.00047,0
1852,Insulin Lispro,correct drug name,IN,high,multi,1852,0,Insulin Lispro,Insulin Lispro,insulin lispro,IN,57110,0.99999976,0.99999976,0.99999976,1,0.20764861,0.20764861,0.20764861,0,0.0,0.0,0.0,0,0.00019,0.00019,0.00019,0,0.00024,0.00024,0.00024,0
1853,Acidophilus,correct drug name,IN,high,multi,1853,0,Acidophilus,Acidophilus,acidophilus,IN,57189,0.07914088,0.07914088,0.07914088,0,0.41647103,0.41647103,0.41647103,1,0.0,0.0,0.0,0,0.00232,0.00232,0.00232,0,0.0006,0.0006,0.0006,0
1854,Voltaren,correct drug name,BN,high,multi,1854,0,Voltaren,Voltaren,voltaren,BN,57478,1.345e-05,1.345e-05,1.345e-05,0,0.09712522,0.09712522,0.09712522,0,0.0,0.0,0.0,0,0.00048,0.00048,0.00048,0,0.00051,0.00051,0.00051,0
1855,DULoxetine HCl,correct drug name,IN,high,multi,1855,0,DULoxetine HCl,DULoxetine HCl,duloxetine hcl,IN,58337,0.4200469,0.4200469,0.4200469,1,0.05325443,0.05325443,0.05325443,0,0.0,0.0,0.0,0,0.00025,0.00025,0.00025,0,0.01805,0.01805,0.01805,0
1856,Insulin Glargine,correct drug name,IN,high,multi,1856,0,Insulin Glargine,Insulin Glargine,insulin glargine,IN,58744,0.99998248,0.99998248,0.99998248,1,0.20280714,0.20280714,0.20280714,0,0.0,0.0,0.0,0,0.00018,0.00018,0.00018,0,0.00023,0.00023,0.00023,0
1857,Xanax,correct drug name,BN,high,multi,1857,0,Xanax,Xanax,xanax,BN,58785,2.67e-06,2.67e-06,2.67e-06,0,0.21139869,0.21139869,0.21139869,0,1.0,1.0,0.25,1,0.00042,0.00042,0.00042,0,0.0154,0.0154,0.0154,0
1858,Coumadin,correct drug name,BN,high,multi,1858,0,Coumadin,Coumadin,coumadin,BN,59677,0.99999762,0.99999762,0.99999762,1,0.44883493,0.44883493,0.44883493,1,0.0,0.0,0.0,0,0.00033,0.00033,0.00033,0,0.00034,0.00034,0.00034,0
1861,Lexapro,correct drug name,BN,high,multi,1861,0,Lexapro,Lexapro,lexapro,BN,60279,6.259e-05,6.259e-05,6.259e-05,0,0.1594864,0.1594864,0.1594864,0,1.0,3.0,0.75,1,0.00495,0.00495,0.00495,0,0.00137,0.00137,0.00137,0
1862,Loperamide HCl,correct drug name,IN,high,multi,1862,0,Loperamide HCl,Loperamide HCl,loperamide hcl,IN,60654,0.92890024,0.92890024,0.92890024,1,0.06141917,0.06141917,0.06141917,0,0.0,0.0,0.0,0,0.00127,0.00127,0.00127,0,0.00086,0.00086,0.00086,0
1863,tamsulosin,correct drug name,IN,high,multi,1863,0,tamsulosin,tamsulosin,tamsulosin,IN,61391,1.832e-05,1.832e-05,1.832e-05,0,0.20129515,0.20129515,0.20129515,0,0.0,0.0,0.0,0,0.00016,0.00016,0.00016,0,0.0017,0.0017,0.0017,0
1864,Diflucan,correct drug name,BN,high,multi,1864,0,Diflucan,Diflucan,diflucan,BN,61635,8.41e-06,8.41e-06,8.41e-06,0,0.17195103,0.17195103,0.17195103,0,0.0,0.0,0.0,0,0.00103,0.00103,0.00103,0,0.0004,0.0004,0.0004,0
1865,Torsemide,correct drug name,IN,high,multi,1865,0,Torsemide,Torsemide,torsemide,IN,61670,9.5e-07,9.5e-07,9.5e-07,0,0.1995817,0.1995817,0.1995817,0,0.0,0.0,0.0,0,0.0013,0.0013,0.0013,0,0.00043,0.00043,0.00043,0
1866,Xarelto,correct drug name,BN,high,multi,1866,0,Xarelto,Xarelto,xarelto,BN,61775,5.611e-05,5.611e-05,5.611e-05,0,0.11164343,0.11164343,0.11164343,0,0.0,0.0,0.0,0,0.00079,0.00079,0.00079,0,0.01435,0.01435,0.01435,0
1867,Baclofen,correct drug name,IN,high,multi,1867,0,Baclofen,Baclofen,baclofen,IN,62076,0.00613674,0.00613674,0.00613674,0,0.29809514,0.29809514,0.29809514,0,0.0,0.0,0.0,0,0.00056,0.00056,0.00056,0,0.00114,0.00114,0.00114,0
1869,cloNIDine HCl,correct drug name,IN,high,multi,1869,0,cloNIDine HCl,cloNIDine HCl,clonidine hcl,IN,62365,0.99999964,0.99999964,0.99999964,1,0.06414554,0.06414554,0.06414554,0,0.0,0.0,0.0,0,0.00064,0.00064,0.00064,0,0.00128,0.00128,0.00128,0
1870,Thiamine HCl,correct drug name,IN,high,multi,1870,0,Thiamine HCl,Thiamine HCl,thiamine hcl,IN,62375,0.99999988,0.99999988,0.99999988,1,0.31500736,0.31500736,0.31500736,0,0.0,0.0,0.0,0,0.00027,0.00027,0.00027,0,0.00052,0.00052,0.00052,0
1871,Enoxaparin Sodium,correct drug name,IN,high,multi,1871,0,Enoxaparin Sodium,Enoxaparin Sodium,enoxaparin sodium,IN,62722,2.109e-05,2.109e-05,2.109e-05,0,0.12876791,0.12876791,0.12876791,0,0.0,0.0,0.0,0,0.00067,0.00067,0.00067,0,0.00031,0.00031,0.00031,0
1873,Lovenox,correct drug name,BN,high,multi,1873,0,Lovenox,Lovenox,lovenox,BN,62957,1.847e-05,1.847e-05,1.847e-05,0,0.22969192,0.22969192,0.22969192,0,0.0,0.0,0.0,0,0.00028,0.00028,0.00028,0,0.00051,0.00051,0.00051,0
1874,morphine concentrate,correct drug name,IN,high,multi,1874,0,morphine concentrate,morphine concentrate,morphine concentrate,IN,63167,0.00010993,0.00010993,0.00010993,0,0.37774727,0.37774727,0.37774727,0,0.0,0.0,0.0,0,0.0003,0.0003,0.0003,0,0.00047,0.00047,0.00047,0
1875,Senna Plus,correct drug name,BN,high,multi,1875,0,Senna Plus,Senna Plus,senna plus,BN,63245,0.25177023,0.25177023,0.25177023,1,0.29142514,0.29142514,0.29142514,0,0.0,0.0,0.0,0,0.00202,0.00202,0.00202,0,0.00032,0.00032,0.00032,0
1876,Plavix,correct drug name,BN,high,multi,1876,0,Plavix,Plavix,plavix,BN,63662,0.99952149,0.99952149,0.99952149,1,0.23076351,0.23076351,0.23076351,0,1.0,3.0,0.75,1,0.00031,0.00031,0.00031,0,0.00035,0.00035,0.00035,0
1877,Synthroid,correct drug name,BN,high,multi,1877,0,Synthroid,Synthroid,synthroid,BN,63791,9.81e-06,9.81e-06,9.81e-06,0,0.16076902,0.16076902,0.16076902,0,0.0,0.0,0.0,0,0.00159,0.00159,0.00159,0,0.00095,0.00095,0.00095,0
1878,Remeron,correct drug name,BN,high,multi,1878,0,Remeron,Remeron,remeron,BN,65890,0.99999774,0.99999774,0.99999774,1,0.17981006,0.17981006,0.17981006,0,0.0,0.0,0.0,0,0.00028,0.00028,0.00028,0,0.00034,0.00034,0.00034,0
1879,levoFLOXacin,correct drug name,IN,high,multi,1879,0,levoFLOXacin,levoFLOXacin,levofloxacin,IN,65902,0.98018861,0.98018861,0.98018861,1,0.21162751,0.21162751,0.21162751,0,0.0,0.0,0.0,0,0.00022,0.00022,0.00022,0,0.00041,0.00041,0.00041,0
1880,amoxicillin-pot clavulanate,correct drug name,IN,high,multi,1880,0,amoxicillin-pot clavulanate,amoxicillin-pot clavulanate,amoxicillin-pot clavulanate,IN,66081,0.00085176,0.00085176,0.00085176,0,0.20203178,0.20203178,0.20203178,0,1.0,0.0,0.0,1,0.99774,0.99774,0.99774,1,0.00326,0.00326,0.00326,0
1881,Zoloft,correct drug name,BN,high,multi,1881,0,Zoloft,Zoloft,zoloft,BN,66278,0.9999994,0.9999994,0.9999994,1,0.14339174,0.14339174,0.14339174,0,0.0,0.0,0.0,0,0.00022,0.00022,0.00022,0,0.00064,0.00064,0.00064,0
1882,latanoprost,correct drug name,IN,high,multi,1882,0,latanoprost,latanoprost,latanoprost,IN,67229,3.263e-05,3.263e-05,3.263e-05,0,0.21719837,0.21719837,0.21719837,0,0.0,0.0,0.0,0,0.00039,0.00039,0.00039,0,0.0003,0.0003,0.0003,0
1883,oxycodone,correct drug name,IN,high,multi,1883,0,oxycodone,oxycodone,oxycodone,IN,68467,5.24e-06,5.24e-06,5.24e-06,0,0.47966161,0.47966161,0.47966161,1,0.0,0.0,0.0,0,0.00026,0.00026,0.00026,0,0.00027,0.00027,0.00027,0
1884,Polyethylene Glycol,correct drug name,IN,high,multi,1884,0,Polyethylene Glycol,Polyethylene Glycol,polyethylene glycol,IN,69749,0.99999952,0.99999952,0.99999952,1,0.47935998,0.47935998,0.47935998,1,0.0,0.0,0.0,0,0.00299,0.00299,0.00299,0,0.00041,0.00041,0.00041,0
1885,Percocet,correct drug name,BN,high,multi,1885,0,Percocet,Percocet,percocet,BN,69772,0.9524712,0.9524712,0.9524712,1,0.34358865,0.34358865,0.34358865,0,0.0,0.0,0.0,0,0.00018,0.00018,0.00018,0,0.00024,0.00024,0.00024,0
1886,alprazolam,correct drug name,IN,high,multi,1886,0,alprazolam,alprazolam,alprazolam,IN,70108,5.13e-06,5.13e-06,5.13e-06,0,0.12398405,0.12398405,0.12398405,0,0.0,0.0,0.0,0,0.00027,0.00027,0.00027,0,0.05401,0.05401,0.05401,0
1887,trazodone,correct drug name,IN,high,multi,1887,0,trazodone,trazodone,trazodone,IN,70371,3.6e-06,3.6e-06,3.6e-06,0,0.30183721,0.30183721,0.30183721,0,0.0,0.0,0.0,0,0.00235,0.00235,0.00235,0,0.00054,0.00054,0.00054,0
1889,Triamcinolone Acetonide,correct drug name,IN,high,multi,1889,0,Triamcinolone Acetonide,Triamcinolone Acetonide,triamcinolone acetonide,IN,71455,0.33870924,0.33870924,0.33870924,1,0.11882503,0.11882503,0.11882503,0,0.0,0.0,0.0,0,0.00162,0.00162,0.00162,0,0.00081,0.00081,0.00081,0
1890,Imodium A-D,correct drug name,BN,high,multi,1890,0,Imodium A-D,Imodium A-D,imodium a-d,BN,71644,4.903e-05,4.903e-05,4.903e-05,0,0.26599368,0.26599368,0.26599368,0,0.0,0.0,0.0,0,0.00047,0.00047,0.00047,0,0.00038,0.00038,0.00038,0
1891,Zinc Sulfate,correct drug name,IN,high,multi,1891,0,Zinc Sulfate,Zinc Sulfate,zinc sulfate,IN,71989,0.9999994,0.9999994,0.9999994,1,0.25420561,0.25420561,0.25420561,0,0.0,0.0,0.0,0,0.00024,0.00024,0.00024,0,0.00037,0.00037,0.00037,0
1892,Escitalopram Oxalate,correct drug name,IN,high,multi,1892,0,Escitalopram Oxalate,Escitalopram Oxalate,escitalopram oxalate,IN,72429,0.02913536,0.02913536,0.02913536,0,0.09732143,0.09732143,0.09732143,0,0.0,0.0,0.0,0,0.00026,0.00026,0.00026,0,0.00278,0.00278,0.00278,0
1893,Biscolax,correct drug name,BN,high,multi,1893,0,Biscolax,Biscolax,biscolax,BN,72600,0.00775757,0.00775757,0.00775757,0,0.22423375,0.22423375,0.22423375,0,1.0,2.0,0.5,1,0.96353,0.96353,0.96353,1,0.99747,0.99747,0.99747,1
1894,Vitamin C,correct drug name,IN,high,multi,1894,0,Vitamin C,Vitamin C,vitamin c,IN,74789,0.99993789,0.99993789,0.99993789,1,0.39257392,0.39257392,0.39257392,1,0.0,0.0,0.0,0,0.01578,0.01578,0.01578,0,0.00038,0.00038,0.00038,0
1895,Lipitor,correct drug name,BN,high,multi,1895,0,Lipitor,Lipitor,lipitor,BN,75122,0.00045931,0.00045931,0.00045931,0,0.22255054,0.22255054,0.22255054,0,0.0,0.0,0.0,0,0.00022,0.00022,0.00022,0,0.01185,0.01185,0.01185,0
1896,SEROquel,correct drug name,BN,high,multi,1896,0,SEROquel,SEROquel,seroquel,BN,75827,0.82173049,0.82173049,0.82173049,1,0.22292934,0.22292934,0.22292934,0,0.0,0.0,0.0,0,0.00114,0.00114,0.00114,0,0.00026,0.00026,0.00026,0
1897,Diclofenac Sodium,correct drug name,IN,high,multi,1897,0,Diclofenac Sodium,Diclofenac Sodium,diclofenac sodium,IN,76259,0.04497682,0.04497682,0.04497682,0,0.15400401,0.15400401,0.15400401,0,0.0,0.0,0.0,0,0.00047,0.00047,0.00047,0,0.00027,0.00027,0.00027,0
1898,hydroCHLOROthiazide,correct drug name,IN,high,multi,1898,0,hydroCHLOROthiazide,hydroCHLOROthiazide,hydrochlorothiazide,IN,76620,0.16611136,0.16611136,0.16611136,1,0.15973115,0.15973115,0.15973115,0,0.0,0.0,0.0,0,0.00024,0.00024,0.00024,0,0.00059,0.00059,0.00059,0
1899,Cefdinir,correct drug name,IN,high,multi,1899,0,Cefdinir,Cefdinir,cefdinir,IN,76840,0.99999952,0.99999952,0.99999952,1,0.1478442,0.1478442,0.1478442,0,0.0,0.0,0.0,0,0.00248,0.00248,0.00248,0,0.00878,0.00878,0.00878,0
1900,hydrOXYzine HCl,correct drug name,IN,high,multi,1900,0,hydrOXYzine HCl,hydrOXYzine HCl,hydroxyzine hcl,IN,77072,0.99999976,0.99999976,0.99999976,1,0.04384866,0.04384866,0.04384866,0,0.0,0.0,0.0,0,0.00141,0.00141,0.00141,0,0.00054,0.00054,0.00054,0
1901,hydrALAZINE HCl,correct drug name,IN,high,multi,1901,0,hydrALAZINE HCl,hydrALAZINE HCl,hydralazine hcl,IN,77145,0.99999988,0.99999988,0.99999988,1,0.10410777,0.10410777,0.10410777,0,0.0,0.0,0.0,0,0.00029,0.00029,0.00029,0,0.00065,0.00065,0.00065,0
1902,Humalog,correct drug name,BN,high,multi,1902,0,Humalog,Humalog,humalog,BN,77870,0.01929329,0.01929329,0.01929329,0,0.37173495,0.37173495,0.37173495,0,0.0,0.0,0.0,0,0.00017,0.00017,0.00017,0,0.00055,0.00055,0.00055,0
1903,oxyCODONE-Acetaminophen,correct drug name,IN,high,multi,1903,0,oxyCODONE-Acetaminophen,oxyCODONE-Acetaminophen,oxycodone-acetaminophen,IN,78664,0.99986458,0.99986458,0.99986458,1,0.32385132,0.32385132,0.32385132,0,1.0,0.0,0.0,1,0.00031,0.00031,0.00031,0,0.00022,0.00022,0.00022,0
1905,hydrocortisone,correct drug name,IN,high,multi,1905,0,hydrocortisone,hydrocortisone,hydrocortisone,IN,79336,2.075e-05,2.075e-05,2.075e-05,0,0.58301002,0.58301002,0.58301002,1,0.0,0.0,0.0,0,0.00377,0.00377,0.00377,0,0.00557,0.00557,0.00557,0
1906,Macrobid,correct drug name,BN,high,multi,1906,0,Macrobid,Macrobid,macrobid,BN,81940,0.00012886,0.00012886,0.00012886,0,0.18782911,0.18782911,0.18782911,0,1.0,3.0,0.75,1,0.00022,0.00022,0.00022,0,0.9441,0.9441,0.9441,1
1908,Azithromycin,correct drug name,IN,high,multi,1908,0,Azithromycin,Azithromycin,azithromycin,IN,82132,7.04e-06,7.04e-06,7.04e-06,0,0.18826978,0.18826978,0.18826978,0,0.0,0.0,0.0,0,0.00033,0.00033,0.00033,0,0.00061,0.00061,0.00061,0
1909,Vitamin D3 (cholecalciferol (vitamin d3)),correct drug name,IN,high,multi,1909,0,Vitamin D3 (cholecalciferol (vitamin d3)),Vitamin D3 (cholecalciferol (vitamin d3)),vitamin d3 (cholecalciferol (vitamin d3)),IN,82747,0.4800972,0.4800972,0.4800972,1,0.4831751,0.4831751,0.4831751,1,1.0,3.0,0.75,1,0.99302,0.99302,0.99302,1,0.05569,0.05569,0.05569,0
1910,Sodium Chloride,correct drug name,IN,high,multi,1910,0,Sodium Chloride,Sodium Chloride,sodium chloride,IN,87074,0.99017054,0.99017054,0.99017054,1,0.41408494,0.41408494,0.41408494,1,0.0,0.0,0.0,0,0.00036,0.00036,0.00036,0,0.00034,0.00034,0.00034,0
1911,Clopidogrel Bisulfate,correct drug name,IN,high,multi,1911,0,Clopidogrel Bisulfate,Clopidogrel Bisulfate,clopidogrel bisulfate,IN,87289,0.00010322,0.00010322,0.00010322,0,0.05822125,0.05822125,0.05822125,0,0.0,0.0,0.0,0,0.00057,0.00057,0.00057,0,0.00049,0.00049,0.00049,0
1912,Ibuprofen,correct drug name,IN,high,multi,1912,0,Ibuprofen,Ibuprofen,ibuprofen,IN,87418,1.71e-06,1.71e-06,1.71e-06,0,0.47923681,0.47923681,0.47923681,1,0.0,0.0,0.0,0,0.00085,0.00085,0.00085,0,0.00025,0.00025,0.00025,0
1913,Sertraline HCl,correct drug name,IN,high,multi,1913,0,Sertraline HCl,Sertraline HCl,sertraline hcl,IN,87458,0.99999988,0.99999988,0.99999988,1,0.06350727,0.06350727,0.06350727,0,0.0,0.0,0.0,0,0.00025,0.00025,0.00025,0,0.00301,0.00301,0.00301,0
1914,metoprolol succinate,correct drug name,IN,high,multi,1914,0,metoprolol succinate,metoprolol succinate,metoprolol succinate,IN,89924,0.00016303,0.00016303,0.00016303,0,0.2636416,0.2636416,0.2636416,0,0.0,0.0,0.0,0,0.00026,0.00026,0.00026,0,0.00042,0.00042,0.00042,0
1915,spironolactone,correct drug name,IN,high,multi,1915,0,spironolactone,spironolactone,spironolactone,IN,90171,4.553e-05,4.553e-05,4.553e-05,0,0.2131824,0.2131824,0.2131824,0,0.0,0.0,0.0,0,0.00033,0.00033,0.00033,0,0.00037,0.00037,0.00037,0
1916,Lactulose,correct drug name,IN,high,multi,1916,0,Lactulose,Lactulose,lactulose,IN,90563,0.13478342,0.13478342,0.13478342,0,0.56170815,0.56170815,0.56170815,1,0.0,0.0,0.0,0,0.00062,0.00062,0.00062,0,0.00054,0.00054,0.00054,0
1918,Fluticasone Propionate,correct drug name,IN,high,multi,1918,0,Fluticasone Propionate,Fluticasone Propionate,fluticasone propionate,IN,92902,0.99998128,0.99998128,0.99998128,1,0.11594322,0.11594322,0.11594322,0,0.0,0.0,0.0,0,0.00027,0.00027,0.00027,0,0.00046,0.00046,0.00046,0
1920,Allopurinol,correct drug name,IN,high,multi,1920,0,Allopurinol,Allopurinol,allopurinol,IN,93592,0.99997938,0.99997938,0.99997938,1,0.19152959,0.19152959,0.19152959,0,0.0,0.0,0.0,0,0.00029,0.00029,0.00029,0,0.00046,0.00046,0.00046,0
1921,tramadol,correct drug name,IN,high,multi,1921,0,tramadol,tramadol,tramadol,IN,95211,2.056e-05,2.056e-05,2.056e-05,0,0.26549393,0.26549393,0.26549393,0,0.0,0.0,0.0,0,0.00045,0.00045,0.00045,0,0.00047,0.00047,0.00047,0
1922,Nitroglycerin,correct drug name,IN,high,multi,1922,0,Nitroglycerin,Nitroglycerin,nitroglycerin,IN,96569,4.573e-05,4.573e-05,4.573e-05,0,0.26563564,0.26563564,0.26563564,0,0.0,0.0,0.0,0,0.00073,0.00073,0.00073,0,0.0005,0.0005,0.0005,0
1923,Mucinex,correct drug name,BN,high,multi,1923,0,Mucinex,Mucinex,mucinex,BN,97460,0.0001914,0.0001914,0.0001914,0,0.40264416,0.40264416,0.40264416,1,0.0,0.0,0.0,0,0.00034,0.00034,0.00034,0,0.0003,0.0003,0.0003,0
1924,cephalexin,correct drug name,IN,high,multi,1924,0,cephalexin,cephalexin,cephalexin,IN,98251,1.261e-05,1.261e-05,1.261e-05,0,0.14522734,0.14522734,0.14522734,0,0.0,0.0,0.0,0,0.00031,0.00031,0.00031,0,0.00033,0.00033,0.00033,0
1925,Keflex,correct drug name,BN,high,multi,1925,0,Keflex,Keflex,keflex,BN,98480,8.33e-06,8.33e-06,8.33e-06,0,0.16713393,0.16713393,0.16713393,0,0.0,0.0,0.0,0,0.00035,0.00035,0.00035,0,0.00034,0.00034,0.00034,0
1926,Albuterol Sulfate HFA,correct drug name,BN,high,multi,1926,0,Albuterol Sulfate HFA,Albuterol Sulfate HFA,albuterol sulfate hfa,BN,100588,0.99904233,0.99904233,0.99904233,1,0.1153707,0.1153707,0.1153707,0,0.0,0.0,0.0,0,0.00048,0.00048,0.00048,0,0.00036,0.00036,0.00036,0
1927,Levaquin,correct drug name,BN,high,multi,1927,0,Levaquin,Levaquin,levaquin,BN,101739,0.00031931,0.00031931,0.00031931,0,0.30181706,0.30181706,0.30181706,0,0.0,0.0,0.0,0,0.00025,0.00025,0.00025,0,0.00153,0.00153,0.00153,0
1928,Tylenol Extra Strength,correct drug name,BN,high,multi,1928,0,Tylenol Extra Strength,Tylenol Extra Strength,tylenol extra strength,BN,102020,0.99999976,0.99999976,0.99999976,1,0.60751605,0.60751605,0.60751605,1,0.0,0.0,0.0,0,0.00017,0.00017,0.00017,0,0.00022,0.00022,0.00022,0
1930,Tamsulosin HCl,correct drug name,IN,high,multi,1930,0,Tamsulosin HCl,Tamsulosin HCl,tamsulosin hcl,IN,105216,0.99998915,0.99998915,0.99998915,1,0.04305379,0.04305379,0.04305379,0,0.0,0.0,0.0,0,0.00018,0.00018,0.00018,0,0.00122,0.00122,0.00122,0
1931,magnesium oxide,correct drug name,IN,high,multi,1931,0,magnesium oxide,magnesium oxide,magnesium oxide,IN,105770,0.00025391,0.00025391,0.00025391,0,0.51638895,0.51638895,0.51638895,1,0.0,0.0,0.0,0,0.00026,0.00026,0.00026,0,0.00045,0.00045,0.00045,0
1932,Bactrim DS,correct drug name,BN,high,multi,1932,0,Bactrim DS,Bactrim DS,bactrim ds,BN,107020,1.111e-05,1.111e-05,1.111e-05,0,0.26015475,0.26015475,0.26015475,0,0.0,0.0,0.0,0,0.00189,0.00189,0.00189,0,0.00072,0.00072,0.00072,0
1933,simvastatin,correct drug name,IN,high,multi,1933,0,simvastatin,simvastatin,simvastatin,IN,107043,2.897e-05,2.897e-05,2.897e-05,0,0.15875509,0.15875509,0.15875509,0,0.0,0.0,0.0,0,0.00033,0.00033,0.00033,0,0.00048,0.00048,0.00048,0
1935,Losartan Potassium,correct drug name,IN,high,multi,1935,0,Losartan Potassium,Losartan Potassium,losartan potassium,IN,109684,0.00039047,0.00039047,0.00039047,0,0.10290992,0.10290992,0.10290992,0,0.0,0.0,0.0,0,0.00024,0.00024,0.00024,0,0.0003,0.0003,0.0003,0
1936,guaiFENesin,correct drug name,IN,high,multi,1936,0,guaiFENesin,guaiFENesin,guaifenesin,IN,110463,0.01665406,0.01665406,0.01665406,0,0.25625536,0.25625536,0.25625536,0,0.0,0.0,0.0,0,0.0002,0.0002,0.0002,0,0.00069,0.00069,0.00069,0
1937,ondansetron,correct drug name,IN,high,multi,1937,0,ondansetron,ondansetron,ondansetron,IN,111242,4.191e-05,4.191e-05,4.191e-05,0,0.1844866,0.1844866,0.1844866,0,0.0,0.0,0.0,0,0.00032,0.00032,0.00032,0,0.00055,0.00055,0.00055,0
1938,levothyroxine,correct drug name,IN,high,multi,1938,0,levothyroxine,levothyroxine,levothyroxine,IN,111706,0.00042238,0.00042238,0.00042238,0,0.24419773,0.24419773,0.24419773,0,0.0,0.0,0.0,0,0.00022,0.00022,0.00022,0,0.00041,0.00041,0.00041,0
1939,metFORMIN HCl,correct drug name,IN,high,multi,1939,0,metFORMIN HCl,metFORMIN HCl,metformin hcl,IN,111745,0.99999845,0.99999845,0.99999845,1,0.14296857,0.14296857,0.14296857,0,0.0,0.0,0.0,0,0.00019,0.00019,0.00019,0,0.00092,0.00092,0.00092,0
1940,amlodipine,correct drug name,IN,high,multi,1940,0,amlodipine,amlodipine,amlodipine,IN,112538,6.746e-05,6.746e-05,6.746e-05,0,0.5167371,0.5167371,0.5167371,1,0.0,0.0,0.0,0,0.00032,0.00032,0.00032,0,0.00048,0.00048,0.00048,0
1941,Multivitamin,correct drug name,IN,high,multi,1941,0,Multivitamin,Multivitamin,multivitamin,IN,113572,1.8e-05,1.8e-05,1.8e-05,0,0.89646745,0.89646745,0.89646745,1,0.0,0.0,0.0,0,0.00049,0.00049,0.00049,0,0.00043,0.00043,0.00043,0
1942,ascorbic acid,correct drug name,IN,high,multi,1942,0,ascorbic acid,ascorbic acid,ascorbic acid,IN,113642,0.0003784,0.0003784,0.0003784,0,0.32420531,0.32420531,0.32420531,0,0.0,0.0,0.0,0,0.0002,0.0002,0.0002,0,0.00044,0.00044,0.00044,0
1943,Cipro,correct drug name,BN,high,multi,1943,0,Cipro,Cipro,cipro,BN,115075,0.99993503,0.99993503,0.99993503,1,0.21674785,0.21674785,0.21674785,0,0.0,0.0,0.0,0,0.00083,0.00083,0.00083,0,0.00457,0.00457,0.00457,0
1944,Morphine Sulfate (Concentrate),correct drug name,IN,high,multi,1944,0,Morphine Sulfate (Concentrate),Morphine Sulfate (Concentrate),morphine sulfate (concentrate),IN,117266,0.99998105,0.99998105,0.99998105,1,0.276669,0.276669,0.276669,0,0.0,0.0,0.0,0,0.00019,0.00019,0.00019,0,0.00024,0.00024,0.00024,0
1945,traZODone HCl,correct drug name,IN,high,multi,1945,0,traZODone HCl,traZODone HCl,trazodone hcl,IN,122712,0.99999213,0.99999213,0.99999213,1,0.04947243,0.04947243,0.04947243,0,0.0,0.0,0.0,0,0.00071,0.00071,0.00071,0,0.00076,0.00076,0.00076,0
1946,Metoprolol Succinate ER,correct drug name,BN,high,multi,1946,0,Metoprolol Succinate ER,Metoprolol Succinate ER,metoprolol succinate er,BN,125100,0.97179383,0.97179383,0.97179383,1,0.25998005,0.25998005,0.25998005,0,0.0,0.0,0.0,0,0.0002,0.0002,0.0002,0,0.00039,0.00039,0.00039,0
1947,Aspirin EC,correct drug name,BN,high,multi,1947,0,Aspirin EC,Aspirin EC,aspirin ec,BN,126292,0.25609219,0.25609219,0.25609219,1,0.36824548,0.36824548,0.36824548,0,0.0,0.0,0.0,0,0.0042,0.0042,0.0042,0,0.00042,0.00042,0.00042,0
1948,doxycycline hyclate,correct drug name,IN,high,multi,1948,0,doxycycline hyclate,doxycycline hyclate,doxycycline hyclate,IN,131187,3.36e-06,3.36e-06,3.36e-06,0,0.14537714,0.14537714,0.14537714,0,0.0,0.0,0.0,0,0.00081,0.00081,0.00081,0,0.00053,0.00053,0.00053,0
1949,Vitamin D3,correct drug name,IN,high,multi,1949,0,Vitamin D3,Vitamin D3,vitamin d3,IN,132147,0.99999952,0.99999952,0.99999952,1,0.4831751,0.4831751,0.4831751,1,0.0,0.0,0.0,0,0.03694,0.03694,0.03694,0,0.00041,0.00041,0.00041,0
1950,Mirtazapine,correct drug name,IN,high,multi,1950,0,Mirtazapine,Mirtazapine,mirtazapine,IN,134736,0.99995697,0.99995697,0.99995697,1,0.1626405,0.1626405,0.1626405,0,0.0,0.0,0.0,0,0.04198,0.04198,0.04198,0,0.00034,0.00034,0.00034,0
1951,Ondansetron HCl,correct drug name,IN,high,multi,1951,0,Ondansetron HCl,Ondansetron HCl,ondansetron hcl,IN,139925,0.99999869,0.99999869,0.99999869,1,0.03510001,0.03510001,0.03510001,0,0.0,0.0,0.0,0,0.00029,0.00029,0.00029,0,0.00052,0.00052,0.00052,0
1953,Folic Acid,correct drug name,IN,high,multi,1953,0,Folic Acid,Folic Acid,folic acid,IN,140396,0.99997628,0.99997628,0.99997628,1,0.26757932,0.26757932,0.26757932,0,0.0,0.0,0.0,0,0.0008,0.0008,0.0008,0,0.00034,0.00034,0.00034,0
1954,Lidocaine,correct drug name,IN,high,multi,1954,0,Lidocaine,Lidocaine,lidocaine,IN,141844,0.00063947,0.00063947,0.00063947,0,0.46748069,0.46748069,0.46748069,1,0.0,0.0,0.0,0,0.01371,0.01371,0.01371,0,0.00129,0.00129,0.00129,0
1955,Famotidine,correct drug name,IN,high,multi,1955,0,Famotidine,Famotidine,famotidine,IN,149694,4.512e-05,4.512e-05,4.512e-05,0,0.25182164,0.25182164,0.25182164,0,0.0,0.0,0.0,0,0.00042,0.00042,0.00042,0,0.0022,0.0022,0.0022,0
1956,Pantoprazole Sodium,correct drug name,IN,high,multi,1956,0,Pantoprazole Sodium,Pantoprazole Sodium,pantoprazole sodium,IN,150649,0.0299945,0.0299945,0.0299945,0,0.32777765,0.32777765,0.32777765,0,0.0,0.0,0.0,0,0.00022,0.00022,0.00022,0,0.00684,0.00684,0.00684,0
1957,Protonix,correct drug name,BN,high,multi,1957,0,Protonix,Protonix,protonix,BN,151576,4.6e-05,4.6e-05,4.6e-05,0,0.24152598,0.24152598,0.24152598,0,0.0,0.0,0.0,0,0.00022,0.00022,0.00022,0,0.00058,0.00058,0.00058,0
1958,Cyanocobalamin,correct drug name,IN,high,multi,1958,0,Cyanocobalamin,Cyanocobalamin,cyanocobalamin,IN,152972,7.06e-06,7.06e-06,7.06e-06,0,0.23809077,0.23809077,0.23809077,0,0.0,0.0,0.0,0,0.00026,0.00026,0.00026,0,0.00045,0.00045,0.00045,0
1959,Polyethylene Glycol 3350,correct drug name,IN,high,multi,1959,0,Polyethylene Glycol 3350,Polyethylene Glycol 3350,polyethylene glycol 3350,IN,157127,0.99999952,0.99999952,0.99999952,1,0.10337514,0.10337514,0.10337514,0,0.0,0.0,0.0,0,0.00171,0.00171,0.00171,0,0.0093,0.0093,0.0093,0
1960,potassium chloride,correct drug name,IN,high,multi,1960,0,potassium chloride,potassium chloride,potassium chloride,IN,157508,9.784e-05,9.784e-05,9.784e-05,0,0.4775829,0.4775829,0.4775829,1,0.0,0.0,0.0,0,0.00048,0.00048,0.00048,0,0.00033,0.00033,0.00033,0
1961,Zofran,correct drug name,BN,high,multi,1961,0,Zofran,Zofran,zofran,BN,158677,0.92710394,0.92710394,0.92710394,1,0.20267601,0.20267601,0.20267601,0,0.0,0.0,0.0,0,0.00087,0.00087,0.00087,0,0.00051,0.00051,0.00051,0
1962,oxyCODONE HCl,correct drug name,IN,high,multi,1962,0,oxyCODONE HCl,oxyCODONE HCl,oxycodone hcl,IN,160635,0.96252084,0.96252084,0.96252084,1,0.07811071,0.07811071,0.07811071,0,0.0,0.0,0.0,0,0.0002,0.0002,0.0002,0,0.0003,0.0003,0.0003,0
1963,Norco,correct drug name,BN,high,multi,1963,0,Norco,Norco,norco,BN,162851,2.74e-06,2.74e-06,2.74e-06,0,0.20277195,0.20277195,0.20277195,0,0.0,0.0,0.0,0,0.00431,0.00431,0.00431,0,0.00146,0.00146,0.00146,0
1964,carvedilol,correct drug name,IN,high,multi,1964,0,carvedilol,carvedilol,carvedilol,IN,163941,5.12e-06,5.12e-06,5.12e-06,0,0.13744131,0.13744131,0.13744131,0,0.0,0.0,0.0,0,0.00047,0.00047,0.00047,0,0.00051,0.00051,0.00051,0
1965,Colace,correct drug name,BN,high,multi,1965,0,Colace,Colace,colace,BN,167299,1.851e-05,1.851e-05,1.851e-05,0,0.40871441,0.40871441,0.40871441,1,0.0,0.0,0.0,0,0.00048,0.00048,0.00048,0,0.00055,0.00055,0.00055,0
1966,Potassium Chloride ER,correct drug name,BN,high,multi,1966,0,Potassium Chloride ER,Potassium Chloride ER,potassium chloride er,BN,169302,0.99872571,0.99872571,0.99872571,1,0.29173851,0.29173851,0.29173851,0,0.0,0.0,0.0,0,0.00048,0.00048,0.00048,0,0.00028,0.00028,0.00028,0
1967,atorvastatin,correct drug name,IN,high,multi,1967,0,atorvastatin,atorvastatin,atorvastatin,IN,171704,6.59e-06,6.59e-06,6.59e-06,0,0.24333206,0.24333206,0.24333206,0,0.0,0.0,0.0,0,0.0003,0.0003,0.0003,0,0.00102,0.00102,0.00102,0
1969,traMADol HCl,correct drug name,IN,high,multi,1969,0,traMADol HCl,traMADol HCl,tramadol hcl,IN,174363,0.99999809,0.99999809,0.99999809,1,0.05668462,0.05668462,0.05668462,0,0.0,0.0,0.0,0,0.00033,0.00033,0.00033,0,0.00237,0.00237,0.00237,0
1970,predniSONE,correct drug name,IN,high,multi,1970,0,predniSONE,predniSONE,prednisone,IN,185225,0.26481402,0.26481402,0.26481402,1,0.33356509,0.33356509,0.33356509,0,0.0,0.0,0.0,0,0.00073,0.00073,0.00073,0,0.00034,0.00034,0.00034,0
1971,Levothyroxine Sodium,correct drug name,IN,high,multi,1971,0,Levothyroxine Sodium,Levothyroxine Sodium,levothyroxine sodium,IN,188618,0.99999499,0.99999499,0.99999499,1,0.1778788,0.1778788,0.1778788,0,0.0,0.0,0.0,0,0.00021,0.00021,0.00021,0,0.0006,0.0006,0.0006,0
1973,Senna,correct drug name,IN,high,multi,1973,0,Senna,Senna,senna,IN,190267,0.00018742,0.00018742,0.00018742,0,0.52751416,0.52751416,0.52751416,1,0.0,0.0,0.0,0,0.0005,0.0005,0.0005,0,0.00052,0.00052,0.00052,0
1974,lorazepam,correct drug name,IN,high,multi,1974,0,lorazepam,lorazepam,lorazepam,IN,197469,1.384e-05,1.384e-05,1.384e-05,0,0.16279432,0.16279432,0.16279432,0,0.0,0.0,0.0,0,0.00065,0.00065,0.00065,0,0.4089,0.4089,0.4089,0
1976,amLODIPine Besylate,correct drug name,IN,high,multi,1976,0,amLODIPine Besylate,amLODIPine Besylate,amlodipine besylate,IN,211785,0.99999833,0.99999833,0.99999833,1,0.07290301,0.07290301,0.07290301,0,0.0,0.0,0.0,0,0.00016,0.00016,0.00016,0,0.00035,0.00035,0.00035,0
1977,Albuterol Sulfate,correct drug name,IN,high,multi,1977,0,Albuterol Sulfate,Albuterol Sulfate,albuterol sulfate,IN,217513,0.99997437,0.99997437,0.99997437,1,0.18444203,0.18444203,0.18444203,0,0.0,0.0,0.0,0,0.00026,0.00026,0.00026,0,0.00036,0.00036,0.00036,0
1978,nystatin,correct drug name,IN,high,multi,1978,0,nystatin,nystatin,nystatin,IN,221302,4.4e-06,4.4e-06,4.4e-06,0,0.26990354,0.26990354,0.26990354,0,0.0,0.0,0.0,0,0.0005,0.0005,0.0005,0,0.00038,0.00038,0.00038,0
1979,HYDROcodone-Acetaminophen,correct drug name,IN,high,multi,1979,0,HYDROcodone-Acetaminophen,HYDROcodone-Acetaminophen,hydrocodone-acetaminophen,IN,223678,0.99998891,0.99998891,0.99998891,1,0.33033204,0.33033204,0.33033204,0,1.0,0.0,0.0,1,0.00067,0.00067,0.00067,0,0.00023,0.00023,0.00023,0
1981,Bisacodyl,correct drug name,IN,high,multi,1981,0,Bisacodyl,Bisacodyl,bisacodyl,IN,234350,5.71e-06,5.71e-06,5.71e-06,0,0.25100467,0.25100467,0.25100467,0,0.0,0.0,0.0,0,0.00022,0.00022,0.00022,0,0.00145,0.00145,0.00145,0
1982,Lasix,correct drug name,BN,high,multi,1982,0,Lasix,Lasix,lasix,BN,242304,0.99999952,0.99999952,0.99999952,1,0.16439922,0.16439922,0.16439922,0,0.0,0.0,0.0,0,0.00052,0.00052,0.00052,0,0.00261,0.00261,0.00261,0
1983,Fleet Enema,correct drug name,BN,high,multi,1983,0,Fleet Enema,Fleet Enema,fleet enema,BN,244334,0.99878258,0.99878258,0.99878258,1,0.41099915,0.41099915,0.41099915,1,0.0,0.0,0.0,0,0.00031,0.00031,0.00031,0,0.00046,0.00046,0.00046,0
1985,Ferrous Sulfate,correct drug name,IN,high,multi,1985,0,Ferrous Sulfate,Ferrous Sulfate,ferrous sulfate,IN,251399,0.72224981,0.72224981,0.72224981,1,0.15396444,0.15396444,0.15396444,0,0.0,0.0,0.0,0,0.00023,0.00023,0.00023,0,0.00103,0.00103,0.00103,0
1986,Tubersol,correct drug name,BN,high,multi,1986,0,Tubersol,Tubersol,tubersol,BN,253356,0.00188837,0.00188837,0.00188837,0,0.27188364,0.27188364,0.27188364,0,0.0,0.0,0.0,0,0.0432,0.0432,0.0432,0,0.00609,0.00609,0.00609,0
1987,Docusate Sodium,correct drug name,IN,high,multi,1987,0,Docusate Sodium,Docusate Sodium,docusate sodium,IN,259957,0.0001006,0.0001006,0.0001006,0,0.19629569,0.19629569,0.19629569,0,0.0,0.0,0.0,0,0.00017,0.00017,0.00017,0,0.00031,0.00031,0.00031,0
1988,Metoprolol Tartrate,correct drug name,IN,high,multi,1988,0,Metoprolol Tartrate,Metoprolol Tartrate,metoprolol tartrate,IN,273874,0.46810812,0.46810812,0.46810812,1,0.08750865,0.08750865,0.08750865,0,0.0,0.0,0.0,0,0.0003,0.0003,0.0003,0,0.00034,0.00034,0.00034,0
1989,Lisinopril,correct drug name,IN,high,multi,1989,0,Lisinopril,Lisinopril,lisinopril,IN,280863,0.99276167,0.99276167,0.99276167,1,0.22174425,0.22174425,0.22174425,0,0.0,0.0,0.0,0,0.00029,0.00029,0.00029,0,0.00276,0.00276,0.00276,0
1990,Tylenol,correct drug name,BN,high,multi,1990,0,Tylenol,Tylenol,tylenol,BN,298621,0.05426491,0.05426491,0.05426491,0,0.53993773,0.53993773,0.53993773,1,0.0,0.0,0.0,0,0.00028,0.00028,0.00028,0,0.00035,0.00035,0.00035,0
1992,Gabapentin,correct drug name,IN,high,multi,1992,0,Gabapentin,Gabapentin,gabapentin,IN,329527,0.99990928,0.99990928,0.99990928,1,0.22867833,0.22867833,0.22867833,0,0.0,0.0,0.0,0,0.00023,0.00023,0.00023,0,0.00033,0.00033,0.00033,0
1994,Omeprazole,correct drug name,IN,high,multi,1994,0,Omeprazole,Omeprazole,omeprazole,IN,338850,0.000171,0.000171,0.000171,0,0.17513546,0.17513546,0.17513546,0,0.0,0.0,0.0,0,0.00045,0.00045,0.00045,0,0.00089,0.00089,0.00089,0
1995,Atorvastatin Calcium,correct drug name,IN,high,multi,1995,0,Atorvastatin Calcium,Atorvastatin Calcium,atorvastatin calcium,IN,350145,0.05577093,0.05577093,0.05577093,0,0.15483905,0.15483905,0.15483905,0,0.0,0.0,0.0,0,0.00019,0.00019,0.00019,0,0.00089,0.00089,0.00089,0
1996,MiraLax,correct drug name,BN,high,multi,1996,0,MiraLax,MiraLax,miralax,BN,363024,6.85e-06,6.85e-06,6.85e-06,0,0.34584901,0.34584901,0.34584901,0,0.0,0.0,0.0,0,0.00098,0.00098,0.00098,0,0.00053,0.00053,0.00053,0
1997,Milk of Magnesia,correct drug name,BN,high,multi,1997,0,Milk of Magnesia,Milk of Magnesia,milk of magnesia,BN,458911,0.9999994,0.9999994,0.9999994,1,0.13183811,0.13183811,0.13183811,0,0.0,0.0,0.0,0,0.0002,0.0002,0.0002,0,0.00024,0.00024,0.00024,0
1998,Aspirin,correct drug name,IN,high,multi,1998,0,Aspirin,Aspirin,aspirin,IN,472496,0.1677641,0.1677641,0.1677641,1,0.51850283,0.51850283,0.51850283,1,0.0,0.0,0.0,0,0.00019,0.00019,0.00019,0,0.00044,0.00044,0.00044,0
1999,Acetaminophen,correct drug name,IN,high,multi,1999,0,Acetaminophen,Acetaminophen,acetaminophen,IN,798637,0.87499255,0.87499255,0.87499255,1,0.34574011,0.34574011,0.34574011,0,0.0,0.0,0.0,0,0.00023,0.00023,0.00023,0,0.00023,0.00023,0.00023,0
